transaction_id,merchant_id,timestamp,amount,merchant_category,merchant_size,payment_method,status,failure_reason
T00000001,M00073,2025-09-06 07:53:23,5464.88,SaaS,Small,Net Banking,Success,
T00000002,M00091,2025-02-24 04:35:15,22562.96,Professional Services,Small,Net Banking,Success,
T00000003,M00001,2025-09-20 19:17:46,372.98,Food Delivery,Small,UPI,Success,
T00000004,M00044,2025-01-13 08:14:09,9483.94,Professional Services,Small,Net Banking,Success,
T00000005,M00055,2025-03-26 21:51:13,13705.04,SaaS,Medium,Net Banking,Success,
T00000006,M00044,2025-10-06 01:47:11,21352.5,Professional Services,Small,Net Banking,Success,
T00000007,M00079,2025-07-31 15:13:21,167.8,Food Delivery,Large,Credit Card,Success,
T00000008,M00004,2025-12-04 14:27:58,2419.8,Education,Medium,UPI,Success,
T00000009,M00012,2025-11-09 22:46:47,12525.42,SaaS,Medium,Net Banking,Success,
T00000010,M00081,2025-03-25 14:52:10,543.17,Media,Small,UPI,Success,
T00000011,M00025,2025-05-11 17:17:18,1383.29,Food Delivery,Small,UPI,Success,
T00000012,M00024,2025-05-14 13:53:58,962.8,Gaming,Small,Credit Card,Success,
T00000013,M00007,2025-11-10 10:58:50,3904.68,Gaming,Small,Net Banking,Success,
T00000014,M00046,2025-12-25 04:24:57,15071.82,Professional Services,Small,Net Banking,Success,
T00000015,M00042,2025-08-03 09:23:29,8766.52,Healthcare,Small,Debit Card,Success,
T00000016,M00079,2025-05-21 10:40:57,330.93,Food Delivery,Large,Credit Card,Success,
T00000017,M00083,2025-10-01 15:05:07,2202.73,Retail,Small,Debit Card,Success,
T00000018,M00001,2025-01-31 23:42:54,452.66,Food Delivery,Small,UPI,Success,
T00000019,M00085,2025-12-03 12:12:47,494.11,Gaming,Medium,Wallet,Success,
T00000020,M00063,2025-05-22 16:28:56,5694.23,Healthcare,Small,Credit Card,Success,
T00000021,M00058,2025-05-18 23:21:46,1486.76,Food Delivery,Small,UPI,Success,
T00000022,M00094,2025-09-09 16:07:39,14304.68,SaaS,Small,UPI,Success,
T00000023,M00039,2025-09-04 14:25:35,2426.57,Gaming,Small,UPI,Success,
T00000024,M00043,2025-05-28 08:46:51,7536.42,Professional Services,Small,Wallet,Success,
T00000025,M00062,2025-12-26 09:16:15,3214.31,Retail,Medium,Credit Card,Success,
T00000026,M00042,2025-11-24 07:56:57,6969.5,Healthcare,Small,Debit Card,Success,
T00000027,M00034,2025-01-22 17:22:46,1526.55,Gaming,Medium,Debit Card,Success,
T00000028,M00097,2025-04-14 23:31:33,7826.46,Professional Services,Small,Credit Card,Success,
T00000029,M00068,2025-12-21 15:02:43,2337.61,Retail,Medium,Debit Card,Success,
T00000030,M00013,2025-09-12 13:07:52,1905.09,E-commerce,Small,Debit Card,Success,
T00000031,M00083,2025-12-10 13:50:40,2022.96,Retail,Small,Debit Card,Success,
T00000032,M00017,2025-04-06 18:44:05,8891.5,Professional Services,Small,Credit Card,Success,
T00000033,M00035,2025-07-29 07:37:56,1850.44,Retail,Small,UPI,Success,
T00000034,M00020,2025-06-05 02:40:57,11848.25,Healthcare,Small,Net Banking,Success,
T00000035,M00050,2025-02-23 17:20:43,10425.6,SaaS,Small,Wallet,Success,
T00000036,M00061,2025-02-12 14:00:14,7982.32,SaaS,Medium,UPI,Success,
T00000037,M00049,2025-03-04 03:08:25,1564.01,Retail,Medium,Wallet,Success,
T00000038,M00018,2025-05-29 04:56:58,5624.98,Professional Services,Small,Net Banking,Success,
T00000039,M00045,2025-07-01 18:32:28,551.63,Media,Small,Wallet,Success,
T00000040,M00054,2025-01-05 11:00:39,837.71,Media,Small,Credit Card,Success,
T00000041,M00076,2025-02-14 11:41:58,6485.45,Education,Small,Net Banking,Success,
T00000042,M00097,2025-09-06 22:11:49,4811.41,Professional Services,Small,Credit Card,Success,
T00000043,M00078,2025-04-24 23:37:10,9126.58,SaaS,Medium,Net Banking,Failed,Technical Error
T00000044,M00010,2025-04-13 06:57:49,2216.85,Retail,Medium,UPI,Failed,Bank Decline
T00000045,M00058,2025-07-17 03:56:10,2129.38,Food Delivery,Small,UPI,Success,
T00000046,M00037,2025-09-06 03:26:27,4942.86,Education,Medium,UPI,Success,
T00000047,M00077,2025-03-19 05:59:09,9867.82,Professional Services,Medium,Credit Card,Success,
T00000048,M00009,2025-10-30 09:19:29,1147.55,Gaming,Small,Credit Card,Success,
T00000049,M00008,2025-12-23 16:58:47,17568.21,Travel,Small,Credit Card,Success,
T00000050,M00018,2025-12-27 19:49:36,8081.26,Professional Services,Small,Net Banking,Success,
T00000051,M00013,2025-11-19 23:41:04,2616.15,E-commerce,Small,Debit Card,Success,
T00000052,M00028,2025-08-09 08:08:59,1861.19,E-commerce,Small,UPI,Success,
T00000053,M00042,2025-02-03 06:20:52,9266.12,Healthcare,Small,Debit Card,Failed,Payment Timeout
T00000054,M00015,2025-10-25 10:05:39,1001.19,E-commerce,Medium,UPI,Success,
T00000055,M00072,2025-09-14 05:19:24,544.16,Media,Small,Credit Card,Success,
T00000056,M00043,2025-12-05 19:39:55,5592.67,Professional Services,Small,Wallet,Success,
T00000057,M00018,2025-03-24 06:06:08,11738.75,Professional Services,Small,Net Banking,Success,
T00000058,M00082,2025-10-04 21:09:57,5062.21,Education,Large,Debit Card,Success,
T00000059,M00029,2025-09-18 20:34:34,3325.08,Retail,Small,Debit Card,Success,
T00000060,M00035,2025-02-16 23:50:27,1413.44,Retail,Small,UPI,Success,
T00000061,M00069,2025-01-25 20:45:52,5221.27,Education,Small,Credit Card,Success,
T00000062,M00001,2025-03-27 12:34:29,511.08,Food Delivery,Small,UPI,Success,
T00000063,M00091,2025-10-02 21:33:20,14605.58,Professional Services,Small,Net Banking,Success,
T00000064,M00052,2025-11-30 20:22:57,20766.46,Travel,Medium,Credit Card,Success,
T00000065,M00080,2025-07-19 16:16:56,819.28,Media,Small,Credit Card,Success,
T00000066,M00007,2025-02-21 09:14:08,4272.57,Gaming,Small,Net Banking,Success,
T00000067,M00023,2025-12-09 16:24:22,5001.92,Healthcare,Small,Net Banking,Success,
T00000068,M00085,2025-11-10 14:25:03,352.91,Gaming,Medium,Wallet,Success,
T00000069,M00039,2025-02-06 15:10:48,2487.27,Gaming,Small,UPI,Success,
T00000070,M00097,2025-07-01 08:59:07,8599.67,Professional Services,Small,Credit Card,Success,
T00000071,M00021,2025-01-22 00:54:43,1612.02,E-commerce,Small,UPI,Success,
T00000072,M00077,2025-06-06 08:42:08,1790.75,Professional Services,Medium,Credit Card,Success,
T00000073,M00073,2025-11-07 22:03:46,4547.8,SaaS,Small,Net Banking,Success,
T00000074,M00042,2025-06-24 05:22:52,8172.4,Healthcare,Small,Debit Card,Success,
T00000075,M00075,2025-03-13 06:13:56,564.04,E-commerce,Small,Wallet,Success,
T00000076,M00058,2025-06-22 02:16:40,1717.31,Food Delivery,Small,UPI,Success,
T00000077,M00024,2025-11-29 10:11:22,743.69,Gaming,Small,Credit Card,Failed,Insufficient Funds
T00000078,M00083,2025-02-06 05:16:19,1526.15,Retail,Small,Debit Card,Failed,Bank Decline
T00000079,M00008,2025-03-06 14:07:54,9911.16,Travel,Small,Credit Card,Success,
T00000080,M00061,2025-12-17 11:22:37,9579.56,SaaS,Medium,UPI,Success,
T00000081,M00058,2025-05-28 04:17:07,1822.07,Food Delivery,Small,UPI,Success,
T00000082,M00090,2025-11-01 21:56:09,9314.06,Healthcare,Medium,Debit Card,Success,
T00000083,M00086,2025-06-14 06:42:55,948.81,Food Delivery,Large,UPI,Success,
T00000084,M00029,2025-09-15 01:05:15,2220.7,Retail,Small,Debit Card,Success,
T00000085,M00011,2025-03-02 02:48:39,7964.92,Education,Small,UPI,Success,
T00000086,M00065,2025-10-13 17:34:03,1806.12,E-commerce,Large,Debit Card,Success,
T00000087,M00022,2025-10-18 11:38:15,399.14,Food Delivery,Small,Wallet,Success,
T00000088,M00064,2025-12-24 01:18:32,8517.96,Professional Services,Large,Net Banking,Success,
T00000089,M00053,2025-03-03 03:22:45,5635.05,Education,Small,Net Banking,Success,
T00000090,M00086,2025-01-27 14:39:54,1270.67,Food Delivery,Large,UPI,Success,
T00000091,M00074,2025-09-20 05:26:13,1268.45,Gaming,Medium,Credit Card,Failed,Payment Timeout
T00000092,M00079,2025-04-06 14:53:36,180.46,Food Delivery,Large,Credit Card,Success,
T00000093,M00100,2025-01-16 10:25:08,543.55,E-commerce,Small,UPI,Success,
T00000094,M00027,2025-07-23 00:41:17,1253.75,E-commerce,Large,Credit Card,Success,
T00000095,M00052,2025-04-12 06:30:44,28015.85,Travel,Medium,Credit Card,Success,
T00000096,M00037,2025-06-03 16:59:29,10534.17,Education,Medium,UPI,Success,
T00000097,M00031,2025-09-08 16:30:12,1575.15,Media,Small,Net Banking,Success,
T00000098,M00011,2025-01-29 04:09:03,9230.72,Education,Small,UPI,Success,
T00000099,M00027,2025-08-30 05:37:25,3185.52,E-commerce,Large,Credit Card,Success,
T00000100,M00037,2025-03-24 18:44:31,7161.84,Education,Medium,UPI,Success,
T00000101,M00026,2025-02-21 10:35:04,2744.05,Retail,Medium,Credit Card,Success,
T00000102,M00083,2025-05-24 12:14:31,1177.0,Retail,Small,Debit Card,Success,
T00000103,M00004,2025-06-20 04:10:34,2579.03,Education,Medium,UPI,Success,
T00000104,M00067,2025-11-10 10:43:00,307.96,Food Delivery,Medium,Credit Card,Success,
T00000105,M00008,2025-01-04 00:54:59,11268.02,Travel,Small,Credit Card,Failed,Insufficient Funds
T00000106,M00068,2025-12-08 00:44:11,992.05,Retail,Medium,Debit Card,Success,
T00000107,M00088,2025-02-14 19:52:23,940.91,Food Delivery,Small,UPI,Success,
T00000108,M00026,2025-04-20 10:09:31,1199.77,Retail,Medium,Credit Card,Success,
T00000109,M00048,2025-10-06 16:37:49,567.43,Food Delivery,Medium,Credit Card,Success,
T00000110,M00089,2025-07-16 06:45:13,10675.38,Education,Small,UPI,Success,
T00000111,M00069,2025-12-18 14:20:51,7146.55,Education,Small,Credit Card,Success,
T00000112,M00080,2025-11-19 02:05:04,750.76,Media,Small,Credit Card,Success,
T00000113,M00069,2025-01-02 09:02:53,6083.62,Education,Small,Credit Card,Failed,Bank Decline
T00000114,M00061,2025-10-15 20:46:22,9151.32,SaaS,Medium,UPI,Success,
T00000115,M00002,2025-10-02 01:17:50,887.0,Retail,Small,UPI,Success,
T00000116,M00066,2025-12-09 23:08:53,1537.51,Education,Large,Net Banking,Success,
T00000117,M00057,2025-02-27 21:17:11,4476.39,Healthcare,Medium,Credit Card,Success,
T00000118,M00014,2025-02-27 12:20:02,3273.73,E-commerce,Large,Credit Card,Success,
T00000119,M00084,2025-01-17 05:52:23,321.99,Food Delivery,Small,Net Banking,Success,
T00000120,M00037,2025-12-01 06:19:46,11569.87,Education,Medium,UPI,Success,
T00000121,M00100,2025-05-19 23:01:25,744.59,E-commerce,Small,UPI,Success,
T00000122,M00007,2025-10-30 23:12:37,3608.29,Gaming,Small,Net Banking,Success,
T00000123,M00061,2025-12-06 16:54:48,5249.63,SaaS,Medium,UPI,Success,
T00000124,M00055,2025-12-28 03:07:09,16165.89,SaaS,Medium,Net Banking,Success,
T00000125,M00024,2025-03-05 02:37:34,1262.22,Gaming,Small,Credit Card,Success,
T00000126,M00073,2025-01-10 15:01:32,3643.49,SaaS,Small,Net Banking,Success,
T00000127,M00061,2025-12-26 00:50:46,5291.03,SaaS,Medium,UPI,Success,
T00000128,M00002,2025-12-02 13:39:37,1477.35,Retail,Small,UPI,Success,
T00000129,M00058,2025-04-07 09:05:10,1325.17,Food Delivery,Small,UPI,Success,
T00000130,M00030,2025-12-05 17:11:01,3937.19,E-commerce,Small,UPI,Success,
T00000131,M00056,2025-07-02 19:08:56,5395.04,E-commerce,Large,Credit Card,Success,
T00000132,M00002,2025-04-29 12:35:06,1423.23,Retail,Small,UPI,Success,
T00000133,M00018,2025-12-05 09:19:09,8147.93,Professional Services,Small,Net Banking,Success,
T00000134,M00089,2025-05-08 11:37:23,8227.72,Education,Small,UPI,Success,
T00000135,M00043,2025-01-27 23:02:53,6537.57,Professional Services,Small,Wallet,Success,
T00000136,M00059,2025-06-05 05:16:21,774.03,Retail,Medium,UPI,Success,
T00000137,M00088,2025-11-24 15:29:31,210.16,Food Delivery,Small,UPI,Success,
T00000138,M00030,2025-04-12 10:42:07,2168.28,E-commerce,Small,UPI,Success,
T00000139,M00062,2025-04-14 02:19:33,5921.0,Retail,Medium,Credit Card,Success,
T00000140,M00070,2025-11-02 10:02:30,1244.29,Food Delivery,Large,Debit Card,Success,
T00000141,M00044,2025-08-24 10:16:33,17448.99,Professional Services,Small,Net Banking,Success,
T00000142,M00006,2025-03-15 19:39:45,3279.92,Retail,Small,UPI,Success,
T00000143,M00030,2025-10-03 06:21:27,1718.22,E-commerce,Small,UPI,Success,
T00000144,M00088,2025-09-24 17:58:21,778.63,Food Delivery,Small,UPI,Success,
T00000145,M00067,2025-10-16 03:28:33,508.82,Food Delivery,Medium,Credit Card,Success,
T00000146,M00096,2025-09-15 23:08:38,1367.32,Gaming,Small,UPI,Success,
T00000147,M00067,2025-08-31 00:13:45,399.46,Food Delivery,Medium,Credit Card,Success,
T00000148,M00042,2025-04-27 15:12:23,15183.56,Healthcare,Small,Debit Card,Success,
T00000149,M00073,2025-09-16 23:53:32,2953.9,SaaS,Small,Net Banking,Success,
T00000150,M00075,2025-02-19 10:24:29,685.3,E-commerce,Small,Wallet,Success,
T00000151,M00010,2025-09-16 05:35:29,2781.98,Retail,Medium,UPI,Success,
T00000152,M00080,2025-08-28 01:00:53,661.75,Media,Small,Credit Card,Success,
T00000153,M00037,2025-06-07 16:53:41,7172.97,Education,Medium,UPI,Success,
T00000154,M00027,2025-06-16 22:50:52,1589.45,E-commerce,Large,Credit Card,Success,
T00000155,M00033,2025-08-24 14:29:44,3266.52,E-commerce,Small,UPI,Success,
T00000156,M00051,2025-03-24 23:50:29,2757.28,Retail,Medium,UPI,Success,
T00000157,M00081,2025-11-05 06:09:00,616.14,Media,Small,UPI,Success,
T00000158,M00097,2025-02-02 22:21:06,5010.18,Professional Services,Small,Credit Card,Success,
T00000159,M00045,2025-09-15 19:33:58,2101.81,Media,Small,Wallet,Success,
T00000160,M00067,2025-10-19 17:06:53,413.22,Food Delivery,Medium,Credit Card,Success,
T00000161,M00078,2025-05-01 13:19:08,13501.17,SaaS,Medium,Net Banking,Success,
T00000162,M00091,2025-04-06 02:05:52,20502.28,Professional Services,Small,Net Banking,Failed,Payment Timeout
T00000163,M00095,2025-11-27 00:07:45,599.73,E-commerce,Small,Credit Card,Success,
T00000164,M00093,2025-08-12 13:38:30,4756.84,SaaS,Small,Net Banking,Success,
T00000165,M00050,2025-09-28 10:29:31,9282.71,SaaS,Small,Wallet,Success,
T00000166,M00086,2025-09-25 01:06:19,1357.54,Food Delivery,Large,UPI,Success,
T00000167,M00061,2025-10-19 15:29:46,11258.85,SaaS,Medium,UPI,Success,
T00000168,M00052,2025-03-26 23:44:50,12833.28,Travel,Medium,Credit Card,Success,
T00000169,M00081,2025-09-28 06:22:04,388.26,Media,Small,UPI,Success,
T00000170,M00098,2025-11-26 11:04:04,11734.63,SaaS,Medium,Credit Card,Success,
T00000171,M00054,2025-02-21 18:48:37,1118.63,Media,Small,Credit Card,Failed,Payment Timeout
T00000172,M00080,2025-05-04 05:25:52,457.98,Media,Small,Credit Card,Failed,Authentication Failure
T00000173,M00099,2025-08-26 22:20:00,5314.5,Retail,Small,Wallet,Success,
T00000174,M00067,2025-12-19 04:29:55,216.75,Food Delivery,Medium,Credit Card,Success,
T00000175,M00073,2025-12-15 10:35:08,5245.43,SaaS,Small,Net Banking,Success,
T00000176,M00027,2025-10-19 23:04:03,2393.35,E-commerce,Large,Credit Card,Success,
T00000177,M00091,2025-09-05 15:26:07,15601.32,Professional Services,Small,Net Banking,Success,
T00000178,M00064,2025-04-03 21:55:59,11835.14,Professional Services,Large,Net Banking,Success,
T00000179,M00015,2025-01-31 02:11:49,2106.88,E-commerce,Medium,UPI,Success,
T00000180,M00035,2025-12-13 19:36:48,1503.01,Retail,Small,UPI,Success,
T00000181,M00047,2025-02-23 17:44:23,1965.76,Healthcare,Medium,UPI,Success,
T00000182,M00002,2025-03-25 02:11:07,1142.3,Retail,Small,UPI,Success,
T00000183,M00090,2025-06-08 07:06:05,7759.85,Healthcare,Medium,Debit Card,Success,
T00000184,M00024,2025-11-20 11:06:30,1059.32,Gaming,Small,Credit Card,Success,
T00000185,M00097,2025-12-18 09:42:21,7928.07,Professional Services,Small,Credit Card,Success,
T00000186,M00086,2025-12-09 00:18:54,316.97,Food Delivery,Large,UPI,Success,
T00000187,M00059,2025-05-28 17:24:29,236.29,Retail,Medium,UPI,Success,
T00000188,M00080,2025-06-01 10:56:20,874.63,Media,Small,Credit Card,Success,
T00000189,M00041,2025-11-21 13:33:20,2519.4,E-commerce,Small,Wallet,Success,
T00000190,M00020,2025-08-23 06:43:17,10542.34,Healthcare,Small,Net Banking,Success,
T00000191,M00081,2025-07-09 14:37:42,455.66,Media,Small,UPI,Success,
T00000192,M00084,2025-05-11 12:57:15,549.88,Food Delivery,Small,Net Banking,Success,
T00000193,M00023,2025-11-06 23:13:32,6137.62,Healthcare,Small,Net Banking,Success,
T00000194,M00002,2025-02-19 13:34:38,1015.56,Retail,Small,UPI,Failed,Payment Timeout
T00000195,M00094,2025-01-11 11:20:43,15539.51,SaaS,Small,UPI,Success,
T00000196,M00080,2025-02-02 14:26:49,616.91,Media,Small,Credit Card,Success,
T00000197,M00037,2025-02-22 16:48:39,8152.65,Education,Medium,UPI,Success,
T00000198,M00068,2025-05-08 03:08:52,1275.36,Retail,Medium,Debit Card,Success,
T00000199,M00092,2025-05-07 22:25:25,2988.12,Healthcare,Medium,Debit Card,Success,
T00000200,M00063,2025-11-20 02:05:46,7600.46,Healthcare,Small,Credit Card,Success,
T00000201,M00012,2025-11-21 05:56:01,11267.81,SaaS,Medium,Net Banking,Success,
T00000202,M00075,2025-05-16 21:52:00,605.07,E-commerce,Small,Wallet,Success,
T00000203,M00061,2025-01-27 15:34:10,8728.92,SaaS,Medium,UPI,Success,
T00000204,M00075,2025-04-07 00:50:50,336.64,E-commerce,Small,Wallet,Success,
T00000205,M00071,2025-01-08 21:57:19,2213.8,Retail,Small,Debit Card,Success,
T00000206,M00037,2025-02-14 10:11:12,6125.77,Education,Medium,UPI,Success,
T00000207,M00034,2025-03-26 15:34:36,1170.85,Gaming,Medium,Debit Card,Success,
T00000208,M00096,2025-08-24 07:19:45,1790.85,Gaming,Small,UPI,Success,
T00000209,M00007,2025-10-18 11:10:20,2653.23,Gaming,Small,Net Banking,Success,
T00000210,M00096,2025-05-01 19:05:34,835.34,Gaming,Small,UPI,Success,
T00000211,M00080,2025-01-10 23:20:24,1073.5,Media,Small,Credit Card,Success,
T00000212,M00034,2025-05-26 18:06:51,1254.78,Gaming,Medium,Debit Card,Success,
T00000213,M00064,2025-10-05 16:25:12,8827.09,Professional Services,Large,Net Banking,Success,
T00000214,M00051,2025-04-05 07:31:13,5267.01,Retail,Medium,UPI,Success,
T00000215,M00100,2025-10-28 00:02:37,602.57,E-commerce,Small,UPI,Success,
T00000216,M00043,2025-11-06 05:22:31,7564.21,Professional Services,Small,Wallet,Failed,Insufficient Funds
T00000217,M00013,2025-05-15 20:10:25,1378.43,E-commerce,Small,Debit Card,Success,
T00000218,M00074,2025-09-09 11:32:26,963.97,Gaming,Medium,Credit Card,Success,
T00000219,M00011,2025-11-26 22:37:07,5135.71,Education,Small,UPI,Success,
T00000220,M00054,2025-05-21 15:50:13,1144.41,Media,Small,Credit Card,Success,
T00000221,M00100,2025-11-18 20:06:43,586.85,E-commerce,Small,UPI,Success,
T00000222,M00081,2025-07-22 15:01:55,447.92,Media,Small,UPI,Failed,Network Error
T00000223,M00100,2025-08-28 04:43:09,798.8,E-commerce,Small,UPI,Success,
T00000224,M00091,2025-06-19 03:50:54,11159.48,Professional Services,Small,Net Banking,Success,
T00000225,M00040,2025-08-19 02:15:49,11721.15,Professional Services,Small,Net Banking,Success,
T00000226,M00099,2025-02-03 15:45:24,6719.42,Retail,Small,Wallet,Success,
T00000227,M00098,2025-06-25 01:46:45,12016.64,SaaS,Medium,Credit Card,Success,
T00000228,M00053,2025-05-28 04:26:10,5637.15,Education,Small,Net Banking,Success,
T00000229,M00013,2025-07-11 23:16:13,2701.43,E-commerce,Small,Debit Card,Success,
T00000230,M00037,2025-11-06 20:20:11,6124.82,Education,Medium,UPI,Success,
T00000231,M00045,2025-04-19 14:36:21,3444.0,Media,Small,Wallet,Success,
T00000232,M00051,2025-01-04 22:36:54,2599.56,Retail,Medium,UPI,Success,
T00000233,M00014,2025-03-16 04:46:29,5504.81,E-commerce,Large,Credit Card,Success,
T00000234,M00096,2025-10-22 10:36:24,2123.29,Gaming,Small,UPI,Success,
T00000235,M00015,2025-07-04 21:30:33,1747.08,E-commerce,Medium,UPI,Success,
T00000236,M00059,2025-02-06 03:19:12,589.47,Retail,Medium,UPI,Success,
T00000237,M00018,2025-06-07 01:17:30,7332.82,Professional Services,Small,Net Banking,Success,
T00000238,M00017,2025-07-03 19:06:26,8146.87,Professional Services,Small,Credit Card,Success,
T00000239,M00025,2025-05-14 12:03:04,623.72,Food Delivery,Small,UPI,Success,
T00000240,M00029,2025-09-30 23:04:58,5021.91,Retail,Small,Debit Card,Success,
T00000241,M00012,2025-04-30 01:56:00,10699.84,SaaS,Medium,Net Banking,Success,
T00000242,M00082,2025-02-16 10:19:51,7452.68,Education,Large,Debit Card,Success,
T00000243,M00055,2025-10-24 00:07:19,12181.23,SaaS,Medium,Net Banking,Success,
T00000244,M00044,2025-04-18 09:09:47,12433.58,Professional Services,Small,Net Banking,Success,
T00000245,M00068,2025-10-23 05:39:04,1125.79,Retail,Medium,Debit Card,Success,
T00000246,M00072,2025-03-17 09:18:25,837.07,Media,Small,Credit Card,Success,
T00000247,M00099,2025-05-21 03:39:19,4339.09,Retail,Small,Wallet,Success,
T00000248,M00067,2025-04-17 12:46:00,540.84,Food Delivery,Medium,Credit Card,Success,
T00000249,M00020,2025-01-22 04:13:09,4768.22,Healthcare,Small,Net Banking,Success,
T00000250,M00054,2025-12-04 06:38:42,830.51,Media,Small,Credit Card,Success,
T00000251,M00094,2025-02-09 20:11:10,14820.62,SaaS,Small,UPI,Success,
T00000252,M00072,2025-06-21 01:28:00,625.37,Media,Small,Credit Card,Success,
T00000253,M00062,2025-01-20 22:51:56,4212.25,Retail,Medium,Credit Card,Success,
T00000254,M00002,2025-01-26 09:02:41,1471.56,Retail,Small,UPI,Success,
T00000255,M00003,2025-01-29 18:29:45,2468.27,Education,Small,Credit Card,Success,
T00000256,M00066,2025-11-12 00:23:31,1188.84,Education,Large,Net Banking,Success,
T00000257,M00098,2025-04-28 23:57:08,14175.6,SaaS,Medium,Credit Card,Success,
T00000258,M00060,2025-06-11 15:01:22,658.66,Food Delivery,Medium,Debit Card,Success,
T00000259,M00083,2025-11-04 02:14:19,972.98,Retail,Small,Debit Card,Success,
T00000260,M00009,2025-12-19 19:52:28,525.41,Gaming,Small,Credit Card,Success,
T00000261,M00048,2025-12-01 01:20:03,554.13,Food Delivery,Medium,Credit Card,Success,
T00000262,M00059,2025-01-24 09:23:13,678.27,Retail,Medium,UPI,Success,
T00000263,M00019,2025-10-15 10:07:56,6572.34,E-commerce,Medium,Wallet,Success,
T00000264,M00020,2025-04-13 18:40:50,11006.04,Healthcare,Small,Net Banking,Success,
T00000265,M00089,2025-03-02 23:52:41,7912.41,Education,Small,UPI,Success,
T00000266,M00095,2025-06-08 15:39:35,796.73,E-commerce,Small,Credit Card,Success,
T00000267,M00069,2025-08-19 14:43:17,6108.16,Education,Small,Credit Card,Success,
T00000268,M00051,2025-04-20 19:07:34,3869.94,Retail,Medium,UPI,Success,
T00000269,M00071,2025-06-26 07:52:43,3155.93,Retail,Small,Debit Card,Success,
T00000270,M00020,2025-11-04 06:57:48,9287.67,Healthcare,Small,Net Banking,Success,
T00000271,M00063,2025-09-14 18:40:21,5308.99,Healthcare,Small,Credit Card,Success,
T00000272,M00081,2025-03-29 07:22:33,348.68,Media,Small,UPI,Success,
T00000273,M00063,2025-12-19 19:00:30,4898.29,Healthcare,Small,Credit Card,Success,
T00000274,M00033,2025-11-04 19:50:01,4694.53,E-commerce,Small,UPI,Success,
T00000275,M00067,2025-10-18 20:47:30,674.47,Food Delivery,Medium,Credit Card,Success,
T00000276,M00100,2025-07-02 00:34:54,279.1,E-commerce,Small,UPI,Success,
T00000277,M00082,2025-09-29 17:59:26,5202.82,Education,Large,Debit Card,Success,
T00000278,M00014,2025-06-20 00:12:30,4437.46,E-commerce,Large,Credit Card,Success,
T00000279,M00081,2025-01-16 11:31:45,590.49,Media,Small,UPI,Success,
T00000280,M00040,2025-01-11 01:04:41,8638.62,Professional Services,Small,Net Banking,Success,
T00000281,M00016,2025-09-19 20:54:58,1220.47,Retail,Medium,Debit Card,Failed,Technical Error
T00000282,M00054,2025-11-16 00:12:03,650.11,Media,Small,Credit Card,Success,
T00000283,M00024,2025-01-16 14:59:10,831.48,Gaming,Small,Credit Card,Success,
T00000284,M00099,2025-06-21 17:52:36,3458.77,Retail,Small,Wallet,Success,
T00000285,M00060,2025-03-12 11:36:05,779.92,Food Delivery,Medium,Debit Card,Success,
T00000286,M00082,2025-02-05 10:26:27,6428.78,Education,Large,Debit Card,Success,
T00000287,M00085,2025-06-08 14:04:48,321.14,Gaming,Medium,Wallet,Success,
T00000288,M00017,2025-05-09 01:59:34,14859.1,Professional Services,Small,Credit Card,Success,
T00000289,M00073,2025-07-12 10:06:21,3284.83,SaaS,Small,Net Banking,Success,
T00000290,M00069,2025-08-02 15:16:19,11251.69,Education,Small,Credit Card,Success,
T00000291,M00088,2025-02-04 04:46:36,610.46,Food Delivery,Small,UPI,Failed,Authentication Failure
T00000292,M00013,2025-12-02 21:33:03,3019.48,E-commerce,Small,Debit Card,Success,
T00000293,M00090,2025-01-01 10:43:43,7368.46,Healthcare,Medium,Debit Card,Success,
T00000294,M00085,2025-03-14 20:23:45,283.73,Gaming,Medium,Wallet,Success,
T00000295,M00033,2025-08-30 19:22:05,4096.86,E-commerce,Small,UPI,Success,
T00000296,M00004,2025-03-21 01:18:01,1211.11,Education,Medium,UPI,Success,
T00000297,M00043,2025-02-20 21:07:54,6811.99,Professional Services,Small,Wallet,Success,
T00000298,M00090,2025-02-17 03:46:23,7964.85,Healthcare,Medium,Debit Card,Success,
T00000299,M00086,2025-09-02 16:13:59,935.28,Food Delivery,Large,UPI,Success,
T00000300,M00073,2025-08-02 22:11:30,3410.69,SaaS,Small,Net Banking,Success,
T00000301,M00066,2025-06-08 10:44:55,2686.72,Education,Large,Net Banking,Success,
T00000302,M00090,2025-06-29 05:00:21,14072.87,Healthcare,Medium,Debit Card,Failed,Technical Error
T00000303,M00071,2025-11-20 04:08:11,3678.35,Retail,Small,Debit Card,Success,
T00000304,M00049,2025-10-01 22:54:46,2274.7,Retail,Medium,Wallet,Success,
T00000305,M00007,2025-11-21 04:11:27,1960.24,Gaming,Small,Net Banking,Success,
T00000306,M00007,2025-02-26 04:09:39,3067.2,Gaming,Small,Net Banking,Success,
T00000307,M00076,2025-12-25 00:26:02,4580.48,Education,Small,Net Banking,Success,
T00000308,M00087,2025-01-28 02:40:37,1334.71,Media,Small,Wallet,Success,
T00000309,M00023,2025-11-03 19:23:28,8411.11,Healthcare,Small,Net Banking,Success,
T00000310,M00016,2025-04-14 18:13:46,795.46,Retail,Medium,Debit Card,Success,
T00000311,M00068,2025-04-20 20:15:01,1357.5,Retail,Medium,Debit Card,Success,
T00000312,M00099,2025-09-14 07:05:37,1845.6,Retail,Small,Wallet,Success,
T00000313,M00094,2025-02-27 17:00:34,7846.13,SaaS,Small,UPI,Success,
T00000314,M00086,2025-10-24 06:29:19,1258.05,Food Delivery,Large,UPI,Success,
T00000315,M00086,2025-06-26 20:07:09,1753.52,Food Delivery,Large,UPI,Failed,Bank Decline
T00000316,M00079,2025-08-11 01:32:25,176.9,Food Delivery,Large,Credit Card,Success,
T00000317,M00055,2025-11-29 10:37:09,13311.91,SaaS,Medium,Net Banking,Success,
T00000318,M00072,2025-10-01 21:12:00,792.93,Media,Small,Credit Card,Success,
T00000319,M00021,2025-05-29 01:19:54,1789.0,E-commerce,Small,UPI,Success,
T00000320,M00090,2025-03-01 01:43:27,11972.59,Healthcare,Medium,Debit Card,Success,
T00000321,M00001,2025-01-15 09:02:52,589.57,Food Delivery,Small,UPI,Success,
T00000322,M00040,2025-02-08 23:27:57,19540.31,Professional Services,Small,Net Banking,Success,
T00000323,M00067,2025-06-20 23:57:04,793.28,Food Delivery,Medium,Credit Card,Success,
T00000324,M00024,2025-02-25 23:37:33,1135.36,Gaming,Small,Credit Card,Success,
T00000325,M00079,2025-09-12 07:00:15,262.57,Food Delivery,Large,Credit Card,Success,
T00000326,M00086,2025-04-13 22:11:28,1104.44,Food Delivery,Large,UPI,Success,
T00000327,M00077,2025-09-27 00:28:29,6889.95,Professional Services,Medium,Credit Card,Success,
T00000328,M00093,2025-09-19 21:28:02,7606.3,SaaS,Small,Net Banking,Success,
T00000329,M00013,2025-05-28 13:56:39,3408.46,E-commerce,Small,Debit Card,Success,
T00000330,M00046,2025-07-09 12:00:00,12175.4,Professional Services,Small,Net Banking,Success,
T00000331,M00038,2025-01-14 22:36:13,2692.67,Education,Small,Debit Card,Success,
T00000332,M00052,2025-04-22 14:33:59,21039.46,Travel,Medium,Credit Card,Failed,Technical Error
T00000333,M00049,2025-02-05 02:23:47,1264.68,Retail,Medium,Wallet,Success,
T00000334,M00058,2025-12-05 21:01:40,1480.5,Food Delivery,Small,UPI,Success,
T00000335,M00010,2025-03-06 14:37:55,1521.28,Retail,Medium,UPI,Success,
T00000336,M00084,2025-11-06 04:35:41,163.53,Food Delivery,Small,Net Banking,Success,
T00000337,M00050,2025-05-20 05:07:13,10568.01,SaaS,Small,Wallet,Success,
T00000338,M00046,2025-08-08 18:49:54,15478.33,Professional Services,Small,Net Banking,Success,
T00000339,M00019,2025-03-11 22:15:06,4923.65,E-commerce,Medium,Wallet,Success,
T00000340,M00088,2025-08-29 16:07:09,754.43,Food Delivery,Small,UPI,Success,
T00000341,M00086,2025-07-13 06:35:41,1290.3,Food Delivery,Large,UPI,Success,
T00000342,M00022,2025-04-09 15:14:25,378.67,Food Delivery,Small,Wallet,Success,
T00000343,M00066,2025-09-16 23:24:21,2326.9,Education,Large,Net Banking,Success,
T00000344,M00097,2025-09-21 03:47:28,7506.57,Professional Services,Small,Credit Card,Success,
T00000345,M00049,2025-01-29 16:26:34,1072.52,Retail,Medium,Wallet,Success,
T00000346,M00006,2025-09-06 03:20:25,3658.1,Retail,Small,UPI,Failed,Technical Error
T00000347,M00028,2025-04-08 03:05:03,1773.86,E-commerce,Small,UPI,Failed,Authentication Failure
T00000348,M00082,2025-02-11 10:04:49,6909.58,Education,Large,Debit Card,Success,
T00000349,M00057,2025-08-11 02:42:21,8291.62,Healthcare,Medium,Credit Card,Success,
T00000350,M00078,2025-01-09 12:29:30,15633.41,SaaS,Medium,Net Banking,Failed,Technical Error
T00000351,M00051,2025-06-03 17:10:36,3588.03,Retail,Medium,UPI,Success,
T00000352,M00013,2025-10-17 04:48:59,3357.87,E-commerce,Small,Debit Card,Failed,Payment Timeout
T00000353,M00073,2025-10-17 09:30:28,1390.18,SaaS,Small,Net Banking,Success,
T00000354,M00077,2025-11-07 05:54:57,7741.96,Professional Services,Medium,Credit Card,Success,
T00000355,M00091,2025-11-08 10:32:51,12740.55,Professional Services,Small,Net Banking,Success,
T00000356,M00004,2025-09-21 05:13:21,2801.84,Education,Medium,UPI,Success,
T00000357,M00082,2025-10-26 01:20:45,4467.5,Education,Large,Debit Card,Success,
T00000358,M00038,2025-12-17 20:19:58,1665.24,Education,Small,Debit Card,Success,
T00000359,M00031,2025-01-16 07:26:42,1513.05,Media,Small,Net Banking,Success,
T00000360,M00043,2025-10-12 10:05:16,6876.0,Professional Services,Small,Wallet,Success,
T00000361,M00090,2025-12-20 06:20:44,7985.34,Healthcare,Medium,Debit Card,Success,
T00000362,M00069,2025-02-21 07:49:06,9768.56,Education,Small,Credit Card,Success,
T00000363,M00080,2025-12-07 09:12:17,1080.53,Media,Small,Credit Card,Success,
T00000364,M00042,2025-11-19 12:33:57,9235.0,Healthcare,Small,Debit Card,Success,
T00000365,M00067,2025-12-21 23:33:13,597.64,Food Delivery,Medium,Credit Card,Success,
T00000366,M00098,2025-10-17 22:26:14,8223.32,SaaS,Medium,Credit Card,Success,
T00000367,M00080,2025-11-09 07:59:26,1250.05,Media,Small,Credit Card,Success,
T00000368,M00042,2025-03-29 14:52:52,14924.83,Healthcare,Small,Debit Card,Success,
T00000369,M00062,2025-10-09 06:11:20,3664.66,Retail,Medium,Credit Card,Success,
T00000370,M00074,2025-08-05 10:31:48,775.04,Gaming,Medium,Credit Card,Success,
T00000371,M00020,2025-11-04 01:41:24,6911.84,Healthcare,Small,Net Banking,Success,
T00000372,M00096,2025-05-24 03:28:02,1951.64,Gaming,Small,UPI,Success,
T00000373,M00074,2025-09-19 02:40:13,1035.79,Gaming,Medium,Credit Card,Success,
T00000374,M00089,2025-05-25 06:23:07,9988.98,Education,Small,UPI,Success,
T00000375,M00035,2025-04-01 19:22:41,1126.87,Retail,Small,UPI,Success,
T00000376,M00083,2025-05-08 09:14:24,1690.43,Retail,Small,Debit Card,Success,
T00000377,M00016,2025-03-27 23:17:30,755.97,Retail,Medium,Debit Card,Success,
T00000378,M00043,2025-09-30 06:30:46,3481.25,Professional Services,Small,Wallet,Success,
T00000379,M00072,2025-06-08 13:35:35,928.97,Media,Small,Credit Card,Success,
T00000380,M00004,2025-07-11 07:35:39,2216.08,Education,Medium,UPI,Success,
T00000381,M00090,2025-04-02 04:29:41,10417.8,Healthcare,Medium,Debit Card,Success,
T00000382,M00008,2025-09-18 09:23:04,12418.71,Travel,Small,Credit Card,Failed,Technical Error
T00000383,M00066,2025-07-29 18:57:32,858.18,Education,Large,Net Banking,Success,
T00000384,M00002,2025-06-11 03:00:14,1143.16,Retail,Small,UPI,Success,
T00000385,M00015,2025-11-20 18:34:57,1537.56,E-commerce,Medium,UPI,Success,
T00000386,M00089,2025-01-13 16:56:16,7884.27,Education,Small,UPI,Success,
T00000387,M00091,2025-03-26 09:06:00,5314.28,Professional Services,Small,Net Banking,Success,
T00000388,M00006,2025-02-08 14:03:07,4181.83,Retail,Small,UPI,Failed,Network Error
T00000389,M00098,2025-07-31 10:47:22,16037.96,SaaS,Medium,Credit Card,Success,
T00000390,M00004,2025-04-18 03:24:05,1566.3,Education,Medium,UPI,Success,
T00000391,M00008,2025-02-17 10:36:39,21251.82,Travel,Small,Credit Card,Success,
T00000392,M00006,2025-03-24 08:58:10,2742.46,Retail,Small,UPI,Success,
T00000393,M00085,2025-08-20 21:48:13,452.8,Gaming,Medium,Wallet,Success,
T00000394,M00074,2025-02-18 21:41:44,1041.06,Gaming,Medium,Credit Card,Success,
T00000395,M00020,2025-03-21 16:39:16,12421.65,Healthcare,Small,Net Banking,Success,
T00000396,M00048,2025-03-25 20:48:44,920.63,Food Delivery,Medium,Credit Card,Success,
T00000397,M00050,2025-04-01 11:42:18,11030.42,SaaS,Small,Wallet,Success,
T00000398,M00071,2025-01-02 02:25:45,3029.54,Retail,Small,Debit Card,Success,
T00000399,M00066,2025-02-26 04:35:22,2072.7,Education,Large,Net Banking,Success,
T00000400,M00091,2025-02-12 16:35:16,16621.12,Professional Services,Small,Net Banking,Success,
T00000401,M00086,2025-01-11 00:17:18,1345.35,Food Delivery,Large,UPI,Success,
T00000402,M00088,2025-08-17 16:30:25,823.65,Food Delivery,Small,UPI,Success,
T00000403,M00070,2025-03-09 16:05:32,1117.97,Food Delivery,Large,Debit Card,Success,
T00000404,M00067,2025-02-14 03:17:17,597.59,Food Delivery,Medium,Credit Card,Success,
T00000405,M00039,2025-07-04 22:56:02,1440.41,Gaming,Small,UPI,Success,
T00000406,M00065,2025-06-25 12:59:45,1648.1,E-commerce,Large,Debit Card,Success,
T00000407,M00066,2025-08-27 21:12:40,2272.62,Education,Large,Net Banking,Success,
T00000408,M00040,2025-07-22 12:16:39,14345.59,Professional Services,Small,Net Banking,Success,
T00000409,M00002,2025-09-07 20:22:11,1017.09,Retail,Small,UPI,Success,
T00000410,M00048,2025-06-05 23:20:38,740.65,Food Delivery,Medium,Credit Card,Success,
T00000411,M00057,2025-02-11 22:16:37,3384.58,Healthcare,Medium,Credit Card,Success,
T00000412,M00084,2025-02-01 09:01:18,434.94,Food Delivery,Small,Net Banking,Success,
T00000413,M00041,2025-02-27 14:34:17,5438.99,E-commerce,Small,Wallet,Success,
T00000414,M00051,2025-08-01 23:03:08,4182.64,Retail,Medium,UPI,Success,
T00000415,M00045,2025-05-28 22:17:10,3516.39,Media,Small,Wallet,Success,
T00000416,M00013,2025-08-24 02:59:12,2397.72,E-commerce,Small,Debit Card,Success,
T00000417,M00054,2025-11-05 00:11:28,808.36,Media,Small,Credit Card,Success,
T00000418,M00091,2025-10-26 15:15:07,7525.25,Professional Services,Small,Net Banking,Success,
T00000419,M00041,2025-12-03 02:58:23,4776.19,E-commerce,Small,Wallet,Success,
T00000420,M00063,2025-05-12 15:04:17,6577.38,Healthcare,Small,Credit Card,Success,
T00000421,M00087,2025-06-04 20:26:04,1663.21,Media,Small,Wallet,Success,
T00000422,M00096,2025-09-16 07:15:16,1820.24,Gaming,Small,UPI,Success,
T00000423,M00081,2025-03-01 06:41:52,372.87,Media,Small,UPI,Success,
T00000424,M00096,2025-02-03 03:39:12,1170.12,Gaming,Small,UPI,Success,
T00000425,M00016,2025-02-07 12:02:44,1005.48,Retail,Medium,Debit Card,Success,
T00000426,M00071,2025-01-24 07:03:47,1872.82,Retail,Small,Debit Card,Success,
T00000427,M00095,2025-08-07 02:21:53,338.7,E-commerce,Small,Credit Card,Success,
T00000428,M00028,2025-12-06 06:36:39,1953.2,E-commerce,Small,UPI,Success,
T00000429,M00013,2025-10-19 09:09:21,993.66,E-commerce,Small,Debit Card,Success,
T00000430,M00074,2025-04-22 16:54:01,1388.77,Gaming,Medium,Credit Card,Success,
T00000431,M00029,2025-05-17 13:34:48,5267.85,Retail,Small,Debit Card,Success,
T00000432,M00097,2025-07-07 06:19:51,8847.37,Professional Services,Small,Credit Card,Success,
T00000433,M00003,2025-02-12 00:40:06,3211.91,Education,Small,Credit Card,Success,
T00000434,M00093,2025-04-19 04:26:38,9274.7,SaaS,Small,Net Banking,Success,
T00000435,M00056,2025-11-10 11:50:54,3214.81,E-commerce,Large,Credit Card,Success,
T00000436,M00083,2025-08-30 10:53:09,1834.38,Retail,Small,Debit Card,Success,
T00000437,M00064,2025-09-07 14:23:25,4809.82,Professional Services,Large,Net Banking,Success,
T00000438,M00060,2025-09-27 07:37:11,505.7,Food Delivery,Medium,Debit Card,Success,
T00000439,M00024,2025-03-12 01:35:58,758.25,Gaming,Small,Credit Card,Success,
T00000440,M00037,2025-05-17 07:46:31,10871.13,Education,Medium,UPI,Success,
T00000441,M00064,2025-12-04 19:42:29,9959.69,Professional Services,Large,Net Banking,Success,
T00000442,M00072,2025-10-15 18:19:55,1169.1,Media,Small,Credit Card,Success,
T00000443,M00046,2025-01-12 21:44:41,18108.46,Professional Services,Small,Net Banking,Success,
T00000444,M00038,2025-06-26 04:17:06,3861.03,Education,Small,Debit Card,Success,
T00000445,M00068,2025-05-24 17:08:41,1335.81,Retail,Medium,Debit Card,Failed,Payment Timeout
T00000446,M00053,2025-02-02 23:51:25,5260.76,Education,Small,Net Banking,Success,
T00000447,M00009,2025-03-02 10:06:35,995.14,Gaming,Small,Credit Card,Success,
T00000448,M00062,2025-04-16 16:10:56,5729.91,Retail,Medium,Credit Card,Success,
T00000449,M00022,2025-06-14 16:06:14,280.83,Food Delivery,Small,Wallet,Success,
T00000450,M00033,2025-10-21 04:34:48,4145.77,E-commerce,Small,UPI,Success,
T00000451,M00031,2025-05-15 01:14:39,1334.12,Media,Small,Net Banking,Success,
T00000452,M00039,2025-07-08 23:44:45,2177.75,Gaming,Small,UPI,Success,
T00000453,M00046,2025-04-30 18:40:37,17824.18,Professional Services,Small,Net Banking,Success,
T00000454,M00025,2025-01-03 23:38:55,1215.07,Food Delivery,Small,UPI,Success,
T00000455,M00010,2025-03-24 00:50:36,2067.97,Retail,Medium,UPI,Success,
T00000456,M00065,2025-02-16 14:20:06,745.01,E-commerce,Large,Debit Card,Success,
T00000457,M00015,2025-10-18 02:40:34,1900.1,E-commerce,Medium,UPI,Success,
T00000458,M00006,2025-03-31 08:47:14,3550.57,Retail,Small,UPI,Success,
T00000459,M00094,2025-11-20 15:25:26,10032.68,SaaS,Small,UPI,Success,
T00000460,M00006,2025-10-16 04:19:35,2516.11,Retail,Small,UPI,Success,
T00000461,M00088,2025-01-08 06:41:01,602.01,Food Delivery,Small,UPI,Success,
T00000462,M00072,2025-06-16 17:13:10,896.18,Media,Small,Credit Card,Success,
T00000463,M00097,2025-10-03 13:00:34,6125.04,Professional Services,Small,Credit Card,Success,
T00000464,M00045,2025-05-07 03:03:31,2077.72,Media,Small,Wallet,Success,
T00000465,M00089,2025-08-29 01:20:42,4291.14,Education,Small,UPI,Success,
T00000466,M00094,2025-06-19 14:26:55,12966.25,SaaS,Small,UPI,Success,
T00000467,M00082,2025-04-05 11:52:26,4663.85,Education,Large,Debit Card,Success,
T00000468,M00007,2025-12-05 01:52:32,3310.02,Gaming,Small,Net Banking,Success,
T00000469,M00097,2025-05-12 20:29:35,7947.64,Professional Services,Small,Credit Card,Success,
T00000470,M00013,2025-09-03 22:04:54,3673.66,E-commerce,Small,Debit Card,Success,
T00000471,M00014,2025-07-18 01:05:51,4600.1,E-commerce,Large,Credit Card,Success,
T00000472,M00098,2025-11-15 01:09:15,17643.1,SaaS,Medium,Credit Card,Success,
T00000473,M00086,2025-02-27 08:34:08,1145.95,Food Delivery,Large,UPI,Success,
T00000474,M00049,2025-08-22 22:45:55,1688.44,Retail,Medium,Wallet,Success,
T00000475,M00083,2025-10-22 19:48:46,1408.55,Retail,Small,Debit Card,Success,
T00000476,M00039,2025-07-11 21:30:16,1665.75,Gaming,Small,UPI,Success,
T00000477,M00097,2025-08-07 22:23:43,7421.6,Professional Services,Small,Credit Card,Success,
T00000478,M00078,2025-08-08 05:26:41,8808.7,SaaS,Medium,Net Banking,Success,
T00000479,M00084,2025-08-31 12:57:53,269.97,Food Delivery,Small,Net Banking,Success,
T00000480,M00026,2025-06-20 18:53:11,3007.06,Retail,Medium,Credit Card,Success,
T00000481,M00059,2025-06-21 17:40:40,519.12,Retail,Medium,UPI,Success,
T00000482,M00063,2025-05-17 16:20:21,3020.98,Healthcare,Small,Credit Card,Success,
T00000483,M00062,2025-05-01 13:12:39,3908.74,Retail,Medium,Credit Card,Success,
T00000484,M00068,2025-04-22 11:45:06,1514.15,Retail,Medium,Debit Card,Success,
T00000485,M00021,2025-12-02 15:23:38,3034.11,E-commerce,Small,UPI,Success,
T00000486,M00032,2025-05-30 07:38:11,2616.8,Retail,Medium,Credit Card,Success,
T00000487,M00044,2025-08-04 06:36:10,22365.45,Professional Services,Small,Net Banking,Success,
T00000488,M00019,2025-12-20 00:57:34,4002.39,E-commerce,Medium,Wallet,Success,
T00000489,M00041,2025-09-11 03:33:55,5146.27,E-commerce,Small,Wallet,Success,
T00000490,M00098,2025-01-25 00:42:16,16353.47,SaaS,Medium,Credit Card,Success,
T00000491,M00023,2025-11-11 22:45:30,8807.34,Healthcare,Small,Net Banking,Success,
T00000492,M00032,2025-07-15 22:44:15,2231.6,Retail,Medium,Credit Card,Success,
T00000493,M00061,2025-01-16 04:49:51,8082.08,SaaS,Medium,UPI,Success,
T00000494,M00047,2025-07-23 00:21:53,2217.1,Healthcare,Medium,UPI,Success,
T00000495,M00022,2025-05-22 07:46:29,343.91,Food Delivery,Small,Wallet,Success,
T00000496,M00011,2025-05-12 09:48:37,8687.87,Education,Small,UPI,Success,
T00000497,M00004,2025-01-21 08:04:55,2309.04,Education,Medium,UPI,Success,
T00000498,M00019,2025-02-06 16:51:33,2697.44,E-commerce,Medium,Wallet,Success,
T00000499,M00067,2025-05-31 03:02:22,464.19,Food Delivery,Medium,Credit Card,Success,
T00000500,M00072,2025-12-18 23:43:34,1278.88,Media,Small,Credit Card,Success,
T00000501,M00096,2025-02-28 09:34:51,1366.81,Gaming,Small,UPI,Success,
T00000502,M00015,2025-05-16 20:33:57,2978.86,E-commerce,Medium,UPI,Success,
T00000503,M00063,2025-09-12 18:52:23,4505.46,Healthcare,Small,Credit Card,Success,
T00000504,M00065,2025-02-02 21:38:18,1082.23,E-commerce,Large,Debit Card,Success,
T00000505,M00077,2025-05-27 06:54:20,6371.02,Professional Services,Medium,Credit Card,Success,
T00000506,M00006,2025-09-30 22:51:30,2629.88,Retail,Small,UPI,Success,
T00000507,M00014,2025-10-14 21:52:44,6483.53,E-commerce,Large,Credit Card,Success,
T00000508,M00038,2025-09-18 09:06:11,3176.67,Education,Small,Debit Card,Success,
T00000509,M00001,2025-05-21 12:28:56,479.11,Food Delivery,Small,UPI,Success,
T00000510,M00067,2025-05-13 17:10:34,532.42,Food Delivery,Medium,Credit Card,Failed,Authentication Failure
T00000511,M00036,2025-03-16 13:37:06,880.8,Food Delivery,Medium,UPI,Success,
T00000512,M00050,2025-11-24 22:38:34,13930.07,SaaS,Small,Wallet,Success,
T00000513,M00037,2025-07-17 04:00:39,7770.77,Education,Medium,UPI,Success,
T00000514,M00097,2025-01-15 15:49:55,3166.18,Professional Services,Small,Credit Card,Success,
T00000515,M00087,2025-12-07 08:34:21,1911.75,Media,Small,Wallet,Success,
T00000516,M00084,2025-03-05 00:15:13,351.99,Food Delivery,Small,Net Banking,Success,
T00000517,M00048,2025-09-27 01:47:21,813.47,Food Delivery,Medium,Credit Card,Success,
T00000518,M00087,2025-06-19 23:24:42,863.2,Media,Small,Wallet,Success,
T00000519,M00094,2025-05-22 11:30:59,10492.93,SaaS,Small,UPI,Success,
T00000520,M00033,2025-04-21 15:43:14,3231.88,E-commerce,Small,UPI,Success,
T00000521,M00015,2025-11-01 09:32:55,1437.22,E-commerce,Medium,UPI,Success,
T00000522,M00011,2025-11-11 00:55:14,8256.34,Education,Small,UPI,Success,
T00000523,M00048,2025-12-18 01:39:05,869.82,Food Delivery,Medium,Credit Card,Failed,Authentication Failure
T00000524,M00043,2025-06-29 07:10:09,3977.0,Professional Services,Small,Wallet,Success,
T00000525,M00001,2025-10-30 04:38:30,278.15,Food Delivery,Small,UPI,Failed,Bank Decline
T00000526,M00002,2025-11-08 04:16:38,1150.46,Retail,Small,UPI,Success,
T00000527,M00034,2025-12-06 00:58:03,1511.34,Gaming,Medium,Debit Card,Success,
T00000528,M00083,2025-08-04 08:41:39,2249.28,Retail,Small,Debit Card,Failed,Technical Error
T00000529,M00099,2025-11-25 12:17:14,3592.62,Retail,Small,Wallet,Success,
T00000530,M00008,2025-03-04 06:13:09,13667.29,Travel,Small,Credit Card,Success,
T00000531,M00039,2025-12-18 14:03:55,860.26,Gaming,Small,UPI,Success,
T00000532,M00082,2025-12-20 14:31:16,6161.96,Education,Large,Debit Card,Success,
T00000533,M00043,2025-06-25 04:49:03,8022.49,Professional Services,Small,Wallet,Success,
T00000534,M00009,2025-06-03 23:13:07,437.92,Gaming,Small,Credit Card,Success,
T00000535,M00010,2025-04-02 13:36:39,1776.17,Retail,Medium,UPI,Success,
T00000536,M00026,2025-05-04 18:21:29,1895.47,Retail,Medium,Credit Card,Success,
T00000537,M00079,2025-11-22 21:41:23,221.2,Food Delivery,Large,Credit Card,Success,
T00000538,M00011,2025-01-15 21:00:41,5436.83,Education,Small,UPI,Success,
T00000539,M00028,2025-11-19 05:56:18,1040.21,E-commerce,Small,UPI,Success,
T00000540,M00049,2025-07-02 04:25:23,1586.17,Retail,Medium,Wallet,Success,
T00000541,M00037,2025-01-03 00:56:40,7584.81,Education,Medium,UPI,Success,
T00000542,M00024,2025-02-28 01:37:25,792.09,Gaming,Small,Credit Card,Success,
T00000543,M00030,2025-10-10 10:19:10,1952.07,E-commerce,Small,UPI,Success,
T00000544,M00050,2025-04-03 06:58:02,9608.01,SaaS,Small,Wallet,Success,
T00000545,M00033,2025-01-19 13:03:25,4153.51,E-commerce,Small,UPI,Success,
T00000546,M00035,2025-01-25 09:24:18,2727.49,Retail,Small,UPI,Success,
T00000547,M00098,2025-12-18 12:34:49,7452.46,SaaS,Medium,Credit Card,Success,
T00000548,M00005,2025-08-12 07:49:50,25188.25,Travel,Small,Net Banking,Success,
T00000549,M00095,2025-02-25 18:13:59,575.1,E-commerce,Small,Credit Card,Success,
T00000550,M00069,2025-08-10 14:58:16,6717.17,Education,Small,Credit Card,Success,
T00000551,M00084,2025-09-16 00:23:21,343.05,Food Delivery,Small,Net Banking,Success,
T00000552,M00009,2025-07-24 07:13:45,552.31,Gaming,Small,Credit Card,Success,
T00000553,M00013,2025-11-02 09:53:39,3351.27,E-commerce,Small,Debit Card,Success,
T00000554,M00018,2025-07-02 13:58:35,7848.06,Professional Services,Small,Net Banking,Success,
T00000555,M00032,2025-05-31 05:59:42,3273.59,Retail,Medium,Credit Card,Success,
T00000556,M00047,2025-11-03 05:32:21,1631.45,Healthcare,Medium,UPI,Success,
T00000557,M00059,2025-04-04 15:27:23,778.09,Retail,Medium,UPI,Success,
T00000558,M00003,2025-10-13 12:26:21,2405.36,Education,Small,Credit Card,Success,
T00000559,M00037,2025-02-21 19:28:03,9853.51,Education,Medium,UPI,Success,
T00000560,M00082,2025-03-09 23:56:56,7139.25,Education,Large,Debit Card,Success,
T00000561,M00068,2025-09-23 21:42:14,814.87,Retail,Medium,Debit Card,Success,
T00000562,M00034,2025-11-12 03:42:23,1665.47,Gaming,Medium,Debit Card,Success,
T00000563,M00084,2025-10-06 02:01:25,440.86,Food Delivery,Small,Net Banking,Success,
T00000564,M00013,2025-01-18 00:18:14,1633.06,E-commerce,Small,Debit Card,Success,
T00000565,M00072,2025-12-11 00:09:53,1456.36,Media,Small,Credit Card,Success,
T00000566,M00075,2025-11-13 16:08:07,694.73,E-commerce,Small,Wallet,Success,
T00000567,M00054,2025-04-09 09:03:19,1393.17,Media,Small,Credit Card,Success,
T00000568,M00054,2025-12-01 19:42:48,1076.85,Media,Small,Credit Card,Success,
T00000569,M00036,2025-12-03 05:49:29,745.08,Food Delivery,Medium,UPI,Success,
T00000570,M00047,2025-06-19 16:40:55,1343.69,Healthcare,Medium,UPI,Success,
T00000571,M00060,2025-10-16 16:07:47,178.35,Food Delivery,Medium,Debit Card,Success,
T00000572,M00040,2025-03-14 13:15:45,16061.43,Professional Services,Small,Net Banking,Success,
T00000573,M00062,2025-07-13 05:15:14,2719.68,Retail,Medium,Credit Card,Success,
T00000574,M00028,2025-02-02 01:59:42,3282.37,E-commerce,Small,UPI,Success,
T00000575,M00019,2025-01-31 15:39:10,526.18,E-commerce,Medium,Wallet,Success,
T00000576,M00056,2025-04-25 02:06:05,6961.41,E-commerce,Large,Credit Card,Success,
T00000577,M00096,2025-02-01 02:17:46,1503.68,Gaming,Small,UPI,Success,
T00000578,M00027,2025-10-06 17:06:11,1946.7,E-commerce,Large,Credit Card,Success,
T00000579,M00041,2025-09-25 21:04:26,3090.58,E-commerce,Small,Wallet,Success,
T00000580,M00098,2025-12-21 00:47:42,13200.73,SaaS,Medium,Credit Card,Success,
T00000581,M00019,2025-06-18 21:56:21,4051.08,E-commerce,Medium,Wallet,Failed,Insufficient Funds
T00000582,M00081,2025-09-18 15:53:14,785.4,Media,Small,UPI,Success,
T00000583,M00066,2025-05-22 02:18:18,758.26,Education,Large,Net Banking,Success,
T00000584,M00047,2025-01-13 02:15:05,1608.39,Healthcare,Medium,UPI,Success,
T00000585,M00093,2025-08-24 22:59:23,6087.66,SaaS,Small,Net Banking,Success,
T00000586,M00080,2025-04-02 15:38:10,562.92,Media,Small,Credit Card,Success,
T00000587,M00057,2025-05-23 06:25:43,5177.13,Healthcare,Medium,Credit Card,Success,
T00000588,M00087,2025-03-01 14:08:50,2931.66,Media,Small,Wallet,Success,
T00000589,M00051,2025-05-25 01:38:23,2467.29,Retail,Medium,UPI,Success,
T00000590,M00061,2025-07-25 14:55:25,10995.58,SaaS,Medium,UPI,Success,
T00000591,M00005,2025-05-03 02:17:04,21800.75,Travel,Small,Net Banking,Success,
T00000592,M00009,2025-10-13 16:59:12,661.27,Gaming,Small,Credit Card,Success,
T00000593,M00064,2025-07-21 01:44:08,5538.22,Professional Services,Large,Net Banking,Success,
T00000594,M00010,2025-04-12 02:04:35,2451.4,Retail,Medium,UPI,Success,
T00000595,M00051,2025-03-25 07:56:28,4752.78,Retail,Medium,UPI,Success,
T00000596,M00091,2025-07-10 18:19:03,17026.23,Professional Services,Small,Net Banking,Success,
T00000597,M00078,2025-02-22 17:04:49,15678.59,SaaS,Medium,Net Banking,Success,
T00000598,M00034,2025-06-22 20:44:13,1114.26,Gaming,Medium,Debit Card,Failed,Technical Error
T00000599,M00004,2025-11-25 08:49:44,3015.22,Education,Medium,UPI,Success,
T00000600,M00038,2025-08-02 14:20:41,3093.96,Education,Small,Debit Card,Success,
T00000601,M00085,2025-12-13 03:48:48,391.07,Gaming,Medium,Wallet,Success,
T00000602,M00064,2025-09-29 22:30:59,9131.5,Professional Services,Large,Net Banking,Success,
T00000603,M00080,2025-11-05 05:47:11,683.41,Media,Small,Credit Card,Failed,Bank Decline
T00000604,M00077,2025-04-02 22:32:28,8888.57,Professional Services,Medium,Credit Card,Success,
T00000605,M00003,2025-01-11 04:59:05,3104.54,Education,Small,Credit Card,Success,
T00000606,M00028,2025-08-03 05:43:19,3054.6,E-commerce,Small,UPI,Success,
T00000607,M00064,2025-12-10 09:46:27,9554.59,Professional Services,Large,Net Banking,Failed,Technical Error
T00000608,M00003,2025-07-05 21:28:55,4695.95,Education,Small,Credit Card,Success,
T00000609,M00017,2025-10-26 17:07:59,7171.87,Professional Services,Small,Credit Card,Success,
T00000610,M00073,2025-05-04 02:54:43,4805.68,SaaS,Small,Net Banking,Success,
T00000611,M00060,2025-06-24 18:03:58,381.53,Food Delivery,Medium,Debit Card,Success,
T00000612,M00076,2025-11-18 23:20:26,8266.0,Education,Small,Net Banking,Success,
T00000613,M00060,2025-09-06 11:18:41,332.63,Food Delivery,Medium,Debit Card,Success,
T00000614,M00023,2025-07-15 07:01:48,5272.19,Healthcare,Small,Net Banking,Success,
T00000615,M00056,2025-01-22 12:29:06,5799.87,E-commerce,Large,Credit Card,Success,
T00000616,M00055,2025-03-04 21:38:29,8975.19,SaaS,Medium,Net Banking,Success,
T00000617,M00030,2025-10-03 11:27:16,2870.48,E-commerce,Small,UPI,Success,
T00000618,M00059,2025-04-21 07:31:19,1401.31,Retail,Medium,UPI,Success,
T00000619,M00040,2025-04-08 07:48:38,15695.19,Professional Services,Small,Net Banking,Success,
T00000620,M00010,2025-08-31 17:37:50,3347.34,Retail,Medium,UPI,Success,
T00000621,M00088,2025-07-27 04:22:32,925.48,Food Delivery,Small,UPI,Success,
T00000622,M00095,2025-08-14 12:01:03,714.97,E-commerce,Small,Credit Card,Success,
T00000623,M00021,2025-09-13 19:50:07,1454.41,E-commerce,Small,UPI,Success,
T00000624,M00098,2025-12-25 19:38:57,6456.9,SaaS,Medium,Credit Card,Success,
T00000625,M00065,2025-11-17 11:45:34,1633.18,E-commerce,Large,Debit Card,Failed,Payment Timeout
T00000626,M00021,2025-04-13 18:46:18,2436.4,E-commerce,Small,UPI,Success,
T00000627,M00032,2025-10-25 20:34:33,1668.38,Retail,Medium,Credit Card,Success,
T00000628,M00018,2025-12-12 06:03:05,6601.94,Professional Services,Small,Net Banking,Success,
T00000629,M00050,2025-04-23 11:56:07,10076.81,SaaS,Small,Wallet,Success,
T00000630,M00053,2025-11-10 13:02:27,3386.22,Education,Small,Net Banking,Success,
T00000631,M00055,2025-04-26 12:17:04,7364.05,SaaS,Medium,Net Banking,Success,
T00000632,M00081,2025-06-11 09:52:31,485.96,Media,Small,UPI,Success,
T00000633,M00014,2025-03-21 05:37:56,3551.1,E-commerce,Large,Credit Card,Success,
T00000634,M00017,2025-05-05 00:14:40,12223.52,Professional Services,Small,Credit Card,Success,
T00000635,M00099,2025-12-01 07:01:35,3522.04,Retail,Small,Wallet,Success,
T00000636,M00072,2025-07-19 23:57:45,1087.25,Media,Small,Credit Card,Success,
T00000637,M00008,2025-05-04 22:22:32,13992.25,Travel,Small,Credit Card,Success,
T00000638,M00083,2025-02-24 17:04:29,1814.47,Retail,Small,Debit Card,Success,
T00000639,M00097,2025-04-23 16:58:18,11379.93,Professional Services,Small,Credit Card,Success,
T00000640,M00073,2025-12-03 01:15:01,3166.84,SaaS,Small,Net Banking,Success,
T00000641,M00056,2025-11-12 22:09:47,4018.71,E-commerce,Large,Credit Card,Success,
T00000642,M00085,2025-10-24 08:48:24,557.46,Gaming,Medium,Wallet,Success,
T00000643,M00078,2025-07-19 21:34:59,5191.23,SaaS,Medium,Net Banking,Success,
T00000644,M00016,2025-02-04 23:19:06,1145.1,Retail,Medium,Debit Card,Failed,Payment Timeout
T00000645,M00002,2025-06-27 13:41:54,1109.88,Retail,Small,UPI,Success,
T00000646,M00094,2025-01-20 15:04:14,11135.79,SaaS,Small,UPI,Success,
T00000647,M00023,2025-08-21 01:16:42,9537.93,Healthcare,Small,Net Banking,Success,
T00000648,M00036,2025-07-28 10:19:13,606.78,Food Delivery,Medium,UPI,Success,
T00000649,M00032,2025-02-11 17:56:43,1164.47,Retail,Medium,Credit Card,Success,
T00000650,M00018,2025-10-24 15:39:39,10181.06,Professional Services,Small,Net Banking,Success,
T00000651,M00015,2025-01-18 13:41:22,1516.0,E-commerce,Medium,UPI,Success,
T00000652,M00093,2025-08-03 20:24:41,8699.46,SaaS,Small,Net Banking,Success,
T00000653,M00050,2025-05-31 01:01:55,5877.77,SaaS,Small,Wallet,Success,
T00000654,M00100,2025-08-31 01:01:57,695.21,E-commerce,Small,UPI,Success,
T00000655,M00035,2025-02-16 03:23:56,2089.79,Retail,Small,UPI,Success,
T00000656,M00076,2025-05-12 16:30:14,8424.82,Education,Small,Net Banking,Success,
T00000657,M00054,2025-05-22 23:41:54,986.2,Media,Small,Credit Card,Success,
T00000658,M00074,2025-07-14 05:03:50,847.87,Gaming,Medium,Credit Card,Success,
T00000659,M00096,2025-01-16 02:42:16,2005.08,Gaming,Small,UPI,Success,
T00000660,M00070,2025-06-27 11:26:31,1367.53,Food Delivery,Large,Debit Card,Success,
T00000661,M00077,2025-12-13 20:35:26,5606.14,Professional Services,Medium,Credit Card,Success,
T00000662,M00065,2025-03-05 02:37:43,1471.57,E-commerce,Large,Debit Card,Success,
T00000663,M00062,2025-08-28 10:12:03,4179.63,Retail,Medium,Credit Card,Success,
T00000664,M00057,2025-11-18 16:12:59,7369.71,Healthcare,Medium,Credit Card,Success,
T00000665,M00012,2025-07-10 05:42:06,10018.58,SaaS,Medium,Net Banking,Success,
T00000666,M00071,2025-05-24 01:20:37,1990.7,Retail,Small,Debit Card,Success,
T00000667,M00045,2025-02-12 13:35:19,3581.33,Media,Small,Wallet,Success,
T00000668,M00072,2025-10-09 16:30:41,826.37,Media,Small,Credit Card,Success,
T00000669,M00077,2025-09-02 09:07:58,10203.84,Professional Services,Medium,Credit Card,Failed,Payment Timeout
T00000670,M00020,2025-08-13 07:56:34,8966.26,Healthcare,Small,Net Banking,Success,
T00000671,M00069,2025-01-20 22:39:53,5560.57,Education,Small,Credit Card,Success,
T00000672,M00071,2025-08-29 16:21:22,2393.75,Retail,Small,Debit Card,Success,
T00000673,M00010,2025-05-28 15:37:50,2491.33,Retail,Medium,UPI,Success,
T00000674,M00031,2025-09-30 01:19:41,2335.69,Media,Small,Net Banking,Success,
T00000675,M00098,2025-01-08 08:30:32,8407.2,SaaS,Medium,Credit Card,Success,
T00000676,M00066,2025-03-21 04:24:29,1680.63,Education,Large,Net Banking,Success,
T00000677,M00039,2025-10-28 23:15:55,1461.06,Gaming,Small,UPI,Success,
T00000678,M00089,2025-10-10 11:52:44,6038.17,Education,Small,UPI,Success,
T00000679,M00002,2025-02-23 15:01:19,569.35,Retail,Small,UPI,Failed,Authentication Failure
T00000680,M00092,2025-07-24 01:48:07,4212.06,Healthcare,Medium,Debit Card,Success,
T00000681,M00078,2025-03-09 06:10:37,8395.38,SaaS,Medium,Net Banking,Success,
T00000682,M00021,2025-09-20 11:33:06,2936.42,E-commerce,Small,UPI,Success,
T00000683,M00094,2025-10-07 23:30:14,8984.67,SaaS,Small,UPI,Success,
T00000684,M00040,2025-07-08 00:53:08,6400.26,Professional Services,Small,Net Banking,Success,
T00000685,M00021,2025-04-06 17:43:29,2563.94,E-commerce,Small,UPI,Success,
T00000686,M00050,2025-04-26 13:58:07,14973.38,SaaS,Small,Wallet,Success,
T00000687,M00013,2025-10-01 18:09:10,2729.8,E-commerce,Small,Debit Card,Success,
T00000688,M00062,2025-05-16 11:04:52,6173.43,Retail,Medium,Credit Card,Success,
T00000689,M00008,2025-12-29 22:02:06,14818.62,Travel,Small,Credit Card,Success,
T00000690,M00034,2025-09-20 18:34:35,1163.58,Gaming,Medium,Debit Card,Success,
T00000691,M00051,2025-12-14 21:05:33,5911.85,Retail,Medium,UPI,Success,
T00000692,M00033,2025-11-09 11:33:47,3750.79,E-commerce,Small,UPI,Success,
T00000693,M00083,2025-01-17 08:05:17,1398.47,Retail,Small,Debit Card,Success,
T00000694,M00039,2025-06-21 19:14:39,2882.13,Gaming,Small,UPI,Success,
T00000695,M00045,2025-10-18 05:41:58,2055.7,Media,Small,Wallet,Success,
T00000696,M00095,2025-12-29 08:24:48,592.85,E-commerce,Small,Credit Card,Success,
T00000697,M00019,2025-04-16 11:41:44,5906.22,E-commerce,Medium,Wallet,Success,
T00000698,M00081,2025-04-05 03:52:21,564.62,Media,Small,UPI,Success,
T00000699,M00081,2025-12-18 12:55:41,249.22,Media,Small,UPI,Success,
T00000700,M00023,2025-06-10 12:14:52,6611.36,Healthcare,Small,Net Banking,Success,
T00000701,M00055,2025-07-03 11:07:24,18577.45,SaaS,Medium,Net Banking,Success,
T00000702,M00093,2025-08-02 17:39:27,9238.24,SaaS,Small,Net Banking,Failed,Bank Decline
T00000703,M00009,2025-06-08 00:39:08,522.88,Gaming,Small,Credit Card,Success,
T00000704,M00094,2025-09-10 15:27:36,5739.5,SaaS,Small,UPI,Success,
T00000705,M00091,2025-04-22 13:19:04,13921.86,Professional Services,Small,Net Banking,Success,
T00000706,M00035,2025-02-04 17:50:03,2656.18,Retail,Small,UPI,Success,
T00000707,M00011,2025-04-01 04:26:56,3924.38,Education,Small,UPI,Success,
T00000708,M00090,2025-12-21 15:55:04,8299.48,Healthcare,Medium,Debit Card,Success,
T00000709,M00041,2025-06-12 06:58:13,5070.74,E-commerce,Small,Wallet,Success,
T00000710,M00004,2025-11-21 17:58:43,1825.71,Education,Medium,UPI,Success,
T00000711,M00059,2025-07-12 09:18:45,973.23,Retail,Medium,UPI,Success,
T00000712,M00006,2025-04-23 10:01:39,4858.19,Retail,Small,UPI,Success,
T00000713,M00071,2025-01-04 14:22:34,2314.3,Retail,Small,Debit Card,Failed,Network Error
T00000714,M00060,2025-04-21 12:18:24,820.07,Food Delivery,Medium,Debit Card,Success,
T00000715,M00063,2025-09-07 01:27:53,3300.14,Healthcare,Small,Credit Card,Success,
T00000716,M00100,2025-11-27 12:27:06,638.51,E-commerce,Small,UPI,Success,
T00000717,M00040,2025-04-16 23:01:33,13219.24,Professional Services,Small,Net Banking,Success,
T00000718,M00009,2025-06-28 05:23:34,921.16,Gaming,Small,Credit Card,Success,
T00000719,M00042,2025-10-07 01:49:13,11775.4,Healthcare,Small,Debit Card,Success,
T00000720,M00011,2025-08-09 12:06:16,10727.18,Education,Small,UPI,Success,
T00000721,M00063,2025-03-17 00:23:37,6306.8,Healthcare,Small,Credit Card,Success,
T00000722,M00075,2025-11-18 04:06:13,897.83,E-commerce,Small,Wallet,Success,
T00000723,M00088,2025-05-08 08:29:52,941.9,Food Delivery,Small,UPI,Success,
T00000724,M00094,2025-02-24 14:35:51,14334.01,SaaS,Small,UPI,Success,
T00000725,M00096,2025-12-30 10:31:29,1709.95,Gaming,Small,UPI,Success,
T00000726,M00031,2025-10-20 17:31:16,2113.27,Media,Small,Net Banking,Success,
T00000727,M00024,2025-05-09 00:19:49,692.74,Gaming,Small,Credit Card,Success,
T00000728,M00087,2025-09-11 20:46:14,2737.54,Media,Small,Wallet,Success,
T00000729,M00024,2025-04-02 18:29:58,932.9,Gaming,Small,Credit Card,Success,
T00000730,M00036,2025-06-07 10:45:24,909.44,Food Delivery,Medium,UPI,Success,
T00000731,M00012,2025-12-25 11:58:17,14677.08,SaaS,Medium,Net Banking,Success,
T00000732,M00015,2025-02-15 14:23:38,1582.13,E-commerce,Medium,UPI,Success,
T00000733,M00045,2025-04-25 13:56:59,2202.53,Media,Small,Wallet,Failed,Authentication Failure
T00000734,M00027,2025-03-01 11:47:34,1843.22,E-commerce,Large,Credit Card,Success,
T00000735,M00068,2025-08-24 05:53:46,998.97,Retail,Medium,Debit Card,Success,
T00000736,M00035,2025-10-22 03:01:06,2547.47,Retail,Small,UPI,Success,
T00000737,M00028,2025-09-15 21:48:31,2896.18,E-commerce,Small,UPI,Success,
T00000738,M00041,2025-08-20 09:23:35,2442.53,E-commerce,Small,Wallet,Success,
T00000739,M00027,2025-02-01 19:05:11,1015.07,E-commerce,Large,Credit Card,Success,
T00000740,M00099,2025-12-23 05:20:25,3997.64,Retail,Small,Wallet,Success,
T00000741,M00082,2025-01-24 23:37:36,8459.24,Education,Large,Debit Card,Success,
T00000742,M00025,2025-07-28 10:02:06,481.54,Food Delivery,Small,UPI,Success,
T00000743,M00017,2025-05-08 10:16:40,12831.74,Professional Services,Small,Credit Card,Success,
T00000744,M00052,2025-10-06 10:09:35,18349.6,Travel,Medium,Credit Card,Success,
T00000745,M00014,2025-02-05 07:38:15,4923.97,E-commerce,Large,Credit Card,Success,
T00000746,M00049,2025-02-21 05:48:37,1165.91,Retail,Medium,Wallet,Success,
T00000747,M00016,2025-06-27 09:40:13,656.76,Retail,Medium,Debit Card,Success,
T00000748,M00061,2025-04-30 16:20:54,6838.53,SaaS,Medium,UPI,Success,
T00000749,M00077,2025-06-03 18:30:34,7634.91,Professional Services,Medium,Credit Card,Success,
T00000750,M00093,2025-01-29 08:41:04,7249.17,SaaS,Small,Net Banking,Success,
T00000751,M00052,2025-05-14 19:14:30,21849.18,Travel,Medium,Credit Card,Success,
T00000752,M00065,2025-12-14 06:43:12,972.36,E-commerce,Large,Debit Card,Success,
T00000753,M00001,2025-12-29 15:25:08,288.71,Food Delivery,Small,UPI,Success,
T00000754,M00002,2025-02-22 14:17:18,961.34,Retail,Small,UPI,Success,
T00000755,M00048,2025-10-11 05:28:14,614.06,Food Delivery,Medium,Credit Card,Failed,Authentication Failure
T00000756,M00086,2025-06-24 04:40:08,848.7,Food Delivery,Large,UPI,Success,
T00000757,M00082,2025-12-19 03:41:02,5898.62,Education,Large,Debit Card,Failed,Payment Timeout
T00000758,M00076,2025-02-21 15:33:17,8329.35,Education,Small,Net Banking,Success,
T00000759,M00047,2025-05-16 01:27:01,2839.37,Healthcare,Medium,UPI,Success,
T00000760,M00093,2025-02-19 10:57:39,11615.01,SaaS,Small,Net Banking,Success,
T00000761,M00049,2025-03-28 11:37:23,1815.46,Retail,Medium,Wallet,Failed,Authentication Failure
T00000762,M00016,2025-09-19 13:28:25,574.64,Retail,Medium,Debit Card,Success,
T00000763,M00098,2025-06-14 17:09:35,5369.16,SaaS,Medium,Credit Card,Success,
T00000764,M00072,2025-05-15 10:26:33,773.04,Media,Small,Credit Card,Success,
T00000765,M00090,2025-03-15 04:45:54,13407.15,Healthcare,Medium,Debit Card,Success,
T00000766,M00007,2025-11-11 08:53:00,2410.86,Gaming,Small,Net Banking,Success,
T00000767,M00017,2025-08-27 19:29:58,11384.73,Professional Services,Small,Credit Card,Success,
T00000768,M00004,2025-03-22 00:49:11,795.19,Education,Medium,UPI,Success,
T00000769,M00053,2025-08-19 15:57:38,5893.73,Education,Small,Net Banking,Success,
T00000770,M00087,2025-01-19 21:41:46,2040.65,Media,Small,Wallet,Success,
T00000771,M00012,2025-01-18 04:18:58,8794.46,SaaS,Medium,Net Banking,Success,
T00000772,M00005,2025-12-02 10:32:57,28358.83,Travel,Small,Net Banking,Success,
T00000773,M00090,2025-02-24 10:09:29,6977.45,Healthcare,Medium,Debit Card,Success,
T00000774,M00005,2025-10-12 02:14:13,25025.43,Travel,Small,Net Banking,Success,
T00000775,M00042,2025-08-13 06:27:19,6266.42,Healthcare,Small,Debit Card,Success,
T00000776,M00072,2025-04-28 04:38:54,644.83,Media,Small,Credit Card,Success,
T00000777,M00012,2025-09-14 09:37:32,7423.0,SaaS,Medium,Net Banking,Success,
T00000778,M00074,2025-08-05 04:59:20,1015.84,Gaming,Medium,Credit Card,Failed,Technical Error
T00000779,M00028,2025-12-21 00:31:10,2831.5,E-commerce,Small,UPI,Success,
T00000780,M00063,2025-01-19 04:59:29,6986.14,Healthcare,Small,Credit Card,Failed,Technical Error
T00000781,M00009,2025-09-18 17:21:57,592.52,Gaming,Small,Credit Card,Success,
T00000782,M00001,2025-06-08 13:15:04,476.16,Food Delivery,Small,UPI,Success,
T00000783,M00074,2025-05-27 04:51:47,1218.98,Gaming,Medium,Credit Card,Success,
T00000784,M00073,2025-03-29 12:21:48,5319.93,SaaS,Small,Net Banking,Success,
T00000785,M00099,2025-10-02 19:05:37,5122.2,Retail,Small,Wallet,Success,
T00000786,M00097,2025-06-10 06:25:58,9190.6,Professional Services,Small,Credit Card,Failed,Payment Timeout
T00000787,M00009,2025-07-25 19:52:54,930.59,Gaming,Small,Credit Card,Success,
T00000788,M00057,2025-09-09 03:44:07,11504.55,Healthcare,Medium,Credit Card,Success,
T00000789,M00043,2025-06-24 16:19:01,5683.07,Professional Services,Small,Wallet,Success,
T00000790,M00035,2025-03-15 23:25:02,1704.25,Retail,Small,UPI,Success,
T00000791,M00036,2025-05-27 11:27:37,698.35,Food Delivery,Medium,UPI,Success,
T00000792,M00002,2025-03-15 01:48:32,588.24,Retail,Small,UPI,Success,
T00000793,M00092,2025-08-17 04:40:36,4138.77,Healthcare,Medium,Debit Card,Success,
T00000794,M00058,2025-12-04 16:05:01,871.68,Food Delivery,Small,UPI,Success,
T00000795,M00043,2025-04-28 17:55:01,5551.47,Professional Services,Small,Wallet,Success,
T00000796,M00027,2025-10-15 23:02:59,1571.07,E-commerce,Large,Credit Card,Success,
T00000797,M00069,2025-10-20 22:52:19,5144.64,Education,Small,Credit Card,Success,
T00000798,M00078,2025-03-21 10:12:02,13472.54,SaaS,Medium,Net Banking,Success,
T00000799,M00039,2025-04-03 22:43:34,1003.63,Gaming,Small,UPI,Success,
T00000800,M00088,2025-07-27 05:58:46,568.11,Food Delivery,Small,UPI,Success,
T00000801,M00057,2025-04-30 18:42:14,9600.7,Healthcare,Medium,Credit Card,Success,
T00000802,M00097,2025-02-08 07:05:43,9883.94,Professional Services,Small,Credit Card,Success,
T00000803,M00055,2025-10-08 13:22:57,5727.81,SaaS,Medium,Net Banking,Success,
T00000804,M00062,2025-05-24 23:13:13,4716.8,Retail,Medium,Credit Card,Success,
T00000805,M00032,2025-01-18 18:05:55,2143.53,Retail,Medium,Credit Card,Success,
T00000806,M00045,2025-04-12 06:35:27,2360.41,Media,Small,Wallet,Success,
T00000807,M00097,2025-08-15 19:34:18,5279.71,Professional Services,Small,Credit Card,Success,
T00000808,M00074,2025-05-09 02:34:02,901.9,Gaming,Medium,Credit Card,Success,
T00000809,M00020,2025-08-10 06:49:23,9982.51,Healthcare,Small,Net Banking,Success,
T00000810,M00093,2025-09-23 23:13:59,4919.47,SaaS,Small,Net Banking,Success,
T00000811,M00059,2025-10-24 11:02:12,1091.92,Retail,Medium,UPI,Success,
T00000812,M00032,2025-07-10 12:40:56,788.86,Retail,Medium,Credit Card,Success,
T00000813,M00089,2025-10-12 13:55:56,8119.09,Education,Small,UPI,Success,
T00000814,M00090,2025-07-09 15:26:16,7648.93,Healthcare,Medium,Debit Card,Success,
T00000815,M00097,2025-12-12 09:28:41,4255.86,Professional Services,Small,Credit Card,Success,
T00000816,M00093,2025-01-14 03:15:36,6287.19,SaaS,Small,Net Banking,Success,
T00000817,M00012,2025-01-29 20:48:34,15208.46,SaaS,Medium,Net Banking,Success,
T00000818,M00022,2025-06-10 03:46:26,352.28,Food Delivery,Small,Wallet,Success,
T00000819,M00079,2025-09-02 22:33:55,248.1,Food Delivery,Large,Credit Card,Success,
T00000820,M00050,2025-07-16 09:46:20,17594.61,SaaS,Small,Wallet,Success,
T00000821,M00048,2025-01-24 11:26:09,509.62,Food Delivery,Medium,Credit Card,Success,
T00000822,M00001,2025-07-07 15:47:20,266.98,Food Delivery,Small,UPI,Success,
T00000823,M00093,2025-01-07 02:37:50,9773.6,SaaS,Small,Net Banking,Success,
T00000824,M00076,2025-07-25 14:31:48,7795.13,Education,Small,Net Banking,Success,
T00000825,M00047,2025-07-28 01:26:27,1769.82,Healthcare,Medium,UPI,Success,
T00000826,M00042,2025-09-19 18:26:32,9807.32,Healthcare,Small,Debit Card,Success,
T00000827,M00039,2025-12-20 07:42:08,2540.87,Gaming,Small,UPI,Success,
T00000828,M00092,2025-04-04 13:59:32,7083.25,Healthcare,Medium,Debit Card,Success,
T00000829,M00070,2025-07-24 10:55:31,1130.22,Food Delivery,Large,Debit Card,Success,
T00000830,M00069,2025-01-31 16:30:45,8464.9,Education,Small,Credit Card,Success,
T00000831,M00012,2025-06-07 16:26:59,8393.81,SaaS,Medium,Net Banking,Success,
T00000832,M00045,2025-04-27 11:57:58,2715.69,Media,Small,Wallet,Success,
T00000833,M00017,2025-11-26 06:41:39,19410.59,Professional Services,Small,Credit Card,Success,
T00000834,M00030,2025-01-13 07:19:15,3744.71,E-commerce,Small,UPI,Success,
T00000835,M00091,2025-05-28 06:59:48,12937.05,Professional Services,Small,Net Banking,Success,
T00000836,M00093,2025-09-30 22:59:29,8769.11,SaaS,Small,Net Banking,Success,
T00000837,M00099,2025-07-14 03:01:04,5280.48,Retail,Small,Wallet,Success,
T00000838,M00064,2025-11-30 04:46:10,5034.59,Professional Services,Large,Net Banking,Failed,Payment Timeout
T00000839,M00035,2025-12-23 23:07:10,2292.36,Retail,Small,UPI,Success,
T00000840,M00054,2025-12-11 16:36:20,1033.63,Media,Small,Credit Card,Success,
T00000841,M00022,2025-04-16 06:47:20,461.49,Food Delivery,Small,Wallet,Success,
T00000842,M00092,2025-12-16 06:11:31,4560.91,Healthcare,Medium,Debit Card,Success,
T00000843,M00040,2025-09-13 14:01:21,21054.96,Professional Services,Small,Net Banking,Success,
T00000844,M00039,2025-03-22 10:51:12,2251.06,Gaming,Small,UPI,Success,
T00000845,M00078,2025-10-20 03:31:11,16214.71,SaaS,Medium,Net Banking,Failed,Network Error
T00000846,M00076,2025-03-05 02:08:45,3818.57,Education,Small,Net Banking,Success,
T00000847,M00015,2025-08-09 01:59:19,2552.24,E-commerce,Medium,UPI,Success,
T00000848,M00078,2025-05-09 19:56:46,9726.63,SaaS,Medium,Net Banking,Success,
T00000849,M00051,2025-10-15 06:55:29,5994.79,Retail,Medium,UPI,Success,
T00000850,M00027,2025-07-14 11:43:39,2693.74,E-commerce,Large,Credit Card,Success,
T00000851,M00037,2025-05-15 07:38:39,9426.78,Education,Medium,UPI,Success,
T00000852,M00074,2025-05-13 06:33:16,1172.36,Gaming,Medium,Credit Card,Success,
T00000853,M00010,2025-08-27 09:38:19,2526.57,Retail,Medium,UPI,Success,
T00000854,M00061,2025-01-12 12:07:52,7366.32,SaaS,Medium,UPI,Success,
T00000855,M00047,2025-11-01 07:11:52,2260.97,Healthcare,Medium,UPI,Success,
T00000856,M00048,2025-05-26 19:13:59,746.41,Food Delivery,Medium,Credit Card,Success,
T00000857,M00001,2025-09-21 23:12:54,285.4,Food Delivery,Small,UPI,Success,
T00000858,M00075,2025-04-25 17:08:10,499.28,E-commerce,Small,Wallet,Success,
T00000859,M00064,2025-10-04 22:39:11,9484.16,Professional Services,Large,Net Banking,Success,
T00000860,M00069,2025-11-01 10:23:13,7307.86,Education,Small,Credit Card,Success,
T00000861,M00026,2025-10-15 06:05:13,1370.57,Retail,Medium,Credit Card,Success,
T00000862,M00068,2025-04-30 17:15:39,1754.14,Retail,Medium,Debit Card,Success,
T00000863,M00030,2025-10-23 16:15:49,2530.67,E-commerce,Small,UPI,Success,
T00000864,M00042,2025-06-24 07:31:34,11454.12,Healthcare,Small,Debit Card,Success,
T00000865,M00084,2025-07-19 00:17:41,393.89,Food Delivery,Small,Net Banking,Success,
T00000866,M00011,2025-02-06 03:25:18,7671.37,Education,Small,UPI,Success,
T00000867,M00079,2025-11-01 15:29:55,203.85,Food Delivery,Large,Credit Card,Success,
T00000868,M00058,2025-05-31 14:33:13,1773.92,Food Delivery,Small,UPI,Success,
T00000869,M00029,2025-10-09 12:02:03,6275.32,Retail,Small,Debit Card,Failed,Payment Timeout
T00000870,M00014,2025-07-22 09:02:46,2422.5,E-commerce,Large,Credit Card,Success,
T00000871,M00031,2025-05-28 20:40:46,1910.79,Media,Small,Net Banking,Success,
T00000872,M00030,2025-02-26 16:12:40,3118.12,E-commerce,Small,UPI,Success,
T00000873,M00004,2025-06-18 19:28:35,2002.47,Education,Medium,UPI,Success,
T00000874,M00030,2025-05-21 05:55:41,3227.01,E-commerce,Small,UPI,Success,
T00000875,M00097,2025-04-06 18:23:09,6809.52,Professional Services,Small,Credit Card,Success,
T00000876,M00067,2025-06-27 19:34:47,338.63,Food Delivery,Medium,Credit Card,Success,
T00000877,M00090,2025-04-29 07:37:06,12067.2,Healthcare,Medium,Debit Card,Success,
T00000878,M00002,2025-05-28 12:49:51,933.43,Retail,Small,UPI,Success,
T00000879,M00073,2025-05-08 23:33:05,2791.92,SaaS,Small,Net Banking,Success,
T00000880,M00004,2025-09-10 20:06:11,2332.27,Education,Medium,UPI,Failed,Bank Decline
T00000881,M00032,2025-04-27 16:15:35,1832.6,Retail,Medium,Credit Card,Success,
T00000882,M00013,2025-05-03 00:24:01,4023.68,E-commerce,Small,Debit Card,Success,
T00000883,M00063,2025-06-04 15:51:42,6195.6,Healthcare,Small,Credit Card,Success,
T00000884,M00006,2025-07-10 16:31:11,3167.03,Retail,Small,UPI,Failed,Bank Decline
T00000885,M00021,2025-05-07 13:28:47,1630.4,E-commerce,Small,UPI,Success,
T00000886,M00002,2025-02-14 05:30:41,1279.26,Retail,Small,UPI,Success,
T00000887,M00079,2025-03-19 14:16:17,161.06,Food Delivery,Large,Credit Card,Success,
T00000888,M00045,2025-08-02 15:17:44,2038.98,Media,Small,Wallet,Success,
T00000889,M00043,2025-10-10 10:07:11,2866.86,Professional Services,Small,Wallet,Success,
T00000890,M00047,2025-04-24 03:24:13,1865.82,Healthcare,Medium,UPI,Success,
T00000891,M00052,2025-01-27 20:36:19,30225.67,Travel,Medium,Credit Card,Success,
T00000892,M00014,2025-07-13 21:50:35,2008.17,E-commerce,Large,Credit Card,Success,
T00000893,M00084,2025-04-28 14:36:17,427.35,Food Delivery,Small,Net Banking,Success,
T00000894,M00067,2025-11-03 10:43:42,744.38,Food Delivery,Medium,Credit Card,Success,
T00000895,M00078,2025-06-24 09:36:18,17562.99,SaaS,Medium,Net Banking,Success,
T00000896,M00006,2025-07-16 17:58:19,3262.26,Retail,Small,UPI,Success,
T00000897,M00052,2025-12-04 17:34:25,21362.51,Travel,Medium,Credit Card,Success,
T00000898,M00044,2025-05-20 15:03:27,9866.66,Professional Services,Small,Net Banking,Success,
T00000899,M00078,2025-11-12 11:09:23,7638.03,SaaS,Medium,Net Banking,Success,
T00000900,M00056,2025-10-26 15:10:16,4441.71,E-commerce,Large,Credit Card,Success,
T00000901,M00093,2025-09-16 03:23:45,5204.19,SaaS,Small,Net Banking,Success,
T00000902,M00053,2025-09-08 12:07:35,5666.38,Education,Small,Net Banking,Success,
T00000903,M00042,2025-06-05 04:42:26,12489.36,Healthcare,Small,Debit Card,Success,
T00000904,M00021,2025-02-11 03:28:29,2537.17,E-commerce,Small,UPI,Success,
T00000905,M00096,2025-04-11 11:36:59,1853.46,Gaming,Small,UPI,Success,
T00000906,M00038,2025-09-25 01:29:48,4788.45,Education,Small,Debit Card,Success,
T00000907,M00059,2025-06-23 02:57:26,623.17,Retail,Medium,UPI,Success,
T00000908,M00021,2025-09-26 03:20:31,3326.14,E-commerce,Small,UPI,Success,
T00000909,M00010,2025-05-14 23:19:44,2634.13,Retail,Medium,UPI,Success,
T00000910,M00036,2025-12-24 12:07:29,855.9,Food Delivery,Medium,UPI,Failed,Insufficient Funds
T00000911,M00093,2025-11-19 20:26:34,8178.14,SaaS,Small,Net Banking,Success,
T00000912,M00019,2025-06-26 20:00:27,4370.08,E-commerce,Medium,Wallet,Success,
T00000913,M00073,2025-07-22 09:08:32,2621.39,SaaS,Small,Net Banking,Success,
T00000914,M00031,2025-09-28 14:18:15,1776.25,Media,Small,Net Banking,Success,
T00000915,M00075,2025-01-27 02:06:36,488.03,E-commerce,Small,Wallet,Success,
T00000916,M00026,2025-11-26 18:55:52,2664.54,Retail,Medium,Credit Card,Success,
T00000917,M00011,2025-02-12 11:20:02,6804.62,Education,Small,UPI,Failed,Bank Decline
T00000918,M00089,2025-07-20 09:24:42,6479.67,Education,Small,UPI,Success,
T00000919,M00001,2025-03-04 04:34:22,322.63,Food Delivery,Small,UPI,Success,
T00000920,M00009,2025-11-06 19:37:22,1033.67,Gaming,Small,Credit Card,Success,
T00000921,M00040,2025-03-13 15:12:54,14718.63,Professional Services,Small,Net Banking,Success,
T00000922,M00029,2025-10-14 08:57:27,5761.98,Retail,Small,Debit Card,Success,
T00000923,M00081,2025-03-18 15:11:49,299.66,Media,Small,UPI,Success,
T00000924,M00085,2025-03-25 10:02:41,454.44,Gaming,Medium,Wallet,Success,
T00000925,M00072,2025-10-20 04:10:54,736.59,Media,Small,Credit Card,Success,
T00000926,M00036,2025-11-07 11:54:07,419.33,Food Delivery,Medium,UPI,Success,
T00000927,M00008,2025-03-14 14:35:31,12046.75,Travel,Small,Credit Card,Success,
T00000928,M00068,2025-09-18 11:23:25,1705.19,Retail,Medium,Debit Card,Success,
T00000929,M00069,2025-07-24 22:39:37,8290.26,Education,Small,Credit Card,Success,
T00000930,M00072,2025-06-02 10:46:31,821.79,Media,Small,Credit Card,Success,
T00000931,M00029,2025-05-16 02:53:33,3288.46,Retail,Small,Debit Card,Success,
T00000932,M00039,2025-09-19 14:18:11,2496.71,Gaming,Small,UPI,Success,
T00000933,M00056,2025-04-26 12:23:12,6647.74,E-commerce,Large,Credit Card,Success,
T00000934,M00082,2025-05-02 15:06:09,5201.17,Education,Large,Debit Card,Success,
T00000935,M00059,2025-04-29 14:20:52,990.23,Retail,Medium,UPI,Success,
T00000936,M00051,2025-05-31 20:44:24,4556.26,Retail,Medium,UPI,Success,
T00000937,M00051,2025-02-23 13:00:58,2744.49,Retail,Medium,UPI,Success,
T00000938,M00026,2025-07-28 16:44:16,1503.33,Retail,Medium,Credit Card,Success,
T00000939,M00039,2025-09-08 14:15:35,2302.8,Gaming,Small,UPI,Success,
T00000940,M00039,2025-04-23 04:08:06,1818.03,Gaming,Small,UPI,Success,
T00000941,M00012,2025-05-03 04:05:53,13155.05,SaaS,Medium,Net Banking,Success,
T00000942,M00042,2025-01-04 17:19:26,6432.56,Healthcare,Small,Debit Card,Success,
T00000943,M00069,2025-03-17 18:43:45,8645.46,Education,Small,Credit Card,Success,
T00000944,M00016,2025-07-12 05:27:12,295.51,Retail,Medium,Debit Card,Success,
T00000945,M00095,2025-07-10 23:13:02,291.44,E-commerce,Small,Credit Card,Success,
T00000946,M00038,2025-02-02 02:32:45,4147.94,Education,Small,Debit Card,Success,
T00000947,M00067,2025-11-06 02:08:51,526.13,Food Delivery,Medium,Credit Card,Success,
T00000948,M00056,2025-07-28 18:52:31,3700.62,E-commerce,Large,Credit Card,Success,
T00000949,M00052,2025-10-31 05:01:33,12921.54,Travel,Medium,Credit Card,Success,
T00000950,M00042,2025-08-02 11:49:09,11179.44,Healthcare,Small,Debit Card,Success,
T00000951,M00033,2025-08-11 10:04:54,5601.19,E-commerce,Small,UPI,Success,
T00000952,M00024,2025-05-23 11:23:58,1098.01,Gaming,Small,Credit Card,Success,
T00000953,M00026,2025-10-21 21:45:32,2562.67,Retail,Medium,Credit Card,Success,
T00000954,M00075,2025-06-15 02:43:44,660.52,E-commerce,Small,Wallet,Success,
T00000955,M00007,2025-11-19 08:49:11,2576.46,Gaming,Small,Net Banking,Success,
T00000956,M00096,2025-01-13 12:24:32,1387.82,Gaming,Small,UPI,Success,
T00000957,M00021,2025-05-16 08:58:22,2909.81,E-commerce,Small,UPI,Success,
T00000958,M00047,2025-02-15 14:07:01,1513.7,Healthcare,Medium,UPI,Success,
T00000959,M00082,2025-04-03 00:29:50,7260.43,Education,Large,Debit Card,Success,
T00000960,M00065,2025-12-01 09:33:19,2228.9,E-commerce,Large,Debit Card,Success,
T00000961,M00022,2025-09-03 17:50:59,259.76,Food Delivery,Small,Wallet,Success,
T00000962,M00051,2025-11-12 22:38:52,4505.27,Retail,Medium,UPI,Success,
T00000963,M00089,2025-01-24 01:15:18,5140.82,Education,Small,UPI,Success,
T00000964,M00002,2025-03-07 09:23:26,776.36,Retail,Small,UPI,Success,
T00000965,M00025,2025-10-01 10:15:24,1004.19,Food Delivery,Small,UPI,Success,
T00000966,M00071,2025-07-19 18:41:42,3630.55,Retail,Small,Debit Card,Failed,Technical Error
T00000967,M00098,2025-11-13 14:02:12,19407.47,SaaS,Medium,Credit Card,Success,
T00000968,M00051,2025-12-23 19:32:42,5468.12,Retail,Medium,UPI,Success,
T00000969,M00079,2025-04-18 16:50:33,259.89,Food Delivery,Large,Credit Card,Success,
T00000970,M00036,2025-04-07 23:09:38,760.49,Food Delivery,Medium,UPI,Success,
T00000971,M00074,2025-05-06 02:09:32,1314.32,Gaming,Medium,Credit Card,Success,
T00000972,M00030,2025-07-10 02:05:09,1426.68,E-commerce,Small,UPI,Success,
T00000973,M00023,2025-09-03 14:24:49,6946.38,Healthcare,Small,Net Banking,Success,
T00000974,M00063,2025-09-04 01:50:19,6513.74,Healthcare,Small,Credit Card,Success,
T00000975,M00047,2025-10-26 14:31:13,2182.3,Healthcare,Medium,UPI,Success,
T00000976,M00036,2025-12-30 15:17:06,1031.74,Food Delivery,Medium,UPI,Success,
T00000977,M00070,2025-06-26 14:04:14,1423.58,Food Delivery,Large,Debit Card,Success,
T00000978,M00033,2025-10-28 15:27:49,3697.42,E-commerce,Small,UPI,Success,
T00000979,M00098,2025-02-06 04:08:35,11392.14,SaaS,Medium,Credit Card,Success,
T00000980,M00035,2025-05-20 02:52:40,1280.75,Retail,Small,UPI,Success,
T00000981,M00068,2025-11-06 00:15:20,1179.83,Retail,Medium,Debit Card,Success,
T00000982,M00063,2025-03-24 06:35:55,4754.71,Healthcare,Small,Credit Card,Success,
T00000983,M00061,2025-05-06 09:19:16,9080.97,SaaS,Medium,UPI,Success,
T00000984,M00065,2025-08-08 20:49:36,1148.23,E-commerce,Large,Debit Card,Success,
T00000985,M00090,2025-11-03 03:31:21,6934.57,Healthcare,Medium,Debit Card,Success,
T00000986,M00082,2025-02-08 16:06:13,8913.07,Education,Large,Debit Card,Success,
T00000987,M00054,2025-11-21 22:37:46,833.5,Media,Small,Credit Card,Success,
T00000988,M00058,2025-06-21 09:04:59,1457.73,Food Delivery,Small,UPI,Success,
T00000989,M00004,2025-06-16 03:22:42,2370.8,Education,Medium,UPI,Success,
T00000990,M00095,2025-09-10 10:24:46,830.48,E-commerce,Small,Credit Card,Success,
T00000991,M00010,2025-12-06 14:12:59,2388.26,Retail,Medium,UPI,Success,
T00000992,M00033,2025-04-08 05:47:50,3631.57,E-commerce,Small,UPI,Success,
T00000993,M00055,2025-09-16 01:40:15,15072.82,SaaS,Medium,Net Banking,Success,
T00000994,M00020,2025-04-29 15:33:09,7614.73,Healthcare,Small,Net Banking,Success,
T00000995,M00077,2025-10-21 07:16:26,7972.7,Professional Services,Medium,Credit Card,Success,
T00000996,M00020,2025-01-01 10:07:30,12182.67,Healthcare,Small,Net Banking,Success,
T00000997,M00025,2025-01-31 06:26:29,1281.94,Food Delivery,Small,UPI,Success,
T00000998,M00060,2025-01-04 14:33:38,684.35,Food Delivery,Medium,Debit Card,Success,
T00000999,M00015,2025-05-14 10:20:35,3028.18,E-commerce,Medium,UPI,Success,
T00001000,M00078,2025-02-21 07:57:42,2417.06,SaaS,Medium,Net Banking,Success,
T00001001,M00057,2025-03-30 21:56:22,6303.04,Healthcare,Medium,Credit Card,Success,
T00001002,M00065,2025-05-02 16:38:50,2003.11,E-commerce,Large,Debit Card,Success,
T00001003,M00047,2025-04-27 05:15:42,2241.85,Healthcare,Medium,UPI,Success,
T00001004,M00034,2025-02-21 17:00:46,2104.3,Gaming,Medium,Debit Card,Success,
T00001005,M00014,2025-09-20 23:22:30,4798.34,E-commerce,Large,Credit Card,Success,
T00001006,M00044,2025-09-10 10:37:39,19583.29,Professional Services,Small,Net Banking,Success,
T00001007,M00044,2025-05-17 09:18:24,14094.09,Professional Services,Small,Net Banking,Success,
T00001008,M00035,2025-06-09 21:24:51,1116.87,Retail,Small,UPI,Success,
T00001009,M00099,2025-06-21 19:18:59,4592.58,Retail,Small,Wallet,Success,
T00001010,M00081,2025-10-20 05:18:06,387.07,Media,Small,UPI,Success,
T00001011,M00058,2025-10-11 12:10:42,595.93,Food Delivery,Small,UPI,Success,
T00001012,M00004,2025-02-24 07:18:42,3160.67,Education,Medium,UPI,Success,
T00001013,M00091,2025-09-08 08:17:57,22751.94,Professional Services,Small,Net Banking,Success,
T00001014,M00006,2025-08-24 23:10:41,3969.19,Retail,Small,UPI,Success,
T00001015,M00076,2025-09-26 03:42:12,12072.29,Education,Small,Net Banking,Success,
T00001016,M00072,2025-03-21 18:53:34,954.72,Media,Small,Credit Card,Success,
T00001017,M00027,2025-07-17 21:05:40,1772.74,E-commerce,Large,Credit Card,Success,
T00001018,M00012,2025-11-01 09:33:37,13684.16,SaaS,Medium,Net Banking,Success,
T00001019,M00042,2025-04-03 22:49:13,8435.34,Healthcare,Small,Debit Card,Success,
T00001020,M00037,2025-08-19 15:49:36,7266.09,Education,Medium,UPI,Success,
T00001021,M00042,2025-12-12 03:30:46,18530.28,Healthcare,Small,Debit Card,Failed,Bank Decline
T00001022,M00034,2025-05-31 05:35:37,1324.9,Gaming,Medium,Debit Card,Success,
T00001023,M00058,2025-08-09 17:41:21,938.04,Food Delivery,Small,UPI,Success,
T00001024,M00086,2025-07-02 22:10:28,1332.74,Food Delivery,Large,UPI,Success,
T00001025,M00021,2025-10-27 04:20:28,3648.67,E-commerce,Small,UPI,Success,
T00001026,M00079,2025-03-25 18:52:11,276.8,Food Delivery,Large,Credit Card,Success,
T00001027,M00088,2025-01-24 11:36:38,877.16,Food Delivery,Small,UPI,Success,
T00001028,M00037,2025-10-04 18:11:03,6539.37,Education,Medium,UPI,Success,
T00001029,M00061,2025-06-11 08:06:24,5873.63,SaaS,Medium,UPI,Success,
T00001030,M00054,2025-07-28 19:18:40,1117.89,Media,Small,Credit Card,Success,
T00001031,M00067,2025-04-18 18:11:12,571.65,Food Delivery,Medium,Credit Card,Success,
T00001032,M00044,2025-11-10 19:39:57,16127.15,Professional Services,Small,Net Banking,Success,
T00001033,M00020,2025-05-07 21:32:00,5692.48,Healthcare,Small,Net Banking,Success,
T00001034,M00029,2025-09-22 11:53:56,5209.27,Retail,Small,Debit Card,Success,
T00001035,M00054,2025-05-01 10:59:21,829.31,Media,Small,Credit Card,Success,
T00001036,M00033,2025-01-23 11:43:21,2173.61,E-commerce,Small,UPI,Success,
T00001037,M00081,2025-12-26 02:09:19,299.6,Media,Small,UPI,Success,
T00001038,M00014,2025-05-01 02:47:32,4415.68,E-commerce,Large,Credit Card,Success,
T00001039,M00097,2025-09-13 13:29:33,7209.29,Professional Services,Small,Credit Card,Success,
T00001040,M00075,2025-09-30 10:27:01,499.09,E-commerce,Small,Wallet,Success,
T00001041,M00087,2025-07-12 18:54:13,2538.12,Media,Small,Wallet,Success,
T00001042,M00047,2025-10-07 22:01:17,1499.07,Healthcare,Medium,UPI,Success,
T00001043,M00070,2025-05-25 10:04:27,1549.65,Food Delivery,Large,Debit Card,Success,
T00001044,M00022,2025-12-11 05:59:03,569.85,Food Delivery,Small,Wallet,Success,
T00001045,M00071,2025-12-16 11:39:07,4046.36,Retail,Small,Debit Card,Success,
T00001046,M00080,2025-01-25 19:19:48,871.77,Media,Small,Credit Card,Success,
T00001047,M00074,2025-08-12 22:46:59,800.61,Gaming,Medium,Credit Card,Success,
T00001048,M00048,2025-01-22 12:43:47,567.29,Food Delivery,Medium,Credit Card,Success,
T00001049,M00022,2025-08-09 03:45:42,450.98,Food Delivery,Small,Wallet,Success,
T00001050,M00017,2025-12-14 07:11:08,12343.06,Professional Services,Small,Credit Card,Success,
T00001051,M00035,2025-10-08 16:46:57,2616.64,Retail,Small,UPI,Success,
T00001052,M00016,2025-11-30 11:33:41,1347.32,Retail,Medium,Debit Card,Success,
T00001053,M00097,2025-04-05 23:23:05,9263.79,Professional Services,Small,Credit Card,Success,
T00001054,M00089,2025-03-11 12:02:12,8353.69,Education,Small,UPI,Success,
T00001055,M00089,2025-11-30 00:20:28,11801.17,Education,Small,UPI,Success,
T00001056,M00072,2025-09-12 15:35:51,973.57,Media,Small,Credit Card,Success,
T00001057,M00053,2025-05-05 23:24:43,4252.87,Education,Small,Net Banking,Success,
T00001058,M00094,2025-11-17 18:51:00,19410.58,SaaS,Small,UPI,Success,
T00001059,M00022,2025-05-25 18:49:26,550.8,Food Delivery,Small,Wallet,Success,
T00001060,M00021,2025-03-28 16:14:07,3509.07,E-commerce,Small,UPI,Success,
T00001061,M00052,2025-01-18 20:05:07,27367.39,Travel,Medium,Credit Card,Success,
T00001062,M00050,2025-04-20 15:17:26,11606.8,SaaS,Small,Wallet,Success,
T00001063,M00079,2025-05-01 15:54:47,193.42,Food Delivery,Large,Credit Card,Success,
T00001064,M00039,2025-03-19 22:23:26,2635.94,Gaming,Small,UPI,Success,
T00001065,M00078,2025-11-01 16:08:14,11264.69,SaaS,Medium,Net Banking,Success,
T00001066,M00002,2025-08-18 18:57:33,1285.74,Retail,Small,UPI,Failed,Bank Decline
T00001067,M00011,2025-10-12 11:03:11,10431.19,Education,Small,UPI,Success,
T00001068,M00023,2025-01-03 11:26:46,5067.97,Healthcare,Small,Net Banking,Failed,Insufficient Funds
T00001069,M00026,2025-04-01 11:41:46,1030.81,Retail,Medium,Credit Card,Success,
T00001070,M00100,2025-01-04 17:25:48,627.24,E-commerce,Small,UPI,Success,
T00001071,M00062,2025-01-01 13:37:37,4321.26,Retail,Medium,Credit Card,Success,
T00001072,M00092,2025-04-30 10:12:24,3127.18,Healthcare,Medium,Debit Card,Success,
T00001073,M00068,2025-07-25 18:13:44,1946.97,Retail,Medium,Debit Card,Failed,Bank Decline
T00001074,M00020,2025-10-04 09:04:54,8203.74,Healthcare,Small,Net Banking,Success,
T00001075,M00077,2025-01-18 01:10:48,11943.61,Professional Services,Medium,Credit Card,Success,
T00001076,M00068,2025-09-30 04:21:59,1033.65,Retail,Medium,Debit Card,Success,
T00001077,M00060,2025-06-28 01:08:18,664.08,Food Delivery,Medium,Debit Card,Success,
T00001078,M00095,2025-02-21 20:26:21,565.97,E-commerce,Small,Credit Card,Success,
T00001079,M00028,2025-06-03 03:37:13,3164.05,E-commerce,Small,UPI,Success,
T00001080,M00070,2025-02-20 18:17:22,1334.89,Food Delivery,Large,Debit Card,Success,
T00001081,M00077,2025-04-12 08:36:42,10738.71,Professional Services,Medium,Credit Card,Success,
T00001082,M00064,2025-11-20 01:52:06,3508.56,Professional Services,Large,Net Banking,Success,
T00001083,M00088,2025-05-04 12:30:46,539.07,Food Delivery,Small,UPI,Success,
T00001084,M00033,2025-02-22 20:39:15,4286.17,E-commerce,Small,UPI,Success,
T00001085,M00088,2025-08-16 01:52:26,756.61,Food Delivery,Small,UPI,Success,
T00001086,M00100,2025-05-02 23:00:08,768.02,E-commerce,Small,UPI,Success,
T00001087,M00023,2025-07-28 03:10:43,4875.11,Healthcare,Small,Net Banking,Success,
T00001088,M00030,2025-06-29 22:42:11,3614.58,E-commerce,Small,UPI,Success,
T00001089,M00007,2025-02-16 13:40:31,4314.79,Gaming,Small,Net Banking,Success,
T00001090,M00002,2025-10-01 16:19:29,1191.73,Retail,Small,UPI,Success,
T00001091,M00035,2025-01-16 15:54:03,2157.57,Retail,Small,UPI,Success,
T00001092,M00099,2025-10-04 04:28:02,6697.27,Retail,Small,Wallet,Success,
T00001093,M00058,2025-05-19 03:45:46,1297.23,Food Delivery,Small,UPI,Success,
T00001094,M00020,2025-11-15 11:47:21,8974.29,Healthcare,Small,Net Banking,Failed,Insufficient Funds
T00001095,M00047,2025-06-07 01:12:31,2068.88,Healthcare,Medium,UPI,Success,
T00001096,M00043,2025-02-06 18:54:12,3684.13,Professional Services,Small,Wallet,Success,
T00001097,M00018,2025-11-09 04:51:38,8408.58,Professional Services,Small,Net Banking,Success,
T00001098,M00030,2025-10-31 07:04:28,2202.51,E-commerce,Small,UPI,Failed,Bank Decline
T00001099,M00049,2025-03-18 22:44:01,1632.18,Retail,Medium,Wallet,Success,
T00001100,M00076,2025-09-08 08:53:59,5686.22,Education,Small,Net Banking,Success,
T00001101,M00037,2025-08-16 15:01:21,7012.02,Education,Medium,UPI,Success,
T00001102,M00051,2025-01-26 00:55:22,5906.03,Retail,Medium,UPI,Success,
T00001103,M00039,2025-09-08 21:02:03,1680.72,Gaming,Small,UPI,Success,
T00001104,M00022,2025-11-19 02:09:35,437.4,Food Delivery,Small,Wallet,Success,
T00001105,M00041,2025-02-17 14:02:26,5890.02,E-commerce,Small,Wallet,Success,
T00001106,M00063,2025-08-11 20:59:18,5419.66,Healthcare,Small,Credit Card,Success,
T00001107,M00079,2025-10-09 08:11:05,221.59,Food Delivery,Large,Credit Card,Success,
T00001108,M00020,2025-03-09 02:40:47,8866.68,Healthcare,Small,Net Banking,Success,
T00001109,M00012,2025-12-19 18:00:32,11716.21,SaaS,Medium,Net Banking,Success,
T00001110,M00021,2025-01-14 10:57:22,3289.87,E-commerce,Small,UPI,Success,
T00001111,M00052,2025-08-28 14:38:38,24848.37,Travel,Medium,Credit Card,Success,
T00001112,M00068,2025-08-02 20:47:25,1857.18,Retail,Medium,Debit Card,Success,
T00001113,M00088,2025-02-04 01:37:26,661.07,Food Delivery,Small,UPI,Success,
T00001114,M00042,2025-12-10 13:33:32,11468.3,Healthcare,Small,Debit Card,Success,
T00001115,M00038,2025-04-07 18:13:31,2032.19,Education,Small,Debit Card,Success,
T00001116,M00016,2025-05-29 13:08:25,613.93,Retail,Medium,Debit Card,Success,
T00001117,M00024,2025-05-20 11:10:02,393.97,Gaming,Small,Credit Card,Success,
T00001118,M00035,2025-08-08 16:15:01,2038.51,Retail,Small,UPI,Success,
T00001119,M00049,2025-05-31 19:58:33,1432.58,Retail,Medium,Wallet,Success,
T00001120,M00007,2025-01-12 09:07:40,3159.34,Gaming,Small,Net Banking,Success,
T00001121,M00013,2025-10-30 08:30:09,2172.11,E-commerce,Small,Debit Card,Success,
T00001122,M00044,2025-05-19 19:30:57,23335.82,Professional Services,Small,Net Banking,Success,
T00001123,M00054,2025-04-01 09:30:00,1113.36,Media,Small,Credit Card,Success,
T00001124,M00021,2025-04-14 12:12:42,2626.69,E-commerce,Small,UPI,Success,
T00001125,M00052,2025-11-04 06:51:55,26864.45,Travel,Medium,Credit Card,Failed,Bank Decline
T00001126,M00046,2025-08-12 13:50:21,13131.73,Professional Services,Small,Net Banking,Success,
T00001127,M00086,2025-11-06 16:13:11,523.74,Food Delivery,Large,UPI,Failed,Bank Decline
T00001128,M00062,2025-03-10 09:22:27,6176.56,Retail,Medium,Credit Card,Success,
T00001129,M00032,2025-05-04 12:00:55,3093.99,Retail,Medium,Credit Card,Success,
T00001130,M00009,2025-01-11 22:54:15,457.33,Gaming,Small,Credit Card,Success,
T00001131,M00028,2025-05-17 13:54:54,3209.0,E-commerce,Small,UPI,Success,
T00001132,M00070,2025-03-15 02:27:53,993.17,Food Delivery,Large,Debit Card,Success,
T00001133,M00051,2025-11-11 17:29:10,4795.02,Retail,Medium,UPI,Success,
T00001134,M00032,2025-07-10 11:11:55,2035.63,Retail,Medium,Credit Card,Success,
T00001135,M00081,2025-01-22 19:31:24,439.2,Media,Small,UPI,Success,
T00001136,M00016,2025-01-01 06:22:14,1228.3,Retail,Medium,Debit Card,Success,
T00001137,M00036,2025-08-27 12:09:03,901.15,Food Delivery,Medium,UPI,Success,
T00001138,M00047,2025-12-23 19:39:27,1930.99,Healthcare,Medium,UPI,Success,
T00001139,M00008,2025-12-04 04:22:11,13490.72,Travel,Small,Credit Card,Success,
T00001140,M00035,2025-12-23 05:08:55,2019.24,Retail,Small,UPI,Success,
T00001141,M00072,2025-02-13 01:51:17,1165.09,Media,Small,Credit Card,Failed,Network Error
T00001142,M00069,2025-10-01 14:46:12,3374.43,Education,Small,Credit Card,Failed,Authentication Failure
T00001143,M00001,2025-08-16 14:04:16,459.49,Food Delivery,Small,UPI,Success,
T00001144,M00004,2025-03-03 04:02:33,2403.26,Education,Medium,UPI,Success,
T00001145,M00041,2025-06-19 15:54:30,5340.63,E-commerce,Small,Wallet,Success,
T00001146,M00016,2025-03-09 15:41:11,267.14,Retail,Medium,Debit Card,Success,
T00001147,M00082,2025-08-07 06:00:29,4919.42,Education,Large,Debit Card,Success,
T00001148,M00072,2025-03-28 16:43:17,307.24,Media,Small,Credit Card,Success,
T00001149,M00021,2025-11-13 07:15:49,2998.9,E-commerce,Small,UPI,Success,
T00001150,M00049,2025-02-19 10:58:22,1776.47,Retail,Medium,Wallet,Success,
T00001151,M00071,2025-01-01 16:45:27,4464.49,Retail,Small,Debit Card,Success,
T00001152,M00053,2025-10-27 08:39:35,3245.83,Education,Small,Net Banking,Failed,Insufficient Funds
T00001153,M00064,2025-03-12 17:07:29,3592.37,Professional Services,Large,Net Banking,Failed,Bank Decline
T00001154,M00082,2025-09-06 09:56:24,3845.54,Education,Large,Debit Card,Success,
T00001155,M00052,2025-12-30 18:33:46,18044.38,Travel,Medium,Credit Card,Success,
T00001156,M00004,2025-05-15 16:30:16,2101.83,Education,Medium,UPI,Failed,Bank Decline
T00001157,M00075,2025-09-05 01:41:25,645.02,E-commerce,Small,Wallet,Success,
T00001158,M00075,2025-09-06 04:52:07,537.73,E-commerce,Small,Wallet,Success,
T00001159,M00027,2025-05-11 09:24:42,1239.09,E-commerce,Large,Credit Card,Success,
T00001160,M00095,2025-01-27 07:53:35,622.36,E-commerce,Small,Credit Card,Success,
T00001161,M00037,2025-11-02 15:33:29,7317.52,Education,Medium,UPI,Success,
T00001162,M00062,2025-10-12 12:10:56,4292.31,Retail,Medium,Credit Card,Success,
T00001163,M00017,2025-03-06 14:23:11,13516.6,Professional Services,Small,Credit Card,Success,
T00001164,M00048,2025-08-01 01:18:44,582.7,Food Delivery,Medium,Credit Card,Success,
T00001165,M00057,2025-11-18 21:02:27,3998.94,Healthcare,Medium,Credit Card,Success,
T00001166,M00058,2025-09-24 20:47:57,1511.33,Food Delivery,Small,UPI,Success,
T00001167,M00047,2025-06-25 06:18:13,2547.57,Healthcare,Medium,UPI,Success,
T00001168,M00096,2025-05-04 18:39:24,2146.92,Gaming,Small,UPI,Success,
T00001169,M00005,2025-02-10 16:06:29,29298.57,Travel,Small,Net Banking,Success,
T00001170,M00055,2025-10-12 06:35:43,14204.68,SaaS,Medium,Net Banking,Success,
T00001171,M00067,2025-12-15 19:07:26,656.75,Food Delivery,Medium,Credit Card,Failed,Authentication Failure
T00001172,M00065,2025-10-01 14:27:33,1454.26,E-commerce,Large,Debit Card,Success,
T00001173,M00085,2025-09-11 20:19:17,546.1,Gaming,Medium,Wallet,Success,
T00001174,M00084,2025-02-09 07:47:28,644.87,Food Delivery,Small,Net Banking,Success,
T00001175,M00021,2025-03-15 18:46:53,1824.42,E-commerce,Small,UPI,Success,
T00001176,M00004,2025-07-29 18:20:02,2518.06,Education,Medium,UPI,Success,
T00001177,M00022,2025-04-20 07:59:06,398.28,Food Delivery,Small,Wallet,Success,
T00001178,M00030,2025-08-02 11:13:37,2914.35,E-commerce,Small,UPI,Success,
T00001179,M00066,2025-03-01 15:33:43,1547.11,Education,Large,Net Banking,Success,
T00001180,M00096,2025-11-16 23:16:46,1720.09,Gaming,Small,UPI,Success,
T00001181,M00020,2025-08-22 02:24:51,7343.95,Healthcare,Small,Net Banking,Success,
T00001182,M00063,2025-09-05 20:22:05,5062.63,Healthcare,Small,Credit Card,Success,
T00001183,M00005,2025-02-01 19:41:59,21487.22,Travel,Small,Net Banking,Success,
T00001184,M00013,2025-07-02 21:31:13,2487.6,E-commerce,Small,Debit Card,Success,
T00001185,M00022,2025-09-14 17:20:23,397.89,Food Delivery,Small,Wallet,Success,
T00001186,M00041,2025-05-25 02:09:42,6364.25,E-commerce,Small,Wallet,Success,
T00001187,M00097,2025-05-24 11:04:23,7529.67,Professional Services,Small,Credit Card,Success,
T00001188,M00059,2025-04-13 07:04:24,882.95,Retail,Medium,UPI,Success,
T00001189,M00006,2025-04-15 07:10:45,2803.14,Retail,Small,UPI,Success,
T00001190,M00062,2025-02-07 13:20:01,3964.95,Retail,Medium,Credit Card,Success,
T00001191,M00002,2025-05-14 12:22:04,1023.81,Retail,Small,UPI,Success,
T00001192,M00068,2025-03-30 08:34:21,1054.71,Retail,Medium,Debit Card,Success,
T00001193,M00068,2025-11-23 12:47:51,1073.78,Retail,Medium,Debit Card,Failed,Technical Error
T00001194,M00070,2025-12-03 16:02:16,1404.76,Food Delivery,Large,Debit Card,Failed,Payment Timeout
T00001195,M00013,2025-12-09 09:36:34,2483.25,E-commerce,Small,Debit Card,Success,
T00001196,M00005,2025-11-28 15:17:45,31517.31,Travel,Small,Net Banking,Success,
T00001197,M00074,2025-07-14 23:55:29,713.92,Gaming,Medium,Credit Card,Success,
T00001198,M00028,2025-08-29 21:21:52,1982.03,E-commerce,Small,UPI,Success,
T00001199,M00084,2025-10-22 01:30:38,127.6,Food Delivery,Small,Net Banking,Success,
T00001200,M00011,2025-03-24 06:57:33,9095.13,Education,Small,UPI,Success,
T00001201,M00015,2025-02-19 00:08:19,2476.43,E-commerce,Medium,UPI,Success,
T00001202,M00057,2025-03-20 10:01:26,10174.67,Healthcare,Medium,Credit Card,Failed,Technical Error
T00001203,M00083,2025-02-27 10:19:30,1757.27,Retail,Small,Debit Card,Success,
T00001204,M00079,2025-12-22 00:43:07,188.16,Food Delivery,Large,Credit Card,Success,
T00001205,M00017,2025-02-03 19:09:16,8245.82,Professional Services,Small,Credit Card,Success,
T00001206,M00043,2025-04-18 06:22:41,6314.27,Professional Services,Small,Wallet,Success,
T00001207,M00049,2025-12-23 04:34:06,1978.97,Retail,Medium,Wallet,Success,
T00001208,M00043,2025-07-22 22:37:51,3294.49,Professional Services,Small,Wallet,Success,
T00001209,M00023,2025-02-13 16:45:05,6156.66,Healthcare,Small,Net Banking,Success,
T00001210,M00020,2025-10-22 12:35:22,9223.25,Healthcare,Small,Net Banking,Failed,Insufficient Funds
T00001211,M00048,2025-12-26 04:57:19,1070.51,Food Delivery,Medium,Credit Card,Success,
T00001212,M00006,2025-12-03 21:27:19,4398.77,Retail,Small,UPI,Success,
T00001213,M00094,2025-05-14 13:05:34,13609.81,SaaS,Small,UPI,Success,
T00001214,M00091,2025-08-11 03:38:34,14329.82,Professional Services,Small,Net Banking,Success,
T00001215,M00078,2025-01-15 13:12:19,14958.51,SaaS,Medium,Net Banking,Success,
T00001216,M00069,2025-09-22 09:38:08,8388.09,Education,Small,Credit Card,Success,
T00001217,M00097,2025-01-16 01:28:45,3716.81,Professional Services,Small,Credit Card,Success,
T00001218,M00060,2025-01-20 03:25:30,812.08,Food Delivery,Medium,Debit Card,Success,
T00001219,M00076,2025-12-24 14:48:14,7415.1,Education,Small,Net Banking,Success,
T00001220,M00075,2025-11-05 05:22:24,756.98,E-commerce,Small,Wallet,Success,
T00001221,M00037,2025-04-19 21:01:12,9594.33,Education,Medium,UPI,Success,
T00001222,M00035,2025-12-04 10:44:06,965.32,Retail,Small,UPI,Success,
T00001223,M00059,2025-04-27 16:40:50,1075.93,Retail,Medium,UPI,Success,
T00001224,M00077,2025-04-15 15:10:34,7239.94,Professional Services,Medium,Credit Card,Success,
T00001225,M00049,2025-08-23 22:48:51,1274.63,Retail,Medium,Wallet,Success,
T00001226,M00045,2025-11-16 23:57:06,2175.07,Media,Small,Wallet,Success,
T00001227,M00075,2025-07-08 03:29:51,609.02,E-commerce,Small,Wallet,Success,
T00001228,M00066,2025-07-20 02:39:42,601.28,Education,Large,Net Banking,Success,
T00001229,M00097,2025-01-26 11:35:40,6301.75,Professional Services,Small,Credit Card,Success,
T00001230,M00007,2025-11-27 14:38:51,3935.09,Gaming,Small,Net Banking,Success,
T00001231,M00071,2025-08-09 20:24:36,3145.02,Retail,Small,Debit Card,Success,
T00001232,M00046,2025-11-22 01:11:17,14322.11,Professional Services,Small,Net Banking,Success,
T00001233,M00091,2025-01-13 20:14:40,6060.58,Professional Services,Small,Net Banking,Success,
T00001234,M00092,2025-04-17 09:39:19,5210.74,Healthcare,Medium,Debit Card,Success,
T00001235,M00098,2025-06-30 06:49:46,6810.18,SaaS,Medium,Credit Card,Success,
T00001236,M00013,2025-01-12 20:52:10,2394.63,E-commerce,Small,Debit Card,Success,
T00001237,M00075,2025-07-09 19:49:21,496.3,E-commerce,Small,Wallet,Success,
T00001238,M00087,2025-08-16 22:07:13,1684.55,Media,Small,Wallet,Success,
T00001239,M00055,2025-05-14 16:37:59,17441.42,SaaS,Medium,Net Banking,Success,
T00001240,M00023,2025-09-25 12:33:08,11134.72,Healthcare,Small,Net Banking,Success,
T00001241,M00058,2025-01-11 15:51:25,1213.31,Food Delivery,Small,UPI,Success,
T00001242,M00015,2025-03-25 05:35:38,2476.69,E-commerce,Medium,UPI,Success,
T00001243,M00066,2025-09-09 10:01:04,1557.81,Education,Large,Net Banking,Success,
T00001244,M00078,2025-07-19 08:07:40,15725.29,SaaS,Medium,Net Banking,Success,
T00001245,M00070,2025-10-31 00:57:26,1639.71,Food Delivery,Large,Debit Card,Success,
T00001246,M00044,2025-02-21 09:15:24,13783.95,Professional Services,Small,Net Banking,Success,
T00001247,M00080,2025-08-22 11:02:56,845.83,Media,Small,Credit Card,Success,
T00001248,M00063,2025-04-29 15:05:26,3970.02,Healthcare,Small,Credit Card,Success,
T00001249,M00056,2025-10-03 11:47:26,3957.58,E-commerce,Large,Credit Card,Success,
T00001250,M00085,2025-05-16 10:12:19,311.71,Gaming,Medium,Wallet,Success,
T00001251,M00068,2025-03-26 17:51:20,829.55,Retail,Medium,Debit Card,Success,
T00001252,M00044,2025-06-04 05:43:47,16623.75,Professional Services,Small,Net Banking,Success,
T00001253,M00041,2025-01-03 20:29:03,2491.63,E-commerce,Small,Wallet,Success,
T00001254,M00010,2025-05-26 08:04:27,1896.66,Retail,Medium,UPI,Success,
T00001255,M00032,2025-08-19 14:21:40,2144.63,Retail,Medium,Credit Card,Success,
T00001256,M00013,2025-01-25 19:00:16,2039.84,E-commerce,Small,Debit Card,Success,
T00001257,M00043,2025-04-18 09:00:38,3283.29,Professional Services,Small,Wallet,Success,
T00001258,M00005,2025-10-04 03:52:27,13570.07,Travel,Small,Net Banking,Failed,Technical Error
T00001259,M00008,2025-04-27 00:56:06,15780.14,Travel,Small,Credit Card,Success,
T00001260,M00045,2025-01-23 01:10:41,3430.41,Media,Small,Wallet,Success,
T00001261,M00056,2025-11-08 14:34:19,5479.78,E-commerce,Large,Credit Card,Success,
T00001262,M00091,2025-02-24 08:14:15,12263.07,Professional Services,Small,Net Banking,Success,
T00001263,M00021,2025-09-12 12:46:33,2012.23,E-commerce,Small,UPI,Success,
T00001264,M00018,2025-06-07 03:08:06,8107.03,Professional Services,Small,Net Banking,Success,
T00001265,M00087,2025-01-14 17:11:49,295.65,Media,Small,Wallet,Success,
T00001266,M00027,2025-05-14 06:32:55,821.56,E-commerce,Large,Credit Card,Success,
T00001267,M00098,2025-03-28 08:34:30,9886.1,SaaS,Medium,Credit Card,Success,
T00001268,M00060,2025-09-18 22:16:05,357.76,Food Delivery,Medium,Debit Card,Success,
T00001269,M00037,2025-04-27 14:01:06,9578.29,Education,Medium,UPI,Success,
T00001270,M00063,2025-03-12 08:18:30,2615.75,Healthcare,Small,Credit Card,Success,
T00001271,M00029,2025-07-02 19:59:44,4763.43,Retail,Small,Debit Card,Success,
T00001272,M00090,2025-10-24 06:54:47,10826.94,Healthcare,Medium,Debit Card,Success,
T00001273,M00003,2025-09-21 23:22:42,5608.08,Education,Small,Credit Card,Success,
T00001274,M00043,2025-03-28 17:34:01,3920.12,Professional Services,Small,Wallet,Success,
T00001275,M00092,2025-04-30 06:14:31,1986.23,Healthcare,Medium,Debit Card,Success,
T00001276,M00033,2025-08-16 09:54:52,5237.13,E-commerce,Small,UPI,Success,
T00001277,M00095,2025-11-27 13:53:18,620.09,E-commerce,Small,Credit Card,Success,
T00001278,M00097,2025-08-14 08:54:36,7762.65,Professional Services,Small,Credit Card,Success,
T00001279,M00067,2025-01-28 15:46:43,416.67,Food Delivery,Medium,Credit Card,Success,
T00001280,M00089,2025-09-22 08:33:46,7990.27,Education,Small,UPI,Success,
T00001281,M00016,2025-04-26 20:52:37,488.71,Retail,Medium,Debit Card,Success,
T00001282,M00023,2025-03-19 18:53:58,9480.79,Healthcare,Small,Net Banking,Success,
T00001283,M00038,2025-08-10 03:13:33,5429.72,Education,Small,Debit Card,Success,
T00001284,M00065,2025-12-01 22:05:38,680.48,E-commerce,Large,Debit Card,Success,
T00001285,M00011,2025-10-30 12:15:28,9134.71,Education,Small,UPI,Failed,Network Error
T00001286,M00008,2025-09-04 09:57:32,15702.81,Travel,Small,Credit Card,Success,
T00001287,M00003,2025-06-25 13:26:29,3834.53,Education,Small,Credit Card,Success,
T00001288,M00065,2025-10-24 21:30:17,2269.62,E-commerce,Large,Debit Card,Success,
T00001289,M00034,2025-11-01 22:41:45,1527.93,Gaming,Medium,Debit Card,Success,
T00001290,M00013,2025-09-04 00:31:54,2116.37,E-commerce,Small,Debit Card,Success,
T00001291,M00002,2025-06-16 14:48:25,1187.06,Retail,Small,UPI,Success,
T00001292,M00061,2025-03-19 10:40:31,7532.43,SaaS,Medium,UPI,Success,
T00001293,M00082,2025-01-06 11:12:29,9009.22,Education,Large,Debit Card,Success,
T00001294,M00017,2025-01-07 22:59:25,7320.81,Professional Services,Small,Credit Card,Success,
T00001295,M00011,2025-09-01 09:08:43,7228.6,Education,Small,UPI,Success,
T00001296,M00042,2025-05-02 04:54:38,7772.22,Healthcare,Small,Debit Card,Success,
T00001297,M00082,2025-05-29 22:56:58,4809.93,Education,Large,Debit Card,Success,
T00001298,M00047,2025-01-18 18:07:33,1668.17,Healthcare,Medium,UPI,Success,
T00001299,M00063,2025-04-23 22:42:41,3237.78,Healthcare,Small,Credit Card,Success,
T00001300,M00095,2025-06-18 10:03:10,635.01,E-commerce,Small,Credit Card,Success,
T00001301,M00010,2025-02-21 23:00:28,1263.12,Retail,Medium,UPI,Success,
T00001302,M00099,2025-03-15 04:15:28,6536.68,Retail,Small,Wallet,Success,
T00001303,M00001,2025-12-19 04:52:00,482.67,Food Delivery,Small,UPI,Success,
T00001304,M00069,2025-10-10 09:42:16,5619.13,Education,Small,Credit Card,Failed,Bank Decline
T00001305,M00075,2025-10-13 02:05:24,794.96,E-commerce,Small,Wallet,Success,
T00001306,M00041,2025-10-04 04:01:35,4674.23,E-commerce,Small,Wallet,Success,
T00001307,M00014,2025-01-15 12:15:08,2716.17,E-commerce,Large,Credit Card,Success,
T00001308,M00011,2025-08-31 00:02:13,9631.68,Education,Small,UPI,Success,
T00001309,M00011,2025-01-19 15:01:23,5695.67,Education,Small,UPI,Success,
T00001310,M00068,2025-09-25 20:56:01,932.91,Retail,Medium,Debit Card,Success,
T00001311,M00090,2025-06-22 13:18:33,6718.7,Healthcare,Medium,Debit Card,Success,
T00001312,M00059,2025-03-01 11:14:52,1025.2,Retail,Medium,UPI,Success,
T00001313,M00082,2025-09-24 07:33:37,5346.48,Education,Large,Debit Card,Success,
T00001314,M00069,2025-09-15 06:47:19,5384.05,Education,Small,Credit Card,Success,
T00001315,M00084,2025-08-30 20:53:45,364.46,Food Delivery,Small,Net Banking,Success,
T00001316,M00084,2025-02-10 17:52:17,376.15,Food Delivery,Small,Net Banking,Success,
T00001317,M00011,2025-08-28 21:21:44,8197.91,Education,Small,UPI,Success,
T00001318,M00049,2025-03-19 03:31:15,1589.16,Retail,Medium,Wallet,Success,
T00001319,M00088,2025-10-30 03:06:09,661.44,Food Delivery,Small,UPI,Success,
T00001320,M00043,2025-10-01 04:30:20,7205.33,Professional Services,Small,Wallet,Success,
T00001321,M00047,2025-03-04 06:47:25,2248.53,Healthcare,Medium,UPI,Success,
T00001322,M00024,2025-12-29 09:20:57,889.45,Gaming,Small,Credit Card,Success,
T00001323,M00035,2025-04-02 01:44:51,2766.78,Retail,Small,UPI,Success,
T00001324,M00001,2025-11-21 08:55:40,384.34,Food Delivery,Small,UPI,Success,
T00001325,M00051,2025-07-11 21:23:00,4108.97,Retail,Medium,UPI,Success,
T00001326,M00086,2025-10-09 00:06:06,1248.17,Food Delivery,Large,UPI,Success,
T00001327,M00074,2025-12-18 09:09:18,1051.03,Gaming,Medium,Credit Card,Failed,Network Error
T00001328,M00081,2025-04-13 13:49:25,522.67,Media,Small,UPI,Success,
T00001329,M00077,2025-02-08 18:17:11,9444.01,Professional Services,Medium,Credit Card,Success,
T00001330,M00100,2025-05-20 21:26:38,307.8,E-commerce,Small,UPI,Success,
T00001331,M00014,2025-05-02 10:38:29,3381.8,E-commerce,Large,Credit Card,Success,
T00001332,M00071,2025-12-12 18:07:22,2812.04,Retail,Small,Debit Card,Success,
T00001333,M00076,2025-11-27 21:12:13,9818.04,Education,Small,Net Banking,Success,
T00001334,M00090,2025-12-14 09:36:06,12345.89,Healthcare,Medium,Debit Card,Success,
T00001335,M00065,2025-08-30 11:39:41,1426.32,E-commerce,Large,Debit Card,Success,
T00001336,M00031,2025-05-14 02:24:26,2543.67,Media,Small,Net Banking,Success,
T00001337,M00040,2025-06-05 15:31:01,9197.65,Professional Services,Small,Net Banking,Success,
T00001338,M00010,2025-09-25 22:21:24,2339.99,Retail,Medium,UPI,Success,
T00001339,M00010,2025-11-07 15:35:59,879.19,Retail,Medium,UPI,Success,
T00001340,M00085,2025-02-21 11:05:50,535.58,Gaming,Medium,Wallet,Success,
T00001341,M00045,2025-01-23 18:37:26,4045.72,Media,Small,Wallet,Success,
T00001342,M00047,2025-12-20 21:14:56,1565.05,Healthcare,Medium,UPI,Success,
T00001343,M00050,2025-11-08 13:38:59,8486.88,SaaS,Small,Wallet,Success,
T00001344,M00004,2025-10-30 14:20:15,1805.96,Education,Medium,UPI,Success,
T00001345,M00081,2025-01-12 04:35:12,601.68,Media,Small,UPI,Success,
T00001346,M00035,2025-12-13 07:49:54,1013.86,Retail,Small,UPI,Success,
T00001347,M00082,2025-12-24 10:43:51,2422.62,Education,Large,Debit Card,Success,
T00001348,M00055,2025-01-25 14:20:05,13737.66,SaaS,Medium,Net Banking,Success,
T00001349,M00057,2025-05-03 00:54:35,15795.53,Healthcare,Medium,Credit Card,Success,
T00001350,M00086,2025-10-16 19:04:34,1182.46,Food Delivery,Large,UPI,Success,
T00001351,M00035,2025-08-08 10:17:44,2144.23,Retail,Small,UPI,Success,
T00001352,M00092,2025-07-21 14:21:34,7671.4,Healthcare,Medium,Debit Card,Success,
T00001353,M00008,2025-09-30 01:52:50,10615.19,Travel,Small,Credit Card,Success,
T00001354,M00067,2025-07-07 03:54:36,405.4,Food Delivery,Medium,Credit Card,Success,
T00001355,M00023,2025-09-20 15:31:53,6435.09,Healthcare,Small,Net Banking,Success,
T00001356,M00015,2025-12-13 10:37:09,1924.4,E-commerce,Medium,UPI,Failed,Insufficient Funds
T00001357,M00056,2025-01-05 12:32:16,4389.91,E-commerce,Large,Credit Card,Success,
T00001358,M00030,2025-11-27 20:00:52,2227.04,E-commerce,Small,UPI,Success,
T00001359,M00051,2025-03-06 05:40:33,5001.15,Retail,Medium,UPI,Success,
T00001360,M00002,2025-04-19 00:36:44,1067.4,Retail,Small,UPI,Success,
T00001361,M00076,2025-03-28 11:46:30,5540.21,Education,Small,Net Banking,Success,
T00001362,M00013,2025-01-31 14:45:15,2206.27,E-commerce,Small,Debit Card,Success,
T00001363,M00045,2025-11-08 04:17:47,2272.47,Media,Small,Wallet,Success,
T00001364,M00036,2025-05-03 17:54:25,811.11,Food Delivery,Medium,UPI,Success,
T00001365,M00085,2025-07-13 03:51:20,412.79,Gaming,Medium,Wallet,Success,
T00001366,M00003,2025-01-14 21:58:40,3909.12,Education,Small,Credit Card,Success,
T00001367,M00053,2025-01-01 01:34:54,5252.23,Education,Small,Net Banking,Failed,Technical Error
T00001368,M00013,2025-04-29 07:03:31,1281.59,E-commerce,Small,Debit Card,Success,
T00001369,M00068,2025-08-07 09:19:10,1662.78,Retail,Medium,Debit Card,Failed,Network Error
T00001370,M00062,2025-11-17 12:27:21,6085.42,Retail,Medium,Credit Card,Success,
T00001371,M00081,2025-03-28 13:44:50,493.96,Media,Small,UPI,Success,
T00001372,M00066,2025-08-21 23:57:00,1172.32,Education,Large,Net Banking,Success,
T00001373,M00007,2025-09-13 05:14:32,2321.02,Gaming,Small,Net Banking,Success,
T00001374,M00008,2025-09-13 21:29:19,17342.97,Travel,Small,Credit Card,Success,
T00001375,M00072,2025-05-13 13:40:44,642.96,Media,Small,Credit Card,Success,
T00001376,M00055,2025-08-01 16:50:46,17529.76,SaaS,Medium,Net Banking,Success,
T00001377,M00030,2025-09-30 16:00:34,3877.94,E-commerce,Small,UPI,Success,
T00001378,M00007,2025-11-16 04:05:29,4128.53,Gaming,Small,Net Banking,Success,
T00001379,M00021,2025-10-08 05:25:05,2167.23,E-commerce,Small,UPI,Success,
T00001380,M00058,2025-02-16 21:25:56,1577.4,Food Delivery,Small,UPI,Success,
T00001381,M00095,2025-06-02 14:03:38,646.94,E-commerce,Small,Credit Card,Success,
T00001382,M00022,2025-05-12 05:46:08,641.36,Food Delivery,Small,Wallet,Success,
T00001383,M00032,2025-06-10 23:08:37,3750.96,Retail,Medium,Credit Card,Success,
T00001384,M00093,2025-02-17 20:29:09,7951.07,SaaS,Small,Net Banking,Success,
T00001385,M00062,2025-06-24 23:00:25,2610.69,Retail,Medium,Credit Card,Success,
T00001386,M00067,2025-07-13 17:25:11,571.94,Food Delivery,Medium,Credit Card,Success,
T00001387,M00001,2025-10-13 22:00:40,636.79,Food Delivery,Small,UPI,Success,
T00001388,M00043,2025-07-07 13:15:07,6397.34,Professional Services,Small,Wallet,Success,
T00001389,M00092,2025-10-31 08:12:25,5138.04,Healthcare,Medium,Debit Card,Success,
T00001390,M00039,2025-10-11 16:42:13,1796.32,Gaming,Small,UPI,Success,
T00001391,M00077,2025-02-10 05:11:34,5280.02,Professional Services,Medium,Credit Card,Success,
T00001392,M00076,2025-07-15 18:38:48,9700.97,Education,Small,Net Banking,Success,
T00001393,M00099,2025-06-12 14:14:17,7058.42,Retail,Small,Wallet,Success,
T00001394,M00068,2025-04-17 06:05:54,1357.47,Retail,Medium,Debit Card,Success,
T00001395,M00079,2025-05-14 03:40:32,311.4,Food Delivery,Large,Credit Card,Success,
T00001396,M00041,2025-06-10 07:03:59,4186.04,E-commerce,Small,Wallet,Success,
T00001397,M00038,2025-12-11 06:11:25,3206.56,Education,Small,Debit Card,Success,
T00001398,M00050,2025-12-01 06:22:32,8961.52,SaaS,Small,Wallet,Success,
T00001399,M00007,2025-10-14 03:38:51,4110.89,Gaming,Small,Net Banking,Success,
T00001400,M00063,2025-08-31 09:39:48,4146.14,Healthcare,Small,Credit Card,Success,
T00001401,M00047,2025-09-24 15:40:52,1253.54,Healthcare,Medium,UPI,Failed,Technical Error
T00001402,M00030,2025-03-11 01:20:04,3537.65,E-commerce,Small,UPI,Success,
T00001403,M00018,2025-09-27 15:27:23,5585.97,Professional Services,Small,Net Banking,Success,
T00001404,M00002,2025-08-07 08:49:53,591.77,Retail,Small,UPI,Success,
T00001405,M00003,2025-08-10 14:44:00,5975.57,Education,Small,Credit Card,Success,
T00001406,M00003,2025-12-14 03:26:05,3454.82,Education,Small,Credit Card,Success,
T00001407,M00030,2025-04-22 01:02:30,3164.51,E-commerce,Small,UPI,Success,
T00001408,M00034,2025-02-11 08:22:36,1180.72,Gaming,Medium,Debit Card,Success,
T00001409,M00016,2025-02-26 10:32:35,1113.75,Retail,Medium,Debit Card,Success,
T00001410,M00024,2025-11-02 01:41:26,846.38,Gaming,Small,Credit Card,Success,
T00001411,M00068,2025-04-22 07:27:01,1382.92,Retail,Medium,Debit Card,Success,
T00001412,M00056,2025-11-01 14:44:27,4166.17,E-commerce,Large,Credit Card,Success,
T00001413,M00029,2025-10-20 16:00:16,2981.14,Retail,Small,Debit Card,Success,
T00001414,M00042,2025-08-28 06:33:01,9170.03,Healthcare,Small,Debit Card,Success,
T00001415,M00067,2025-10-15 04:34:10,414.85,Food Delivery,Medium,Credit Card,Success,
T00001416,M00074,2025-06-01 00:41:11,973.67,Gaming,Medium,Credit Card,Success,
T00001417,M00039,2025-11-01 14:16:21,2236.78,Gaming,Small,UPI,Success,
T00001418,M00061,2025-01-19 05:53:03,4480.16,SaaS,Medium,UPI,Success,
T00001419,M00029,2025-05-31 12:16:16,2225.61,Retail,Small,Debit Card,Success,
T00001420,M00086,2025-08-03 10:10:27,1428.32,Food Delivery,Large,UPI,Success,
T00001421,M00072,2025-10-16 19:30:23,866.83,Media,Small,Credit Card,Success,
T00001422,M00094,2025-12-04 22:05:18,16502.55,SaaS,Small,UPI,Success,
T00001423,M00096,2025-03-29 14:15:51,2383.54,Gaming,Small,UPI,Success,
T00001424,M00041,2025-10-21 06:06:50,3354.39,E-commerce,Small,Wallet,Success,
T00001425,M00079,2025-10-14 18:51:11,138.0,Food Delivery,Large,Credit Card,Failed,Network Error
T00001426,M00029,2025-06-24 07:15:29,2814.6,Retail,Small,Debit Card,Success,
T00001427,M00097,2025-09-23 02:50:30,12264.27,Professional Services,Small,Credit Card,Success,
T00001428,M00051,2025-02-16 08:27:29,5137.02,Retail,Medium,UPI,Success,
T00001429,M00068,2025-06-16 09:58:56,1421.32,Retail,Medium,Debit Card,Success,
T00001430,M00086,2025-11-25 13:25:25,1390.55,Food Delivery,Large,UPI,Success,
T00001431,M00076,2025-05-09 09:04:06,2373.68,Education,Small,Net Banking,Success,
T00001432,M00074,2025-12-27 15:26:33,1216.73,Gaming,Medium,Credit Card,Success,
T00001433,M00097,2025-01-20 18:00:25,7726.78,Professional Services,Small,Credit Card,Success,
T00001434,M00026,2025-04-27 22:57:58,1024.28,Retail,Medium,Credit Card,Success,
T00001435,M00082,2025-08-11 09:44:11,5750.86,Education,Large,Debit Card,Success,
T00001436,M00029,2025-07-24 01:02:13,3954.25,Retail,Small,Debit Card,Success,
T00001437,M00087,2025-03-13 09:47:03,898.07,Media,Small,Wallet,Success,
T00001438,M00076,2025-07-30 21:52:26,7151.85,Education,Small,Net Banking,Success,
T00001439,M00022,2025-02-05 16:59:40,263.86,Food Delivery,Small,Wallet,Success,
T00001440,M00085,2025-05-09 13:45:49,622.11,Gaming,Medium,Wallet,Success,
T00001441,M00075,2025-03-26 20:03:27,820.83,E-commerce,Small,Wallet,Success,
T00001442,M00072,2025-08-07 00:01:06,758.64,Media,Small,Credit Card,Success,
T00001443,M00034,2025-09-10 03:54:56,2184.49,Gaming,Medium,Debit Card,Success,
T00001444,M00027,2025-12-18 06:31:04,1632.79,E-commerce,Large,Credit Card,Success,
T00001445,M00086,2025-12-23 18:02:26,509.61,Food Delivery,Large,UPI,Success,
T00001446,M00014,2025-05-05 15:20:59,1861.67,E-commerce,Large,Credit Card,Success,
T00001447,M00087,2025-11-06 05:10:59,2405.47,Media,Small,Wallet,Success,
T00001448,M00068,2025-04-20 20:09:26,1335.76,Retail,Medium,Debit Card,Success,
T00001449,M00076,2025-07-20 17:33:26,8650.99,Education,Small,Net Banking,Success,
T00001450,M00095,2025-06-23 00:53:28,426.55,E-commerce,Small,Credit Card,Success,
T00001451,M00007,2025-04-26 02:57:53,3422.78,Gaming,Small,Net Banking,Success,
T00001452,M00035,2025-02-07 06:22:43,1687.56,Retail,Small,UPI,Success,
T00001453,M00038,2025-10-28 07:51:03,3100.92,Education,Small,Debit Card,Success,
T00001454,M00066,2025-09-18 07:58:34,1496.81,Education,Large,Net Banking,Success,
T00001455,M00037,2025-03-24 18:56:10,8739.05,Education,Medium,UPI,Success,
T00001456,M00061,2025-07-28 20:13:57,6142.53,SaaS,Medium,UPI,Success,
T00001457,M00100,2025-12-08 05:29:33,1066.08,E-commerce,Small,UPI,Success,
T00001458,M00066,2025-01-29 00:12:42,1393.33,Education,Large,Net Banking,Success,
T00001459,M00086,2025-03-01 17:05:47,1661.85,Food Delivery,Large,UPI,Success,
T00001460,M00071,2025-01-29 10:43:16,2822.83,Retail,Small,Debit Card,Success,
T00001461,M00005,2025-11-05 10:37:06,25143.6,Travel,Small,Net Banking,Success,
T00001462,M00001,2025-12-20 19:00:37,425.13,Food Delivery,Small,UPI,Success,
T00001463,M00047,2025-05-31 16:43:33,1188.89,Healthcare,Medium,UPI,Success,
T00001464,M00016,2025-06-01 06:25:13,1109.24,Retail,Medium,Debit Card,Success,
T00001465,M00030,2025-07-27 17:01:03,3817.34,E-commerce,Small,UPI,Success,
T00001466,M00053,2025-10-17 16:46:03,4297.04,Education,Small,Net Banking,Success,
T00001467,M00072,2025-09-30 04:41:38,1012.03,Media,Small,Credit Card,Success,
T00001468,M00004,2025-04-23 13:28:22,1607.65,Education,Medium,UPI,Success,
T00001469,M00064,2025-04-28 00:47:31,6327.75,Professional Services,Large,Net Banking,Failed,Authentication Failure
T00001470,M00002,2025-06-03 10:43:20,782.09,Retail,Small,UPI,Success,
T00001471,M00038,2025-01-12 23:15:19,2039.6,Education,Small,Debit Card,Success,
T00001472,M00016,2025-06-01 20:18:53,1076.69,Retail,Medium,Debit Card,Success,
T00001473,M00030,2025-11-26 21:36:37,696.15,E-commerce,Small,UPI,Success,
T00001474,M00031,2025-09-21 00:47:29,1343.84,Media,Small,Net Banking,Success,
T00001475,M00098,2025-11-05 18:05:47,15315.65,SaaS,Medium,Credit Card,Failed,Insufficient Funds
T00001476,M00053,2025-08-03 23:13:09,2865.63,Education,Small,Net Banking,Success,
T00001477,M00041,2025-02-24 21:41:59,4552.71,E-commerce,Small,Wallet,Success,
T00001478,M00084,2025-07-28 14:37:11,426.94,Food Delivery,Small,Net Banking,Success,
T00001479,M00061,2025-02-03 01:26:23,6694.66,SaaS,Medium,UPI,Success,
T00001480,M00062,2025-05-14 12:55:46,6246.58,Retail,Medium,Credit Card,Success,
T00001481,M00056,2025-12-18 17:03:54,3848.37,E-commerce,Large,Credit Card,Success,
T00001482,M00028,2025-03-27 17:53:34,1679.14,E-commerce,Small,UPI,Success,
T00001483,M00085,2025-04-09 03:43:26,440.38,Gaming,Medium,Wallet,Success,
T00001484,M00025,2025-11-27 23:33:22,1319.91,Food Delivery,Small,UPI,Success,
T00001485,M00027,2025-10-19 16:13:01,2993.93,E-commerce,Large,Credit Card,Success,
T00001486,M00064,2025-08-02 11:14:43,4712.77,Professional Services,Large,Net Banking,Success,
T00001487,M00019,2025-09-18 20:33:37,5229.37,E-commerce,Medium,Wallet,Success,
T00001488,M00029,2025-07-09 04:56:37,4332.52,Retail,Small,Debit Card,Failed,Network Error
T00001489,M00067,2025-02-19 19:03:06,463.34,Food Delivery,Medium,Credit Card,Success,
T00001490,M00043,2025-01-28 02:39:57,4263.03,Professional Services,Small,Wallet,Success,
T00001491,M00087,2025-05-04 09:58:46,1379.63,Media,Small,Wallet,Success,
T00001492,M00099,2025-09-27 07:29:53,4347.68,Retail,Small,Wallet,Success,
T00001493,M00038,2025-08-08 15:19:36,1615.68,Education,Small,Debit Card,Failed,Bank Decline
T00001494,M00074,2025-01-02 21:02:11,824.14,Gaming,Medium,Credit Card,Success,
T00001495,M00099,2025-11-02 02:52:58,4618.88,Retail,Small,Wallet,Success,
T00001496,M00068,2025-11-23 06:23:35,2204.07,Retail,Medium,Debit Card,Success,
T00001497,M00037,2025-09-21 22:08:46,6756.91,Education,Medium,UPI,Success,
T00001498,M00060,2025-05-20 07:42:50,229.25,Food Delivery,Medium,Debit Card,Success,
T00001499,M00011,2025-07-09 02:54:08,6085.13,Education,Small,UPI,Success,
T00001500,M00004,2025-11-23 22:04:45,1964.1,Education,Medium,UPI,Success,
T00001501,M00079,2025-11-17 23:00:48,291.18,Food Delivery,Large,Credit Card,Success,
T00001502,M00006,2025-12-11 05:14:55,4285.98,Retail,Small,UPI,Success,
T00001503,M00008,2025-10-10 12:05:45,14600.48,Travel,Small,Credit Card,Success,
T00001504,M00084,2025-01-13 02:45:04,429.23,Food Delivery,Small,Net Banking,Success,
T00001505,M00037,2025-08-13 19:44:47,4834.29,Education,Medium,UPI,Success,
T00001506,M00075,2025-08-03 05:13:43,720.11,E-commerce,Small,Wallet,Success,
T00001507,M00003,2025-12-14 04:33:10,5549.83,Education,Small,Credit Card,Success,
T00001508,M00056,2025-05-23 01:40:36,4912.63,E-commerce,Large,Credit Card,Success,
T00001509,M00074,2025-12-13 04:48:00,1131.23,Gaming,Medium,Credit Card,Success,
T00001510,M00030,2025-06-30 11:19:42,1334.86,E-commerce,Small,UPI,Success,
T00001511,M00085,2025-02-05 04:01:28,296.72,Gaming,Medium,Wallet,Success,
T00001512,M00036,2025-11-26 07:45:48,1044.27,Food Delivery,Medium,UPI,Failed,Payment Timeout
T00001513,M00028,2025-09-23 16:50:55,2777.28,E-commerce,Small,UPI,Success,
T00001514,M00060,2025-03-11 13:45:14,774.18,Food Delivery,Medium,Debit Card,Success,
T00001515,M00055,2025-08-08 17:45:18,7563.3,SaaS,Medium,Net Banking,Success,
T00001516,M00055,2025-07-07 18:34:42,4432.76,SaaS,Medium,Net Banking,Failed,Insufficient Funds
T00001517,M00089,2025-03-26 23:32:31,7846.72,Education,Small,UPI,Success,
T00001518,M00071,2025-04-01 21:12:43,2063.28,Retail,Small,Debit Card,Success,
T00001519,M00083,2025-03-22 07:16:26,742.91,Retail,Small,Debit Card,Success,
T00001520,M00004,2025-12-23 11:27:58,1963.96,Education,Medium,UPI,Success,
T00001521,M00072,2025-01-19 00:49:42,1235.48,Media,Small,Credit Card,Success,
T00001522,M00098,2025-07-22 11:32:51,13140.2,SaaS,Medium,Credit Card,Success,
T00001523,M00001,2025-04-17 05:09:39,426.87,Food Delivery,Small,UPI,Success,
T00001524,M00063,2025-03-09 12:23:51,3973.74,Healthcare,Small,Credit Card,Success,
T00001525,M00015,2025-05-28 00:02:53,1575.62,E-commerce,Medium,UPI,Success,
T00001526,M00037,2025-07-20 15:38:50,9597.03,Education,Medium,UPI,Success,
T00001527,M00020,2025-12-19 08:06:44,8925.14,Healthcare,Small,Net Banking,Success,
T00001528,M00020,2025-05-14 23:56:03,11044.86,Healthcare,Small,Net Banking,Success,
T00001529,M00097,2025-07-07 05:35:30,7464.45,Professional Services,Small,Credit Card,Success,
T00001530,M00049,2025-06-20 20:09:11,1412.86,Retail,Medium,Wallet,Success,
T00001531,M00072,2025-01-30 22:30:51,658.88,Media,Small,Credit Card,Success,
T00001532,M00009,2025-03-03 02:40:36,791.95,Gaming,Small,Credit Card,Success,
T00001533,M00067,2025-10-06 13:44:44,610.39,Food Delivery,Medium,Credit Card,Success,
T00001534,M00035,2025-05-09 05:55:04,1141.28,Retail,Small,UPI,Success,
T00001535,M00074,2025-07-07 00:03:37,895.23,Gaming,Medium,Credit Card,Success,
T00001536,M00032,2025-09-09 08:53:35,1851.68,Retail,Medium,Credit Card,Success,
T00001537,M00084,2025-01-09 17:12:44,420.74,Food Delivery,Small,Net Banking,Success,
T00001538,M00093,2025-02-22 07:43:08,8194.96,SaaS,Small,Net Banking,Success,
T00001539,M00011,2025-01-16 05:17:07,8358.99,Education,Small,UPI,Success,
T00001540,M00006,2025-12-25 05:49:40,2972.27,Retail,Small,UPI,Success,
T00001541,M00044,2025-06-07 11:07:36,10434.88,Professional Services,Small,Net Banking,Success,
T00001542,M00089,2025-10-07 10:40:00,5980.93,Education,Small,UPI,Success,
T00001543,M00065,2025-11-15 23:06:06,1470.83,E-commerce,Large,Debit Card,Success,
T00001544,M00041,2025-07-03 01:53:30,5010.4,E-commerce,Small,Wallet,Success,
T00001545,M00017,2025-03-08 05:47:51,11345.7,Professional Services,Small,Credit Card,Success,
T00001546,M00032,2025-08-15 06:39:20,3473.57,Retail,Medium,Credit Card,Success,
T00001547,M00076,2025-03-12 15:16:59,5705.58,Education,Small,Net Banking,Success,
T00001548,M00100,2025-09-24 06:10:22,528.05,E-commerce,Small,UPI,Success,
T00001549,M00065,2025-06-26 02:38:53,1370.22,E-commerce,Large,Debit Card,Success,
T00001550,M00100,2025-02-21 08:18:58,659.3,E-commerce,Small,UPI,Success,
T00001551,M00055,2025-03-20 14:01:30,4584.56,SaaS,Medium,Net Banking,Success,
T00001552,M00003,2025-11-17 23:40:14,3757.01,Education,Small,Credit Card,Success,
T00001553,M00017,2025-02-07 09:34:04,13761.31,Professional Services,Small,Credit Card,Success,
T00001554,M00022,2025-12-07 21:14:51,655.19,Food Delivery,Small,Wallet,Success,
T00001555,M00027,2025-07-15 11:22:05,1596.66,E-commerce,Large,Credit Card,Success,
T00001556,M00054,2025-12-17 07:06:26,850.05,Media,Small,Credit Card,Success,
T00001557,M00083,2025-11-18 09:03:43,2685.73,Retail,Small,Debit Card,Success,
T00001558,M00074,2025-06-17 13:50:30,1065.21,Gaming,Medium,Credit Card,Success,
T00001559,M00026,2025-05-24 20:10:04,2327.73,Retail,Medium,Credit Card,Success,
T00001560,M00064,2025-11-08 13:58:47,5254.32,Professional Services,Large,Net Banking,Success,
T00001561,M00038,2025-10-26 12:32:21,2270.24,Education,Small,Debit Card,Success,
T00001562,M00004,2025-10-23 18:03:36,2655.57,Education,Medium,UPI,Success,
T00001563,M00059,2025-08-12 17:50:06,922.01,Retail,Medium,UPI,Success,
T00001564,M00013,2025-04-01 07:10:37,2652.94,E-commerce,Small,Debit Card,Success,
T00001565,M00077,2025-02-02 13:14:11,6666.7,Professional Services,Medium,Credit Card,Success,
T00001566,M00067,2025-03-15 09:48:12,827.76,Food Delivery,Medium,Credit Card,Success,
T00001567,M00097,2025-10-16 19:16:48,7976.62,Professional Services,Small,Credit Card,Success,
T00001568,M00070,2025-01-03 19:03:12,701.42,Food Delivery,Large,Debit Card,Success,
T00001569,M00017,2025-03-21 18:38:27,9645.89,Professional Services,Small,Credit Card,Success,
T00001570,M00090,2025-03-02 02:38:27,7034.57,Healthcare,Medium,Debit Card,Success,
T00001571,M00073,2025-08-16 08:02:44,3913.55,SaaS,Small,Net Banking,Success,
T00001572,M00097,2025-05-23 00:02:59,11560.96,Professional Services,Small,Credit Card,Success,
T00001573,M00036,2025-09-22 07:42:17,720.93,Food Delivery,Medium,UPI,Success,
T00001574,M00043,2025-08-05 12:51:38,5925.47,Professional Services,Small,Wallet,Success,
T00001575,M00010,2025-05-24 18:38:05,1329.41,Retail,Medium,UPI,Failed,Payment Timeout
T00001576,M00033,2025-05-14 17:38:00,3524.1,E-commerce,Small,UPI,Success,
T00001577,M00027,2025-06-04 14:50:17,1509.68,E-commerce,Large,Credit Card,Success,
T00001578,M00038,2025-10-18 10:08:00,1326.95,Education,Small,Debit Card,Success,
T00001579,M00010,2025-11-01 03:06:26,1849.92,Retail,Medium,UPI,Success,
T00001580,M00056,2025-06-05 13:29:53,4092.14,E-commerce,Large,Credit Card,Success,
T00001581,M00091,2025-11-08 00:29:52,9581.33,Professional Services,Small,Net Banking,Success,
T00001582,M00048,2025-03-04 10:11:12,648.81,Food Delivery,Medium,Credit Card,Success,
T00001583,M00093,2025-09-04 22:47:58,8012.39,SaaS,Small,Net Banking,Success,
T00001584,M00034,2025-12-26 13:39:26,1517.94,Gaming,Medium,Debit Card,Success,
T00001585,M00014,2025-02-04 05:31:50,4663.49,E-commerce,Large,Credit Card,Success,
T00001586,M00006,2025-01-15 15:54:18,3605.99,Retail,Small,UPI,Success,
T00001587,M00038,2025-12-28 10:36:46,4538.82,Education,Small,Debit Card,Success,
T00001588,M00069,2025-10-04 08:38:49,6343.0,Education,Small,Credit Card,Failed,Insufficient Funds
T00001589,M00002,2025-10-28 10:33:12,1090.49,Retail,Small,UPI,Success,
T00001590,M00042,2025-03-20 08:02:51,6050.57,Healthcare,Small,Debit Card,Success,
T00001591,M00091,2025-12-28 11:17:51,18523.47,Professional Services,Small,Net Banking,Success,
T00001592,M00047,2025-08-21 19:53:02,1287.65,Healthcare,Medium,UPI,Success,
T00001593,M00057,2025-09-29 06:01:24,10065.23,Healthcare,Medium,Credit Card,Success,
T00001594,M00005,2025-04-03 22:02:00,29751.08,Travel,Small,Net Banking,Success,
T00001595,M00096,2025-03-03 03:29:29,2056.43,Gaming,Small,UPI,Success,
T00001596,M00087,2025-09-18 01:42:09,2116.5,Media,Small,Wallet,Success,
T00001597,M00027,2025-08-16 14:39:47,1619.33,E-commerce,Large,Credit Card,Success,
T00001598,M00076,2025-12-23 23:21:16,8059.58,Education,Small,Net Banking,Success,
T00001599,M00029,2025-04-21 11:40:27,3867.39,Retail,Small,Debit Card,Success,
T00001600,M00069,2025-05-15 22:42:09,4100.54,Education,Small,Credit Card,Failed,Network Error
T00001601,M00020,2025-03-29 21:13:37,7170.85,Healthcare,Small,Net Banking,Failed,Payment Timeout
T00001602,M00004,2025-01-02 19:21:16,1833.01,Education,Medium,UPI,Success,
T00001603,M00004,2025-06-08 02:46:11,1287.69,Education,Medium,UPI,Success,
T00001604,M00068,2025-05-13 00:42:42,1462.47,Retail,Medium,Debit Card,Failed,Payment Timeout
T00001605,M00095,2025-04-11 01:52:35,803.58,E-commerce,Small,Credit Card,Success,
T00001606,M00087,2025-09-27 14:20:13,1155.36,Media,Small,Wallet,Success,
T00001607,M00082,2025-05-27 10:38:34,3400.36,Education,Large,Debit Card,Success,
T00001608,M00003,2025-10-29 05:06:17,3320.49,Education,Small,Credit Card,Success,
T00001609,M00049,2025-06-28 22:13:32,2132.28,Retail,Medium,Wallet,Success,
T00001610,M00042,2025-04-11 03:03:15,6312.34,Healthcare,Small,Debit Card,Success,
T00001611,M00016,2025-09-04 02:09:21,1067.18,Retail,Medium,Debit Card,Success,
T00001612,M00095,2025-11-07 18:02:41,458.91,E-commerce,Small,Credit Card,Success,
T00001613,M00027,2025-05-18 03:05:44,1527.02,E-commerce,Large,Credit Card,Success,
T00001614,M00005,2025-04-07 09:55:43,25068.91,Travel,Small,Net Banking,Success,
T00001615,M00028,2025-06-04 22:18:10,1746.69,E-commerce,Small,UPI,Success,
T00001616,M00082,2025-12-28 17:14:31,3274.41,Education,Large,Debit Card,Success,
T00001617,M00052,2025-05-02 21:30:22,15176.32,Travel,Medium,Credit Card,Success,
T00001618,M00059,2025-10-17 18:40:49,1227.3,Retail,Medium,UPI,Success,
T00001619,M00043,2025-12-20 09:08:19,6234.12,Professional Services,Small,Wallet,Success,
T00001620,M00002,2025-04-05 00:07:48,1342.03,Retail,Small,UPI,Success,
T00001621,M00033,2025-03-22 07:18:59,4327.15,E-commerce,Small,UPI,Success,
T00001622,M00016,2025-05-19 06:24:56,1588.81,Retail,Medium,Debit Card,Success,
T00001623,M00034,2025-02-11 10:24:58,1645.08,Gaming,Medium,Debit Card,Failed,Authentication Failure
T00001624,M00005,2025-08-27 09:16:55,27267.15,Travel,Small,Net Banking,Success,
T00001625,M00099,2025-11-29 20:39:05,3885.06,Retail,Small,Wallet,Success,
T00001626,M00025,2025-08-30 01:02:24,1094.74,Food Delivery,Small,UPI,Success,
T00001627,M00083,2025-12-15 19:05:46,2575.64,Retail,Small,Debit Card,Success,
T00001628,M00041,2025-07-10 14:38:14,4194.89,E-commerce,Small,Wallet,Success,
T00001629,M00097,2025-10-24 19:26:28,8802.84,Professional Services,Small,Credit Card,Success,
T00001630,M00068,2025-08-12 22:54:32,1302.87,Retail,Medium,Debit Card,Success,
T00001631,M00023,2025-07-24 04:12:34,7960.42,Healthcare,Small,Net Banking,Success,
T00001632,M00001,2025-07-15 03:24:30,257.08,Food Delivery,Small,UPI,Success,
T00001633,M00020,2025-12-01 03:30:37,7870.52,Healthcare,Small,Net Banking,Failed,Technical Error
T00001634,M00034,2025-07-21 06:01:19,1252.48,Gaming,Medium,Debit Card,Success,
T00001635,M00029,2025-09-25 15:54:28,5943.15,Retail,Small,Debit Card,Success,
T00001636,M00100,2025-02-09 03:02:16,721.56,E-commerce,Small,UPI,Success,
T00001637,M00052,2025-08-26 23:30:20,27765.41,Travel,Medium,Credit Card,Success,
T00001638,M00037,2025-04-15 15:04:00,6166.21,Education,Medium,UPI,Success,
T00001639,M00022,2025-08-27 02:21:26,370.88,Food Delivery,Small,Wallet,Success,
T00001640,M00038,2025-06-12 18:13:45,3727.21,Education,Small,Debit Card,Success,
T00001641,M00013,2025-05-25 14:10:38,1940.33,E-commerce,Small,Debit Card,Success,
T00001642,M00094,2025-08-10 21:55:28,14290.11,SaaS,Small,UPI,Success,
T00001643,M00046,2025-08-12 15:42:33,10852.08,Professional Services,Small,Net Banking,Success,
T00001644,M00034,2025-11-09 06:38:22,745.83,Gaming,Medium,Debit Card,Success,
T00001645,M00038,2025-06-17 20:34:14,3609.21,Education,Small,Debit Card,Success,
T00001646,M00078,2025-10-14 19:42:37,11049.84,SaaS,Medium,Net Banking,Success,
T00001647,M00081,2025-11-09 21:22:24,563.85,Media,Small,UPI,Success,
T00001648,M00096,2025-12-13 21:53:01,1737.81,Gaming,Small,UPI,Success,
T00001649,M00006,2025-07-20 18:51:15,2478.71,Retail,Small,UPI,Success,
T00001650,M00029,2025-04-08 11:14:51,3875.48,Retail,Small,Debit Card,Success,
T00001651,M00041,2025-08-09 12:36:04,5039.92,E-commerce,Small,Wallet,Success,
T00001652,M00041,2025-03-25 16:18:03,4636.98,E-commerce,Small,Wallet,Success,
T00001653,M00063,2025-07-05 01:40:09,5335.98,Healthcare,Small,Credit Card,Success,
T00001654,M00028,2025-04-11 21:13:25,2081.0,E-commerce,Small,UPI,Success,
T00001655,M00020,2025-08-06 14:50:27,4145.14,Healthcare,Small,Net Banking,Success,
T00001656,M00017,2025-06-09 21:53:23,8643.08,Professional Services,Small,Credit Card,Success,
T00001657,M00006,2025-12-03 20:27:40,2745.66,Retail,Small,UPI,Success,
T00001658,M00073,2025-09-10 09:11:07,2499.89,SaaS,Small,Net Banking,Success,
T00001659,M00019,2025-03-09 18:49:11,5783.34,E-commerce,Medium,Wallet,Success,
T00001660,M00028,2025-07-18 05:41:16,2275.39,E-commerce,Small,UPI,Success,
T00001661,M00072,2025-10-14 00:55:17,770.24,Media,Small,Credit Card,Success,
T00001662,M00009,2025-06-30 02:28:57,842.09,Gaming,Small,Credit Card,Success,
T00001663,M00055,2025-02-26 06:05:03,16934.4,SaaS,Medium,Net Banking,Failed,Authentication Failure
T00001664,M00018,2025-09-03 03:53:40,5521.91,Professional Services,Small,Net Banking,Success,
T00001665,M00092,2025-06-07 04:45:18,4707.31,Healthcare,Medium,Debit Card,Success,
T00001666,M00098,2025-03-30 15:08:43,10749.92,SaaS,Medium,Credit Card,Success,
T00001667,M00043,2025-09-11 14:31:23,4961.66,Professional Services,Small,Wallet,Success,
T00001668,M00089,2025-04-16 08:12:55,9492.73,Education,Small,UPI,Success,
T00001669,M00046,2025-10-31 07:12:20,16396.69,Professional Services,Small,Net Banking,Success,
T00001670,M00035,2025-06-24 20:59:40,1497.71,Retail,Small,UPI,Success,
T00001671,M00037,2025-03-13 09:56:36,7914.93,Education,Medium,UPI,Success,
T00001672,M00036,2025-04-08 17:31:12,754.39,Food Delivery,Medium,UPI,Success,
T00001673,M00088,2025-09-30 02:58:07,681.51,Food Delivery,Small,UPI,Success,
T00001674,M00084,2025-02-07 02:37:30,331.87,Food Delivery,Small,Net Banking,Success,
T00001675,M00085,2025-12-08 05:59:36,372.81,Gaming,Medium,Wallet,Success,
T00001676,M00043,2025-07-23 11:52:24,5371.35,Professional Services,Small,Wallet,Success,
T00001677,M00067,2025-02-02 07:57:26,688.17,Food Delivery,Medium,Credit Card,Success,
T00001678,M00006,2025-12-28 19:02:39,4170.77,Retail,Small,UPI,Success,
T00001679,M00014,2025-05-01 03:32:36,4148.63,E-commerce,Large,Credit Card,Success,
T00001680,M00100,2025-02-19 02:14:33,1047.79,E-commerce,Small,UPI,Success,
T00001681,M00092,2025-11-22 15:33:07,4580.27,Healthcare,Medium,Debit Card,Success,
T00001682,M00072,2025-12-22 10:57:25,931.2,Media,Small,Credit Card,Success,
T00001683,M00019,2025-07-04 22:05:01,1887.44,E-commerce,Medium,Wallet,Success,
T00001684,M00026,2025-08-02 00:48:45,1970.97,Retail,Medium,Credit Card,Success,
T00001685,M00030,2025-09-28 22:18:59,1577.74,E-commerce,Small,UPI,Success,
T00001686,M00078,2025-10-18 20:21:43,11803.62,SaaS,Medium,Net Banking,Success,
T00001687,M00054,2025-08-08 00:42:59,594.5,Media,Small,Credit Card,Success,
T00001688,M00018,2025-12-19 23:46:40,9448.62,Professional Services,Small,Net Banking,Success,
T00001689,M00021,2025-07-29 14:04:17,2736.97,E-commerce,Small,UPI,Success,
T00001690,M00064,2025-06-10 02:01:04,8830.69,Professional Services,Large,Net Banking,Success,
T00001691,M00061,2025-04-28 21:30:16,10976.97,SaaS,Medium,UPI,Success,
T00001692,M00066,2025-02-22 22:24:44,1546.34,Education,Large,Net Banking,Success,
T00001693,M00064,2025-07-02 05:14:30,4329.61,Professional Services,Large,Net Banking,Success,
T00001694,M00097,2025-10-21 09:30:57,6545.53,Professional Services,Small,Credit Card,Success,
T00001695,M00003,2025-01-04 13:07:19,4365.81,Education,Small,Credit Card,Success,
T00001696,M00036,2025-11-06 10:24:37,400.95,Food Delivery,Medium,UPI,Success,
T00001697,M00048,2025-05-26 02:36:48,935.93,Food Delivery,Medium,Credit Card,Success,
T00001698,M00065,2025-04-08 01:12:02,2379.3,E-commerce,Large,Debit Card,Success,
T00001699,M00016,2025-10-14 06:26:10,667.71,Retail,Medium,Debit Card,Success,
T00001700,M00100,2025-01-31 18:17:17,389.61,E-commerce,Small,UPI,Success,
T00001701,M00059,2025-04-04 00:52:40,378.7,Retail,Medium,UPI,Success,
T00001702,M00096,2025-09-27 11:50:44,1609.47,Gaming,Small,UPI,Success,
T00001703,M00033,2025-04-21 13:22:50,3141.4,E-commerce,Small,UPI,Success,
T00001704,M00075,2025-03-15 00:17:34,413.32,E-commerce,Small,Wallet,Success,
T00001705,M00093,2025-03-12 20:09:29,7755.84,SaaS,Small,Net Banking,Success,
T00001706,M00081,2025-06-25 20:05:47,476.48,Media,Small,UPI,Success,
T00001707,M00006,2025-08-30 20:29:09,2451.84,Retail,Small,UPI,Success,
T00001708,M00006,2025-07-27 18:17:19,3373.02,Retail,Small,UPI,Success,
T00001709,M00013,2025-02-09 17:15:28,2352.5,E-commerce,Small,Debit Card,Success,
T00001710,M00076,2025-01-04 04:28:03,8839.8,Education,Small,Net Banking,Success,
T00001711,M00088,2025-02-28 12:28:25,824.25,Food Delivery,Small,UPI,Success,
T00001712,M00074,2025-11-02 03:29:27,1080.11,Gaming,Medium,Credit Card,Success,
T00001713,M00084,2025-05-25 05:40:18,201.79,Food Delivery,Small,Net Banking,Success,
T00001714,M00027,2025-11-24 14:25:16,1784.95,E-commerce,Large,Credit Card,Success,
T00001715,M00075,2025-02-26 17:38:14,874.11,E-commerce,Small,Wallet,Success,
T00001716,M00098,2025-07-02 14:05:08,13985.29,SaaS,Medium,Credit Card,Success,
T00001717,M00071,2025-12-14 20:31:10,3429.15,Retail,Small,Debit Card,Success,
T00001718,M00076,2025-02-17 08:45:50,4112.34,Education,Small,Net Banking,Failed,Technical Error
T00001719,M00078,2025-04-07 16:29:50,5097.55,SaaS,Medium,Net Banking,Success,
T00001720,M00002,2025-01-14 00:20:18,1418.92,Retail,Small,UPI,Success,
T00001721,M00035,2025-10-13 13:42:18,2002.75,Retail,Small,UPI,Failed,Authentication Failure
T00001722,M00007,2025-06-01 02:53:19,1889.91,Gaming,Small,Net Banking,Success,
T00001723,M00033,2025-05-02 05:04:12,4682.29,E-commerce,Small,UPI,Success,
T00001724,M00043,2025-10-17 05:20:10,4919.56,Professional Services,Small,Wallet,Success,
T00001725,M00081,2025-07-22 07:23:04,535.54,Media,Small,UPI,Success,
T00001726,M00050,2025-05-20 23:25:11,14855.82,SaaS,Small,Wallet,Success,
T00001727,M00025,2025-12-02 09:52:22,668.08,Food Delivery,Small,UPI,Success,
T00001728,M00017,2025-06-18 14:40:47,3220.99,Professional Services,Small,Credit Card,Success,
T00001729,M00038,2025-03-06 23:54:41,3566.57,Education,Small,Debit Card,Success,
T00001730,M00011,2025-04-05 09:45:24,4565.7,Education,Small,UPI,Success,
T00001731,M00087,2025-01-17 07:24:23,1126.32,Media,Small,Wallet,Success,
T00001732,M00007,2025-03-02 04:37:46,2294.32,Gaming,Small,Net Banking,Success,
T00001733,M00066,2025-02-04 18:00:47,1514.08,Education,Large,Net Banking,Success,
T00001734,M00068,2025-05-12 10:19:21,2009.17,Retail,Medium,Debit Card,Failed,Technical Error
T00001735,M00091,2025-01-24 07:43:42,23995.89,Professional Services,Small,Net Banking,Success,
T00001736,M00049,2025-11-04 09:00:00,1674.11,Retail,Medium,Wallet,Success,
T00001737,M00026,2025-07-09 11:01:30,1914.76,Retail,Medium,Credit Card,Success,
T00001738,M00093,2025-10-21 20:55:55,13059.17,SaaS,Small,Net Banking,Success,
T00001739,M00049,2025-12-13 08:08:26,1182.2,Retail,Medium,Wallet,Success,
T00001740,M00059,2025-05-20 02:21:46,875.0,Retail,Medium,UPI,Success,
T00001741,M00046,2025-04-08 08:39:29,17676.07,Professional Services,Small,Net Banking,Success,
T00001742,M00043,2025-04-25 10:56:20,4196.9,Professional Services,Small,Wallet,Success,
T00001743,M00030,2025-07-10 07:59:18,2765.75,E-commerce,Small,UPI,Success,
T00001744,M00034,2025-10-12 10:29:06,1782.16,Gaming,Medium,Debit Card,Success,
T00001745,M00018,2025-12-03 23:11:40,10701.0,Professional Services,Small,Net Banking,Success,
T00001746,M00018,2025-01-27 17:58:34,3388.81,Professional Services,Small,Net Banking,Success,
T00001747,M00044,2025-06-24 12:33:51,14190.32,Professional Services,Small,Net Banking,Success,
T00001748,M00081,2025-01-01 06:42:33,525.93,Media,Small,UPI,Success,
T00001749,M00005,2025-07-16 11:52:04,21670.55,Travel,Small,Net Banking,Success,
T00001750,M00038,2025-11-29 18:13:40,3640.23,Education,Small,Debit Card,Success,
T00001751,M00082,2025-08-29 20:39:28,6686.92,Education,Large,Debit Card,Success,
T00001752,M00041,2025-07-29 07:26:19,6587.77,E-commerce,Small,Wallet,Success,
T00001753,M00035,2025-03-15 17:42:41,1246.2,Retail,Small,UPI,Success,
T00001754,M00069,2025-08-27 01:56:23,6259.41,Education,Small,Credit Card,Success,
T00001755,M00044,2025-06-09 03:39:18,13802.76,Professional Services,Small,Net Banking,Success,
T00001756,M00050,2025-01-26 21:30:04,10646.02,SaaS,Small,Wallet,Success,
T00001757,M00057,2025-02-20 09:35:01,10181.31,Healthcare,Medium,Credit Card,Success,
T00001758,M00013,2025-03-16 09:59:47,2593.41,E-commerce,Small,Debit Card,Success,
T00001759,M00090,2025-08-10 18:13:09,7540.39,Healthcare,Medium,Debit Card,Success,
T00001760,M00081,2025-08-31 07:49:35,330.0,Media,Small,UPI,Success,
T00001761,M00034,2025-04-10 09:31:12,1816.45,Gaming,Medium,Debit Card,Success,
T00001762,M00032,2025-01-06 01:58:16,2837.58,Retail,Medium,Credit Card,Success,
T00001763,M00087,2025-03-23 01:34:48,1157.77,Media,Small,Wallet,Success,
T00001764,M00065,2025-07-01 18:37:38,647.25,E-commerce,Large,Debit Card,Success,
T00001765,M00054,2025-01-24 13:46:00,668.76,Media,Small,Credit Card,Success,
T00001766,M00063,2025-11-16 05:50:32,6868.95,Healthcare,Small,Credit Card,Success,
T00001767,M00079,2025-10-03 03:04:53,326.5,Food Delivery,Large,Credit Card,Success,
T00001768,M00019,2025-10-13 04:10:30,5343.26,E-commerce,Medium,Wallet,Success,
T00001769,M00021,2025-04-29 00:35:44,3183.1,E-commerce,Small,UPI,Success,
T00001770,M00009,2025-02-09 07:29:11,889.66,Gaming,Small,Credit Card,Success,
T00001771,M00060,2025-07-26 11:26:24,503.22,Food Delivery,Medium,Debit Card,Success,
T00001772,M00079,2025-08-10 09:02:34,265.73,Food Delivery,Large,Credit Card,Success,
T00001773,M00045,2025-03-11 11:26:57,1649.65,Media,Small,Wallet,Success,
T00001774,M00011,2025-10-25 14:16:44,6374.73,Education,Small,UPI,Success,
T00001775,M00073,2025-05-20 00:27:37,3120.31,SaaS,Small,Net Banking,Success,
T00001776,M00071,2025-02-10 10:18:16,1540.56,Retail,Small,Debit Card,Success,
T00001777,M00041,2025-03-12 01:25:03,2949.3,E-commerce,Small,Wallet,Success,
T00001778,M00088,2025-07-27 08:18:47,606.87,Food Delivery,Small,UPI,Failed,Authentication Failure
T00001779,M00086,2025-12-29 13:02:12,952.75,Food Delivery,Large,UPI,Failed,Network Error
T00001780,M00097,2025-11-25 02:36:36,8793.53,Professional Services,Small,Credit Card,Success,
T00001781,M00004,2025-10-24 18:42:52,1303.66,Education,Medium,UPI,Success,
T00001782,M00091,2025-04-04 11:41:48,9985.43,Professional Services,Small,Net Banking,Success,
T00001783,M00046,2025-03-25 01:57:17,10120.46,Professional Services,Small,Net Banking,Success,
T00001784,M00003,2025-05-20 19:31:22,5255.43,Education,Small,Credit Card,Failed,Authentication Failure
T00001785,M00027,2025-06-04 05:09:08,1720.47,E-commerce,Large,Credit Card,Success,
T00001786,M00047,2025-01-07 07:56:59,1677.35,Healthcare,Medium,UPI,Success,
T00001787,M00099,2025-12-12 18:25:34,3902.26,Retail,Small,Wallet,Success,
T00001788,M00045,2025-11-29 07:53:32,3186.23,Media,Small,Wallet,Success,
T00001789,M00011,2025-10-27 15:06:58,8873.78,Education,Small,UPI,Success,
T00001790,M00018,2025-08-04 00:30:52,4740.21,Professional Services,Small,Net Banking,Success,
T00001791,M00057,2025-08-10 15:00:47,11390.42,Healthcare,Medium,Credit Card,Success,
T00001792,M00058,2025-05-19 02:57:06,1293.7,Food Delivery,Small,UPI,Success,
T00001793,M00004,2025-04-13 21:52:07,1532.93,Education,Medium,UPI,Success,
T00001794,M00039,2025-11-11 23:45:35,2551.38,Gaming,Small,UPI,Success,
T00001795,M00031,2025-08-10 13:19:32,784.58,Media,Small,Net Banking,Success,
T00001796,M00070,2025-10-09 00:15:33,1583.36,Food Delivery,Large,Debit Card,Success,
T00001797,M00072,2025-07-07 09:32:06,1097.06,Media,Small,Credit Card,Success,
T00001798,M00077,2025-08-12 18:52:32,11431.2,Professional Services,Medium,Credit Card,Success,
T00001799,M00004,2025-02-07 00:51:26,1650.8,Education,Medium,UPI,Success,
T00001800,M00035,2025-08-12 19:21:12,1638.23,Retail,Small,UPI,Success,
T00001801,M00046,2025-10-30 23:15:47,20518.95,Professional Services,Small,Net Banking,Success,
T00001802,M00050,2025-11-14 08:18:45,14119.79,SaaS,Small,Wallet,Success,
T00001803,M00018,2025-12-28 06:31:18,11372.54,Professional Services,Small,Net Banking,Success,
T00001804,M00062,2025-09-11 12:20:34,2350.42,Retail,Medium,Credit Card,Success,
T00001805,M00050,2025-12-27 15:40:29,18214.88,SaaS,Small,Wallet,Success,
T00001806,M00084,2025-04-29 08:47:13,433.74,Food Delivery,Small,Net Banking,Success,
T00001807,M00074,2025-05-05 00:14:45,884.28,Gaming,Medium,Credit Card,Success,
T00001808,M00003,2025-03-27 17:58:43,3968.75,Education,Small,Credit Card,Success,
T00001809,M00011,2025-09-19 14:44:07,7136.1,Education,Small,UPI,Success,
T00001810,M00021,2025-08-20 03:02:02,1887.04,E-commerce,Small,UPI,Success,
T00001811,M00009,2025-02-04 23:38:02,845.03,Gaming,Small,Credit Card,Success,
T00001812,M00060,2025-02-21 08:05:28,734.7,Food Delivery,Medium,Debit Card,Success,
T00001813,M00086,2025-07-04 19:17:12,1032.43,Food Delivery,Large,UPI,Success,
T00001814,M00038,2025-02-03 00:59:37,3081.5,Education,Small,Debit Card,Success,
T00001815,M00025,2025-06-18 17:45:02,1146.68,Food Delivery,Small,UPI,Success,
T00001816,M00052,2025-08-06 05:01:05,20813.91,Travel,Medium,Credit Card,Success,
T00001817,M00014,2025-06-03 12:38:17,3455.4,E-commerce,Large,Credit Card,Success,
T00001818,M00089,2025-10-13 16:55:13,6474.04,Education,Small,UPI,Success,
T00001819,M00026,2025-04-05 02:32:25,2573.24,Retail,Medium,Credit Card,Success,
T00001820,M00032,2025-12-25 21:35:28,3268.79,Retail,Medium,Credit Card,Success,
T00001821,M00024,2025-02-13 16:51:15,697.19,Gaming,Small,Credit Card,Success,
T00001822,M00072,2025-05-05 13:29:53,628.42,Media,Small,Credit Card,Success,
T00001823,M00047,2025-09-12 12:51:45,2101.3,Healthcare,Medium,UPI,Failed,Payment Timeout
T00001824,M00043,2025-11-16 01:43:06,5487.72,Professional Services,Small,Wallet,Failed,Authentication Failure
T00001825,M00059,2025-08-31 00:28:43,859.98,Retail,Medium,UPI,Success,
T00001826,M00075,2025-03-19 13:12:03,630.29,E-commerce,Small,Wallet,Success,
T00001827,M00086,2025-03-02 13:56:36,1161.74,Food Delivery,Large,UPI,Success,
T00001828,M00087,2025-01-22 04:19:52,777.8,Media,Small,Wallet,Success,
T00001829,M00030,2025-08-30 04:09:44,3980.25,E-commerce,Small,UPI,Success,
T00001830,M00028,2025-01-06 08:00:12,1718.75,E-commerce,Small,UPI,Success,
T00001831,M00087,2025-11-09 08:26:24,2353.5,Media,Small,Wallet,Success,
T00001832,M00053,2025-03-23 04:06:36,5113.59,Education,Small,Net Banking,Success,
T00001833,M00066,2025-03-24 06:49:15,1667.6,Education,Large,Net Banking,Success,
T00001834,M00020,2025-07-07 14:07:54,11453.77,Healthcare,Small,Net Banking,Success,
T00001835,M00019,2025-02-24 21:27:12,3949.71,E-commerce,Medium,Wallet,Success,
T00001836,M00070,2025-12-18 20:54:27,659.04,Food Delivery,Large,Debit Card,Success,
T00001837,M00016,2025-01-17 21:16:54,1011.8,Retail,Medium,Debit Card,Success,
T00001838,M00081,2025-09-28 12:05:57,474.67,Media,Small,UPI,Success,
T00001839,M00099,2025-01-21 14:47:25,1250.7,Retail,Small,Wallet,Success,
T00001840,M00066,2025-09-14 11:07:15,1748.17,Education,Large,Net Banking,Success,
T00001841,M00098,2025-11-27 21:59:19,14735.33,SaaS,Medium,Credit Card,Success,
T00001842,M00025,2025-04-24 14:15:22,954.86,Food Delivery,Small,UPI,Success,
T00001843,M00032,2025-09-10 04:57:02,976.07,Retail,Medium,Credit Card,Success,
T00001844,M00056,2025-10-03 14:46:44,7626.22,E-commerce,Large,Credit Card,Success,
T00001845,M00015,2025-05-03 12:15:45,1324.52,E-commerce,Medium,UPI,Success,
T00001846,M00017,2025-03-19 05:39:04,11130.3,Professional Services,Small,Credit Card,Success,
T00001847,M00001,2025-06-27 20:44:28,213.72,Food Delivery,Small,UPI,Success,
T00001848,M00085,2025-12-25 04:10:49,340.61,Gaming,Medium,Wallet,Success,
T00001849,M00029,2025-05-10 13:05:39,2073.79,Retail,Small,Debit Card,Success,
T00001850,M00040,2025-09-23 18:14:38,12964.64,Professional Services,Small,Net Banking,Success,
T00001851,M00099,2025-08-31 19:34:30,2879.98,Retail,Small,Wallet,Failed,Network Error
T00001852,M00012,2025-11-12 07:23:23,20822.13,SaaS,Medium,Net Banking,Success,
T00001853,M00003,2025-04-11 01:44:44,6035.42,Education,Small,Credit Card,Success,
T00001854,M00033,2025-01-12 10:38:31,2273.37,E-commerce,Small,UPI,Success,
T00001855,M00032,2025-04-19 19:35:45,2777.9,Retail,Medium,Credit Card,Success,
T00001856,M00027,2025-02-23 07:21:44,2025.57,E-commerce,Large,Credit Card,Success,
T00001857,M00045,2025-05-29 10:25:42,1418.62,Media,Small,Wallet,Success,
T00001858,M00056,2025-09-24 14:51:39,4637.19,E-commerce,Large,Credit Card,Success,
T00001859,M00011,2025-04-04 08:19:30,5294.64,Education,Small,UPI,Success,
T00001860,M00037,2025-08-24 02:26:49,6220.4,Education,Medium,UPI,Success,
T00001861,M00028,2025-07-30 13:59:05,3043.25,E-commerce,Small,UPI,Success,
T00001862,M00040,2025-09-23 15:47:43,16609.4,Professional Services,Small,Net Banking,Success,
T00001863,M00083,2025-12-01 23:53:59,2039.59,Retail,Small,Debit Card,Success,
T00001864,M00018,2025-12-20 05:44:20,10895.82,Professional Services,Small,Net Banking,Success,
T00001865,M00091,2025-12-20 00:30:48,19966.04,Professional Services,Small,Net Banking,Failed,Bank Decline
T00001866,M00083,2025-05-04 07:16:45,1533.37,Retail,Small,Debit Card,Success,
T00001867,M00099,2025-07-26 23:33:41,4853.34,Retail,Small,Wallet,Success,
T00001868,M00040,2025-12-08 14:49:17,11970.07,Professional Services,Small,Net Banking,Success,
T00001869,M00031,2025-01-12 10:48:16,1816.18,Media,Small,Net Banking,Success,
T00001870,M00033,2025-06-09 17:08:39,1550.77,E-commerce,Small,UPI,Success,
T00001871,M00006,2025-10-17 13:35:10,5264.64,Retail,Small,UPI,Success,
T00001872,M00053,2025-04-17 07:57:54,3137.03,Education,Small,Net Banking,Success,
T00001873,M00099,2025-03-14 23:40:05,4884.66,Retail,Small,Wallet,Success,
T00001874,M00026,2025-08-26 16:04:54,1962.13,Retail,Medium,Credit Card,Success,
T00001875,M00020,2025-08-24 04:38:35,6801.68,Healthcare,Small,Net Banking,Success,
T00001876,M00024,2025-09-24 22:49:34,746.14,Gaming,Small,Credit Card,Success,
T00001877,M00092,2025-01-31 20:45:52,3840.28,Healthcare,Medium,Debit Card,Success,
T00001878,M00030,2025-08-23 20:19:19,1766.2,E-commerce,Small,UPI,Success,
T00001879,M00073,2025-09-10 06:25:03,2332.39,SaaS,Small,Net Banking,Success,
T00001880,M00068,2025-02-23 09:42:41,2104.64,Retail,Medium,Debit Card,Success,
T00001881,M00028,2025-03-29 21:01:04,3524.44,E-commerce,Small,UPI,Success,
T00001882,M00019,2025-04-15 19:15:55,5128.21,E-commerce,Medium,Wallet,Failed,Bank Decline
T00001883,M00039,2025-10-16 07:21:31,1782.99,Gaming,Small,UPI,Success,
T00001884,M00084,2025-03-10 18:29:18,343.77,Food Delivery,Small,Net Banking,Failed,Authentication Failure
T00001885,M00047,2025-12-03 18:13:41,1107.87,Healthcare,Medium,UPI,Success,
T00001886,M00075,2025-12-11 16:54:34,407.31,E-commerce,Small,Wallet,Success,
T00001887,M00021,2025-06-07 05:37:54,2867.83,E-commerce,Small,UPI,Success,
T00001888,M00020,2025-10-07 16:45:32,5048.77,Healthcare,Small,Net Banking,Success,
T00001889,M00031,2025-08-26 11:38:18,2334.98,Media,Small,Net Banking,Success,
T00001890,M00017,2025-09-07 02:13:25,9151.01,Professional Services,Small,Credit Card,Success,
T00001891,M00046,2025-11-02 14:37:29,15769.3,Professional Services,Small,Net Banking,Success,
T00001892,M00052,2025-12-07 21:22:52,25538.2,Travel,Medium,Credit Card,Success,
T00001893,M00094,2025-04-06 10:17:30,8160.47,SaaS,Small,UPI,Success,
T00001894,M00065,2025-08-05 14:08:58,1457.55,E-commerce,Large,Debit Card,Success,
T00001895,M00062,2025-10-25 03:48:24,3975.33,Retail,Medium,Credit Card,Success,
T00001896,M00080,2025-06-04 14:00:02,737.32,Media,Small,Credit Card,Success,
T00001897,M00008,2025-10-28 11:11:32,16052.57,Travel,Small,Credit Card,Success,
T00001898,M00084,2025-08-27 02:49:32,294.86,Food Delivery,Small,Net Banking,Failed,Technical Error
T00001899,M00027,2025-07-20 18:30:22,2032.27,E-commerce,Large,Credit Card,Success,
T00001900,M00074,2025-02-05 02:58:09,857.71,Gaming,Medium,Credit Card,Success,
T00001901,M00084,2025-02-13 22:50:08,489.22,Food Delivery,Small,Net Banking,Success,
T00001902,M00014,2025-08-01 04:53:00,5305.33,E-commerce,Large,Credit Card,Success,
T00001903,M00061,2025-06-10 14:39:07,7803.91,SaaS,Medium,UPI,Success,
T00001904,M00028,2025-12-15 05:04:51,2491.75,E-commerce,Small,UPI,Success,
T00001905,M00011,2025-03-20 10:08:33,8105.24,Education,Small,UPI,Success,
T00001906,M00036,2025-09-09 21:10:13,784.7,Food Delivery,Medium,UPI,Success,
T00001907,M00006,2025-11-06 07:47:22,4164.15,Retail,Small,UPI,Success,
T00001908,M00071,2025-10-02 06:30:36,3738.47,Retail,Small,Debit Card,Success,
T00001909,M00052,2025-05-21 22:52:39,34664.33,Travel,Medium,Credit Card,Success,
T00001910,M00088,2025-07-18 17:04:37,845.46,Food Delivery,Small,UPI,Success,
T00001911,M00032,2025-03-04 02:22:22,2099.89,Retail,Medium,Credit Card,Success,
T00001912,M00045,2025-12-21 06:48:43,3090.05,Media,Small,Wallet,Success,
T00001913,M00057,2025-12-05 09:09:17,8950.17,Healthcare,Medium,Credit Card,Success,
T00001914,M00066,2025-03-11 11:09:32,1292.11,Education,Large,Net Banking,Success,
T00001915,M00029,2025-01-20 22:14:54,3175.74,Retail,Small,Debit Card,Success,
T00001916,M00040,2025-06-23 07:25:41,14142.02,Professional Services,Small,Net Banking,Success,
T00001917,M00018,2025-03-12 04:12:32,9024.82,Professional Services,Small,Net Banking,Success,
T00001918,M00010,2025-08-30 18:40:58,2169.47,Retail,Medium,UPI,Success,
T00001919,M00086,2025-01-05 17:47:04,485.48,Food Delivery,Large,UPI,Success,
T00001920,M00051,2025-01-03 05:35:56,4392.8,Retail,Medium,UPI,Success,
T00001921,M00066,2025-07-11 15:26:38,1555.75,Education,Large,Net Banking,Success,
T00001922,M00023,2025-06-09 06:53:16,10083.87,Healthcare,Small,Net Banking,Success,
T00001923,M00065,2025-08-22 11:44:40,1236.27,E-commerce,Large,Debit Card,Success,
T00001924,M00031,2025-08-29 16:38:17,1487.06,Media,Small,Net Banking,Success,
T00001925,M00019,2025-11-15 12:05:07,4852.2,E-commerce,Medium,Wallet,Success,
T00001926,M00069,2025-09-11 16:58:54,6050.78,Education,Small,Credit Card,Success,
T00001927,M00019,2025-02-26 10:59:15,5907.1,E-commerce,Medium,Wallet,Success,
T00001928,M00040,2025-04-26 21:40:36,8126.71,Professional Services,Small,Net Banking,Success,
T00001929,M00061,2025-02-04 01:26:53,10434.44,SaaS,Medium,UPI,Success,
T00001930,M00055,2025-09-19 00:20:14,14364.03,SaaS,Medium,Net Banking,Success,
T00001931,M00088,2025-09-14 16:15:49,582.95,Food Delivery,Small,UPI,Success,
T00001932,M00046,2025-03-10 21:40:02,8624.82,Professional Services,Small,Net Banking,Failed,Technical Error
T00001933,M00096,2025-08-13 20:21:25,1616.85,Gaming,Small,UPI,Success,
T00001934,M00036,2025-05-06 08:55:03,913.85,Food Delivery,Medium,UPI,Success,
T00001935,M00086,2025-05-28 03:58:14,1373.58,Food Delivery,Large,UPI,Success,
T00001936,M00081,2025-01-26 05:09:10,233.05,Media,Small,UPI,Success,
T00001937,M00065,2025-02-22 06:03:27,2157.52,E-commerce,Large,Debit Card,Success,
T00001938,M00057,2025-06-10 16:30:11,13922.33,Healthcare,Medium,Credit Card,Success,
T00001939,M00038,2025-09-28 05:36:03,3299.56,Education,Small,Debit Card,Success,
T00001940,M00077,2025-09-02 06:30:19,8407.38,Professional Services,Medium,Credit Card,Success,
T00001941,M00041,2025-02-04 01:08:28,2424.98,E-commerce,Small,Wallet,Success,
T00001942,M00057,2025-10-02 11:54:21,10321.06,Healthcare,Medium,Credit Card,Success,
T00001943,M00015,2025-08-25 10:50:34,2514.67,E-commerce,Medium,UPI,Success,
T00001944,M00075,2025-08-31 01:03:23,476.15,E-commerce,Small,Wallet,Success,
T00001945,M00086,2025-02-20 09:00:50,830.63,Food Delivery,Large,UPI,Success,
T00001946,M00035,2025-07-13 07:17:00,1469.35,Retail,Small,UPI,Success,
T00001947,M00006,2025-03-11 20:51:24,3870.09,Retail,Small,UPI,Success,
T00001948,M00077,2025-03-17 04:04:02,6526.18,Professional Services,Medium,Credit Card,Success,
T00001949,M00037,2025-01-10 07:34:23,3453.0,Education,Medium,UPI,Success,
T00001950,M00013,2025-03-22 12:27:48,2712.5,E-commerce,Small,Debit Card,Success,
T00001951,M00028,2025-06-11 00:39:04,1805.01,E-commerce,Small,UPI,Success,
T00001952,M00050,2025-09-05 13:57:49,13661.3,SaaS,Small,Wallet,Success,
T00001953,M00065,2025-09-06 18:59:43,1622.18,E-commerce,Large,Debit Card,Success,
T00001954,M00056,2025-04-30 12:38:53,6071.85,E-commerce,Large,Credit Card,Success,
T00001955,M00055,2025-08-02 14:18:42,12928.33,SaaS,Medium,Net Banking,Success,
T00001956,M00073,2025-05-13 13:43:14,4084.93,SaaS,Small,Net Banking,Success,
T00001957,M00075,2025-08-09 22:43:59,555.91,E-commerce,Small,Wallet,Success,
T00001958,M00096,2025-05-09 08:37:17,1622.25,Gaming,Small,UPI,Success,
T00001959,M00044,2025-12-25 04:16:13,10447.03,Professional Services,Small,Net Banking,Success,
T00001960,M00021,2025-09-08 17:54:53,1100.89,E-commerce,Small,UPI,Success,
T00001961,M00057,2025-03-02 08:18:18,5506.95,Healthcare,Medium,Credit Card,Success,
T00001962,M00007,2025-05-11 03:26:54,1615.32,Gaming,Small,Net Banking,Success,
T00001963,M00086,2025-11-13 04:34:58,650.89,Food Delivery,Large,UPI,Success,
T00001964,M00095,2025-04-27 06:05:09,724.52,E-commerce,Small,Credit Card,Success,
T00001965,M00025,2025-09-21 09:15:36,953.61,Food Delivery,Small,UPI,Success,
T00001966,M00011,2025-09-24 05:15:38,9910.21,Education,Small,UPI,Success,
T00001967,M00043,2025-12-22 19:28:35,6411.95,Professional Services,Small,Wallet,Failed,Network Error
T00001968,M00031,2025-11-23 12:15:24,1402.97,Media,Small,Net Banking,Success,
T00001969,M00036,2025-05-26 17:29:51,512.75,Food Delivery,Medium,UPI,Success,
T00001970,M00055,2025-06-01 07:01:15,7721.51,SaaS,Medium,Net Banking,Success,
T00001971,M00072,2025-02-15 09:04:15,1157.06,Media,Small,Credit Card,Success,
T00001972,M00006,2025-05-03 03:20:48,2075.95,Retail,Small,UPI,Success,
T00001973,M00083,2025-04-16 10:32:21,1099.11,Retail,Small,Debit Card,Success,
T00001974,M00024,2025-06-25 12:04:20,967.31,Gaming,Small,Credit Card,Success,
T00001975,M00067,2025-04-28 12:42:14,544.98,Food Delivery,Medium,Credit Card,Success,
T00001976,M00020,2025-11-01 20:12:29,10596.2,Healthcare,Small,Net Banking,Success,
T00001977,M00096,2025-03-20 11:41:37,2179.01,Gaming,Small,UPI,Success,
T00001978,M00067,2025-07-07 10:44:49,430.14,Food Delivery,Medium,Credit Card,Success,
T00001979,M00066,2025-03-01 20:06:32,1886.72,Education,Large,Net Banking,Success,
T00001980,M00088,2025-07-23 08:33:58,1113.28,Food Delivery,Small,UPI,Success,
T00001981,M00028,2025-05-08 03:00:39,3237.81,E-commerce,Small,UPI,Success,
T00001982,M00044,2025-07-20 10:50:06,22441.15,Professional Services,Small,Net Banking,Success,
T00001983,M00004,2025-02-21 13:00:48,2135.87,Education,Medium,UPI,Success,
T00001984,M00021,2025-12-02 20:36:55,2898.28,E-commerce,Small,UPI,Success,
T00001985,M00096,2025-01-02 14:18:24,1647.68,Gaming,Small,UPI,Success,
T00001986,M00100,2025-12-05 14:27:53,763.67,E-commerce,Small,UPI,Success,
T00001987,M00049,2025-07-01 07:35:55,1600.54,Retail,Medium,Wallet,Success,
T00001988,M00071,2025-10-17 13:04:25,2399.42,Retail,Small,Debit Card,Success,
T00001989,M00092,2025-08-13 07:14:52,4511.64,Healthcare,Medium,Debit Card,Success,
T00001990,M00056,2025-03-19 21:18:46,2819.86,E-commerce,Large,Credit Card,Success,
T00001991,M00016,2025-04-18 10:33:38,501.77,Retail,Medium,Debit Card,Success,
T00001992,M00025,2025-04-16 21:19:17,1003.67,Food Delivery,Small,UPI,Success,
T00001993,M00051,2025-04-17 06:28:50,5984.84,Retail,Medium,UPI,Success,
T00001994,M00083,2025-02-09 18:12:24,2357.32,Retail,Small,Debit Card,Success,
T00001995,M00098,2025-05-17 01:12:06,9168.29,SaaS,Medium,Credit Card,Success,
T00001996,M00013,2025-11-09 05:50:58,2251.17,E-commerce,Small,Debit Card,Success,
T00001997,M00059,2025-04-06 01:56:06,915.12,Retail,Medium,UPI,Success,
T00001998,M00027,2025-07-29 22:32:37,1956.93,E-commerce,Large,Credit Card,Success,
T00001999,M00049,2025-02-20 12:22:39,2367.07,Retail,Medium,Wallet,Success,
T00002000,M00003,2025-05-29 23:24:28,4631.33,Education,Small,Credit Card,Success,
T00002001,M00001,2025-06-15 14:56:55,242.34,Food Delivery,Small,UPI,Success,
T00002002,M00068,2025-09-02 11:05:31,1921.76,Retail,Medium,Debit Card,Success,
T00002003,M00058,2025-09-29 14:33:32,1031.21,Food Delivery,Small,UPI,Success,
T00002004,M00055,2025-03-18 22:51:54,14356.01,SaaS,Medium,Net Banking,Success,
T00002005,M00062,2025-09-18 12:57:50,4439.57,Retail,Medium,Credit Card,Success,
T00002006,M00092,2025-10-24 20:59:16,3912.39,Healthcare,Medium,Debit Card,Success,
T00002007,M00020,2025-02-21 04:25:15,12309.47,Healthcare,Small,Net Banking,Success,
T00002008,M00052,2025-02-07 18:33:24,32034.55,Travel,Medium,Credit Card,Success,
T00002009,M00084,2025-09-23 19:47:49,286.38,Food Delivery,Small,Net Banking,Success,
T00002010,M00050,2025-03-28 21:54:55,7158.34,SaaS,Small,Wallet,Success,
T00002011,M00066,2025-12-14 20:32:13,767.35,Education,Large,Net Banking,Success,
T00002012,M00016,2025-09-29 16:52:51,564.28,Retail,Medium,Debit Card,Success,
T00002013,M00066,2025-05-09 06:52:46,1735.89,Education,Large,Net Banking,Success,
T00002014,M00011,2025-01-12 18:04:55,2939.16,Education,Small,UPI,Success,
T00002015,M00020,2025-02-13 20:11:01,6800.25,Healthcare,Small,Net Banking,Success,
T00002016,M00052,2025-10-26 05:44:01,31303.44,Travel,Medium,Credit Card,Success,
T00002017,M00021,2025-08-12 04:23:22,2948.61,E-commerce,Small,UPI,Success,
T00002018,M00061,2025-11-06 10:19:14,8852.72,SaaS,Medium,UPI,Success,
T00002019,M00024,2025-08-04 23:41:32,561.64,Gaming,Small,Credit Card,Success,
T00002020,M00093,2025-06-05 15:52:49,4042.82,SaaS,Small,Net Banking,Success,
T00002021,M00080,2025-04-03 15:40:58,575.34,Media,Small,Credit Card,Failed,Authentication Failure
T00002022,M00063,2025-01-26 15:43:23,3683.31,Healthcare,Small,Credit Card,Success,
T00002023,M00044,2025-11-13 02:14:39,13531.86,Professional Services,Small,Net Banking,Failed,Payment Timeout
T00002024,M00088,2025-11-02 18:25:02,477.78,Food Delivery,Small,UPI,Success,
T00002025,M00088,2025-09-27 13:47:23,707.94,Food Delivery,Small,UPI,Success,
T00002026,M00054,2025-12-28 12:16:27,1411.88,Media,Small,Credit Card,Success,
T00002027,M00052,2025-11-21 23:03:30,14801.26,Travel,Medium,Credit Card,Success,
T00002028,M00094,2025-08-04 13:47:32,12033.35,SaaS,Small,UPI,Success,
T00002029,M00093,2025-06-22 21:42:57,9459.61,SaaS,Small,Net Banking,Success,
T00002030,M00080,2025-02-12 05:34:24,1323.97,Media,Small,Credit Card,Success,
T00002031,M00067,2025-08-20 14:54:04,537.43,Food Delivery,Medium,Credit Card,Success,
T00002032,M00077,2025-09-14 09:10:53,5423.04,Professional Services,Medium,Credit Card,Success,
T00002033,M00052,2025-03-26 12:17:19,31010.06,Travel,Medium,Credit Card,Success,
T00002034,M00081,2025-09-05 01:11:15,183.75,Media,Small,UPI,Success,
T00002035,M00096,2025-10-22 00:28:32,1880.8,Gaming,Small,UPI,Success,
T00002036,M00076,2025-06-01 10:54:06,8716.81,Education,Small,Net Banking,Success,
T00002037,M00034,2025-06-23 15:49:52,1740.98,Gaming,Medium,Debit Card,Success,
T00002038,M00017,2025-08-10 11:21:40,15294.64,Professional Services,Small,Credit Card,Success,
T00002039,M00070,2025-09-21 21:56:53,860.85,Food Delivery,Large,Debit Card,Success,
T00002040,M00094,2025-12-22 09:31:01,19521.9,SaaS,Small,UPI,Success,
T00002041,M00004,2025-02-04 16:13:08,1340.64,Education,Medium,UPI,Success,
T00002042,M00026,2025-11-26 04:32:49,1393.93,Retail,Medium,Credit Card,Success,
T00002043,M00096,2025-04-25 05:59:59,2721.83,Gaming,Small,UPI,Failed,Insufficient Funds
T00002044,M00052,2025-10-01 03:44:08,30771.78,Travel,Medium,Credit Card,Success,
T00002045,M00034,2025-05-20 12:24:09,1796.29,Gaming,Medium,Debit Card,Success,
T00002046,M00087,2025-06-17 15:52:48,2173.42,Media,Small,Wallet,Success,
T00002047,M00057,2025-06-03 02:50:49,6563.98,Healthcare,Medium,Credit Card,Success,
T00002048,M00070,2025-06-19 00:15:54,754.75,Food Delivery,Large,Debit Card,Success,
T00002049,M00032,2025-09-15 06:49:53,2868.71,Retail,Medium,Credit Card,Success,
T00002050,M00033,2025-11-24 12:23:00,4614.56,E-commerce,Small,UPI,Success,
T00002051,M00005,2025-11-23 05:01:10,19770.17,Travel,Small,Net Banking,Success,
T00002052,M00004,2025-02-18 18:12:10,2345.2,Education,Medium,UPI,Success,
T00002053,M00079,2025-01-28 20:43:16,211.78,Food Delivery,Large,Credit Card,Success,
T00002054,M00046,2025-09-13 12:19:16,11972.89,Professional Services,Small,Net Banking,Success,
T00002055,M00100,2025-02-22 17:31:18,966.1,E-commerce,Small,UPI,Success,
T00002056,M00094,2025-06-27 02:29:42,14180.67,SaaS,Small,UPI,Success,
T00002057,M00048,2025-09-28 01:30:33,568.78,Food Delivery,Medium,Credit Card,Success,
T00002058,M00039,2025-07-17 20:05:28,1591.84,Gaming,Small,UPI,Success,
T00002059,M00080,2025-11-15 11:37:10,580.72,Media,Small,Credit Card,Success,
T00002060,M00077,2025-08-23 19:01:52,8302.95,Professional Services,Medium,Credit Card,Success,
T00002061,M00077,2025-07-13 11:09:33,8602.62,Professional Services,Medium,Credit Card,Success,
T00002062,M00077,2025-06-09 13:17:09,6257.28,Professional Services,Medium,Credit Card,Success,
T00002063,M00080,2025-08-12 19:59:35,351.49,Media,Small,Credit Card,Success,
T00002064,M00049,2025-10-01 17:58:53,2335.33,Retail,Medium,Wallet,Success,
T00002065,M00054,2025-08-14 08:29:49,532.81,Media,Small,Credit Card,Success,
T00002066,M00073,2025-10-12 00:08:47,4177.94,SaaS,Small,Net Banking,Success,
T00002067,M00094,2025-11-30 17:43:43,17675.9,SaaS,Small,UPI,Success,
T00002068,M00003,2025-01-31 09:11:57,3923.2,Education,Small,Credit Card,Success,
T00002069,M00065,2025-08-25 22:16:12,1946.36,E-commerce,Large,Debit Card,Success,
T00002070,M00038,2025-09-17 16:53:43,3789.97,Education,Small,Debit Card,Success,
T00002071,M00014,2025-09-04 02:23:49,2406.78,E-commerce,Large,Credit Card,Success,
T00002072,M00043,2025-12-17 22:01:30,4774.25,Professional Services,Small,Wallet,Success,
T00002073,M00086,2025-10-30 08:23:55,1501.47,Food Delivery,Large,UPI,Success,
T00002074,M00065,2025-08-11 21:44:39,1544.64,E-commerce,Large,Debit Card,Success,
T00002075,M00059,2025-06-13 12:09:16,408.52,Retail,Medium,UPI,Success,
T00002076,M00007,2025-03-07 01:17:21,4910.59,Gaming,Small,Net Banking,Success,
T00002077,M00071,2025-12-25 09:43:14,2085.46,Retail,Small,Debit Card,Success,
T00002078,M00082,2025-04-12 03:30:21,5517.35,Education,Large,Debit Card,Success,
T00002079,M00007,2025-07-03 18:10:32,1936.7,Gaming,Small,Net Banking,Success,
T00002080,M00046,2025-04-24 07:20:13,11279.23,Professional Services,Small,Net Banking,Success,
T00002081,M00087,2025-08-31 11:03:22,2521.53,Media,Small,Wallet,Success,
T00002082,M00076,2025-01-30 20:24:29,8126.53,Education,Small,Net Banking,Success,
T00002083,M00091,2025-04-18 21:44:18,17030.87,Professional Services,Small,Net Banking,Success,
T00002084,M00063,2025-04-10 19:00:03,7045.5,Healthcare,Small,Credit Card,Success,
T00002085,M00045,2025-02-13 07:42:56,1224.6,Media,Small,Wallet,Success,
T00002086,M00062,2025-09-13 23:46:33,2552.04,Retail,Medium,Credit Card,Success,
T00002087,M00073,2025-11-10 17:37:15,4906.06,SaaS,Small,Net Banking,Success,
T00002088,M00008,2025-03-12 05:15:49,20371.82,Travel,Small,Credit Card,Success,
T00002089,M00082,2025-12-01 18:33:24,11932.19,Education,Large,Debit Card,Failed,Payment Timeout
T00002090,M00008,2025-12-29 16:58:08,16355.28,Travel,Small,Credit Card,Success,
T00002091,M00068,2025-11-22 07:07:49,69.74,Retail,Medium,Debit Card,Success,
T00002092,M00055,2025-04-03 09:49:51,13442.41,SaaS,Medium,Net Banking,Success,
T00002093,M00016,2025-10-09 22:48:07,879.39,Retail,Medium,Debit Card,Success,
T00002094,M00047,2025-05-15 00:20:19,1413.78,Healthcare,Medium,UPI,Success,
T00002095,M00020,2025-04-13 16:20:40,8528.54,Healthcare,Small,Net Banking,Success,
T00002096,M00048,2025-06-04 20:34:15,645.76,Food Delivery,Medium,Credit Card,Success,
T00002097,M00010,2025-07-04 23:07:23,1935.52,Retail,Medium,UPI,Success,
T00002098,M00069,2025-05-28 11:59:59,3297.42,Education,Small,Credit Card,Success,
T00002099,M00007,2025-06-01 11:43:13,2466.61,Gaming,Small,Net Banking,Success,
T00002100,M00024,2025-01-05 14:34:17,840.8,Gaming,Small,Credit Card,Success,
T00002101,M00089,2025-11-06 15:27:32,4412.99,Education,Small,UPI,Failed,Technical Error
T00002102,M00047,2025-01-16 22:18:42,1916.76,Healthcare,Medium,UPI,Success,
T00002103,M00011,2025-07-26 08:00:46,3787.84,Education,Small,UPI,Success,
T00002104,M00052,2025-12-23 12:46:18,10606.3,Travel,Medium,Credit Card,Success,
T00002105,M00080,2025-04-16 20:43:42,697.26,Media,Small,Credit Card,Success,
T00002106,M00043,2025-09-12 02:55:17,6358.5,Professional Services,Small,Wallet,Success,
T00002107,M00001,2025-06-29 01:50:36,408.98,Food Delivery,Small,UPI,Success,
T00002108,M00015,2025-08-17 15:18:29,1122.81,E-commerce,Medium,UPI,Success,
T00002109,M00074,2025-07-21 22:18:24,805.52,Gaming,Medium,Credit Card,Success,
T00002110,M00055,2025-08-01 16:07:08,18265.56,SaaS,Medium,Net Banking,Success,
T00002111,M00093,2025-01-04 07:00:12,7245.96,SaaS,Small,Net Banking,Success,
T00002112,M00090,2025-02-10 08:29:09,8900.45,Healthcare,Medium,Debit Card,Success,
T00002113,M00038,2025-05-17 12:22:13,3364.92,Education,Small,Debit Card,Success,
T00002114,M00030,2025-01-10 04:54:15,3202.38,E-commerce,Small,UPI,Success,
T00002115,M00023,2025-01-23 02:10:40,10137.71,Healthcare,Small,Net Banking,Success,
T00002116,M00030,2025-08-21 18:40:22,2155.07,E-commerce,Small,UPI,Success,
T00002117,M00093,2025-10-02 23:44:17,7955.89,SaaS,Small,Net Banking,Success,
T00002118,M00099,2025-05-27 00:11:11,4104.89,Retail,Small,Wallet,Success,
T00002119,M00060,2025-12-16 11:38:59,399.31,Food Delivery,Medium,Debit Card,Success,
T00002120,M00045,2025-02-13 01:09:03,1455.65,Media,Small,Wallet,Success,
T00002121,M00025,2025-04-09 09:15:36,983.67,Food Delivery,Small,UPI,Success,
T00002122,M00100,2025-06-26 02:24:07,1003.51,E-commerce,Small,UPI,Success,
T00002123,M00091,2025-04-18 08:04:53,18079.27,Professional Services,Small,Net Banking,Success,
T00002124,M00066,2025-10-27 02:02:06,819.6,Education,Large,Net Banking,Success,
T00002125,M00031,2025-03-04 21:37:58,1793.15,Media,Small,Net Banking,Success,
T00002126,M00076,2025-05-31 21:55:31,5853.13,Education,Small,Net Banking,Success,
T00002127,M00043,2025-01-24 07:47:13,5132.83,Professional Services,Small,Wallet,Success,
T00002128,M00020,2025-01-27 22:50:26,13138.58,Healthcare,Small,Net Banking,Success,
T00002129,M00070,2025-12-27 15:03:05,1238.78,Food Delivery,Large,Debit Card,Success,
T00002130,M00086,2025-02-12 02:38:42,1451.78,Food Delivery,Large,UPI,Success,
T00002131,M00049,2025-10-26 12:52:17,902.03,Retail,Medium,Wallet,Success,
T00002132,M00043,2025-06-21 11:50:23,6198.4,Professional Services,Small,Wallet,Success,
T00002133,M00055,2025-02-10 02:42:20,14592.52,SaaS,Medium,Net Banking,Success,
T00002134,M00085,2025-10-29 20:22:31,423.79,Gaming,Medium,Wallet,Success,
T00002135,M00033,2025-12-15 04:06:04,2270.53,E-commerce,Small,UPI,Success,
T00002136,M00031,2025-01-15 16:39:13,1724.45,Media,Small,Net Banking,Success,
T00002137,M00098,2025-04-14 11:22:04,13708.74,SaaS,Medium,Credit Card,Success,
T00002138,M00027,2025-01-02 10:31:17,1942.03,E-commerce,Large,Credit Card,Success,
T00002139,M00064,2025-10-27 10:09:12,5316.28,Professional Services,Large,Net Banking,Success,
T00002140,M00011,2025-10-31 06:51:38,7530.87,Education,Small,UPI,Success,
T00002141,M00050,2025-01-28 05:22:35,11710.11,SaaS,Small,Wallet,Success,
T00002142,M00054,2025-11-14 16:05:42,974.12,Media,Small,Credit Card,Success,
T00002143,M00007,2025-02-17 01:41:59,1065.08,Gaming,Small,Net Banking,Success,
T00002144,M00052,2025-09-22 19:10:10,17583.8,Travel,Medium,Credit Card,Success,
T00002145,M00017,2025-01-22 10:27:05,5241.22,Professional Services,Small,Credit Card,Success,
T00002146,M00071,2025-07-27 15:04:41,1160.58,Retail,Small,Debit Card,Success,
T00002147,M00003,2025-05-13 01:36:53,5351.42,Education,Small,Credit Card,Success,
T00002148,M00087,2025-09-09 13:51:51,2184.37,Media,Small,Wallet,Success,
T00002149,M00005,2025-08-04 08:05:09,32389.82,Travel,Small,Net Banking,Success,
T00002150,M00016,2025-09-28 06:05:34,1088.86,Retail,Medium,Debit Card,Success,
T00002151,M00057,2025-02-11 11:09:00,7955.82,Healthcare,Medium,Credit Card,Success,
T00002152,M00061,2025-09-03 18:02:31,6379.22,SaaS,Medium,UPI,Success,
T00002153,M00037,2025-03-15 13:56:13,8138.31,Education,Medium,UPI,Success,
T00002154,M00007,2025-08-19 06:39:07,3404.77,Gaming,Small,Net Banking,Success,
T00002155,M00012,2025-05-31 23:34:33,14413.07,SaaS,Medium,Net Banking,Success,
T00002156,M00014,2025-07-27 08:40:54,4463.75,E-commerce,Large,Credit Card,Failed,Authentication Failure
T00002157,M00074,2025-01-07 09:01:46,1164.62,Gaming,Medium,Credit Card,Success,
T00002158,M00073,2025-01-17 15:03:37,4060.17,SaaS,Small,Net Banking,Success,
T00002159,M00044,2025-03-24 04:59:00,17574.92,Professional Services,Small,Net Banking,Success,
T00002160,M00071,2025-09-21 08:08:36,1537.48,Retail,Small,Debit Card,Success,
T00002161,M00005,2025-07-28 09:06:52,31073.8,Travel,Small,Net Banking,Failed,Insufficient Funds
T00002162,M00011,2025-10-13 14:58:53,9741.63,Education,Small,UPI,Success,
T00002163,M00097,2025-09-11 22:09:05,11997.76,Professional Services,Small,Credit Card,Success,
T00002164,M00034,2025-04-05 05:57:55,1629.48,Gaming,Medium,Debit Card,Success,
T00002165,M00052,2025-02-20 16:41:59,35122.09,Travel,Medium,Credit Card,Success,
T00002166,M00097,2025-11-15 17:50:38,7552.23,Professional Services,Small,Credit Card,Success,
T00002167,M00034,2025-06-27 03:56:54,852.02,Gaming,Medium,Debit Card,Success,
T00002168,M00042,2025-11-14 11:22:34,6261.26,Healthcare,Small,Debit Card,Success,
T00002169,M00076,2025-07-13 01:42:47,5040.65,Education,Small,Net Banking,Success,
T00002170,M00022,2025-03-20 16:45:08,318.0,Food Delivery,Small,Wallet,Success,
T00002171,M00036,2025-11-12 03:55:27,1077.2,Food Delivery,Medium,UPI,Success,
T00002172,M00076,2025-02-16 21:57:37,4441.88,Education,Small,Net Banking,Failed,Payment Timeout
T00002173,M00025,2025-08-01 00:00:54,1536.02,Food Delivery,Small,UPI,Success,
T00002174,M00079,2025-10-24 19:07:12,337.25,Food Delivery,Large,Credit Card,Success,
T00002175,M00045,2025-03-09 08:38:57,2368.99,Media,Small,Wallet,Success,
T00002176,M00027,2025-06-11 05:31:07,1801.84,E-commerce,Large,Credit Card,Success,
T00002177,M00043,2025-05-24 15:58:21,3674.76,Professional Services,Small,Wallet,Success,
T00002178,M00043,2025-01-16 19:20:28,4722.08,Professional Services,Small,Wallet,Success,
T00002179,M00034,2025-11-04 05:08:30,1869.89,Gaming,Medium,Debit Card,Success,
T00002180,M00099,2025-01-07 01:41:06,2810.79,Retail,Small,Wallet,Success,
T00002181,M00007,2025-02-01 08:23:21,3514.59,Gaming,Small,Net Banking,Success,
T00002182,M00100,2025-09-11 02:48:15,710.12,E-commerce,Small,UPI,Success,
T00002183,M00053,2025-04-21 04:34:10,2234.34,Education,Small,Net Banking,Success,
T00002184,M00078,2025-09-26 21:14:50,16666.07,SaaS,Medium,Net Banking,Success,
T00002185,M00014,2025-02-25 13:40:31,2992.04,E-commerce,Large,Credit Card,Success,
T00002186,M00036,2025-03-09 18:54:50,618.44,Food Delivery,Medium,UPI,Success,
T00002187,M00066,2025-01-15 14:39:18,917.66,Education,Large,Net Banking,Success,
T00002188,M00011,2025-02-04 04:25:01,5387.65,Education,Small,UPI,Success,
T00002189,M00090,2025-10-31 22:12:09,8359.9,Healthcare,Medium,Debit Card,Success,
T00002190,M00047,2025-03-16 12:39:51,2174.47,Healthcare,Medium,UPI,Success,
T00002191,M00070,2025-07-25 21:48:46,1603.04,Food Delivery,Large,Debit Card,Success,
T00002192,M00046,2025-07-29 14:34:52,12993.44,Professional Services,Small,Net Banking,Success,
T00002193,M00083,2025-06-30 06:48:24,1661.7,Retail,Small,Debit Card,Success,
T00002194,M00077,2025-03-17 05:35:30,4303.76,Professional Services,Medium,Credit Card,Success,
T00002195,M00046,2025-02-27 22:48:25,9511.32,Professional Services,Small,Net Banking,Success,
T00002196,M00012,2025-03-10 11:27:25,2948.96,SaaS,Medium,Net Banking,Success,
T00002197,M00031,2025-12-25 07:56:09,2426.41,Media,Small,Net Banking,Success,
T00002198,M00012,2025-06-18 19:26:00,11951.9,SaaS,Medium,Net Banking,Success,
T00002199,M00022,2025-08-28 13:10:22,485.89,Food Delivery,Small,Wallet,Success,
T00002200,M00098,2025-10-15 13:11:08,6221.1,SaaS,Medium,Credit Card,Success,
T00002201,M00094,2025-07-28 16:33:51,14392.34,SaaS,Small,UPI,Success,
T00002202,M00008,2025-02-15 01:48:18,20411.04,Travel,Small,Credit Card,Success,
T00002203,M00016,2025-04-02 09:09:12,942.51,Retail,Medium,Debit Card,Success,
T00002204,M00032,2025-03-19 04:29:50,1611.34,Retail,Medium,Credit Card,Success,
T00002205,M00078,2025-12-15 21:26:27,9963.19,SaaS,Medium,Net Banking,Success,
T00002206,M00082,2025-02-08 02:01:26,9466.31,Education,Large,Debit Card,Success,
T00002207,M00041,2025-06-10 05:40:06,5344.22,E-commerce,Small,Wallet,Success,
T00002208,M00045,2025-07-02 21:56:50,2023.51,Media,Small,Wallet,Success,
T00002209,M00031,2025-01-22 02:28:46,1935.89,Media,Small,Net Banking,Failed,Authentication Failure
T00002210,M00055,2025-03-11 03:38:47,11724.71,SaaS,Medium,Net Banking,Success,
T00002211,M00041,2025-02-22 23:22:59,3609.01,E-commerce,Small,Wallet,Success,
T00002212,M00009,2025-04-15 17:44:06,851.85,Gaming,Small,Credit Card,Success,
T00002213,M00051,2025-02-19 09:41:58,5268.5,Retail,Medium,UPI,Success,
T00002214,M00035,2025-02-13 03:36:48,2060.15,Retail,Small,UPI,Success,
T00002215,M00012,2025-06-28 02:15:55,5982.73,SaaS,Medium,Net Banking,Success,
T00002216,M00007,2025-04-25 15:06:16,3694.16,Gaming,Small,Net Banking,Success,
T00002217,M00030,2025-11-03 15:06:39,3110.74,E-commerce,Small,UPI,Success,
T00002218,M00049,2025-08-13 12:28:56,415.71,Retail,Medium,Wallet,Failed,Bank Decline
T00002219,M00096,2025-02-03 13:59:57,1176.96,Gaming,Small,UPI,Success,
T00002220,M00048,2025-03-26 01:23:28,904.36,Food Delivery,Medium,Credit Card,Success,
T00002221,M00052,2025-11-22 01:18:11,23452.99,Travel,Medium,Credit Card,Success,
T00002222,M00065,2025-12-05 21:12:26,1528.84,E-commerce,Large,Debit Card,Success,
T00002223,M00087,2025-05-08 02:37:09,1514.54,Media,Small,Wallet,Success,
T00002224,M00055,2025-02-27 20:29:53,14245.1,SaaS,Medium,Net Banking,Success,
T00002225,M00024,2025-12-15 20:18:48,1506.59,Gaming,Small,Credit Card,Success,
T00002226,M00029,2025-07-02 18:48:01,4212.62,Retail,Small,Debit Card,Success,
T00002227,M00052,2025-07-15 19:38:12,33596.08,Travel,Medium,Credit Card,Success,
T00002228,M00094,2025-11-06 22:03:44,12542.14,SaaS,Small,UPI,Success,
T00002229,M00020,2025-02-08 01:25:07,6680.5,Healthcare,Small,Net Banking,Success,
T00002230,M00045,2025-01-05 19:47:26,2737.39,Media,Small,Wallet,Success,
T00002231,M00020,2025-06-07 21:57:18,9776.7,Healthcare,Small,Net Banking,Success,
T00002232,M00089,2025-09-09 12:26:38,7342.83,Education,Small,UPI,Failed,Insufficient Funds
T00002233,M00018,2025-07-06 07:54:04,7372.66,Professional Services,Small,Net Banking,Success,
T00002234,M00005,2025-08-10 12:20:03,21258.67,Travel,Small,Net Banking,Success,
T00002235,M00035,2025-01-10 11:33:00,2544.31,Retail,Small,UPI,Success,
T00002236,M00070,2025-10-01 01:41:31,1078.94,Food Delivery,Large,Debit Card,Success,
T00002237,M00067,2025-11-03 18:01:00,667.85,Food Delivery,Medium,Credit Card,Success,
T00002238,M00059,2025-01-01 12:42:36,566.97,Retail,Medium,UPI,Success,
T00002239,M00073,2025-01-28 10:57:31,2600.19,SaaS,Small,Net Banking,Success,
T00002240,M00092,2025-04-26 04:25:08,5752.75,Healthcare,Medium,Debit Card,Success,
T00002241,M00064,2025-04-15 18:37:09,6788.07,Professional Services,Large,Net Banking,Success,
T00002242,M00084,2025-03-22 10:44:40,254.52,Food Delivery,Small,Net Banking,Success,
T00002243,M00032,2025-02-01 10:35:34,2140.19,Retail,Medium,Credit Card,Success,
T00002244,M00074,2025-07-19 21:41:30,862.16,Gaming,Medium,Credit Card,Failed,Technical Error
T00002245,M00033,2025-05-22 08:38:15,4475.17,E-commerce,Small,UPI,Success,
T00002246,M00031,2025-08-29 10:44:31,1552.28,Media,Small,Net Banking,Success,
T00002247,M00021,2025-05-23 07:24:11,3153.56,E-commerce,Small,UPI,Success,
T00002248,M00058,2025-10-03 11:30:04,1883.49,Food Delivery,Small,UPI,Success,
T00002249,M00019,2025-02-23 18:02:08,5674.13,E-commerce,Medium,Wallet,Success,
T00002250,M00037,2025-07-05 19:52:56,7043.72,Education,Medium,UPI,Success,
T00002251,M00026,2025-10-20 03:43:52,588.26,Retail,Medium,Credit Card,Success,
T00002252,M00010,2025-10-17 08:03:32,1242.3,Retail,Medium,UPI,Success,
T00002253,M00039,2025-05-05 10:56:21,1691.27,Gaming,Small,UPI,Success,
T00002254,M00091,2025-04-18 15:10:54,20359.37,Professional Services,Small,Net Banking,Success,
T00002255,M00033,2025-05-25 18:52:34,3242.73,E-commerce,Small,UPI,Success,
T00002256,M00078,2025-02-17 15:44:05,16829.77,SaaS,Medium,Net Banking,Success,
T00002257,M00013,2025-07-26 13:42:32,2036.69,E-commerce,Small,Debit Card,Success,
T00002258,M00050,2025-08-30 03:41:07,7997.23,SaaS,Small,Wallet,Success,
T00002259,M00010,2025-09-19 11:40:16,2966.07,Retail,Medium,UPI,Success,
T00002260,M00004,2025-01-26 11:41:36,1704.79,Education,Medium,UPI,Success,
T00002261,M00097,2025-12-10 07:16:52,6412.82,Professional Services,Small,Credit Card,Success,
T00002262,M00076,2025-04-22 23:49:41,7920.23,Education,Small,Net Banking,Failed,Insufficient Funds
T00002263,M00040,2025-02-12 11:21:17,13509.02,Professional Services,Small,Net Banking,Success,
T00002264,M00077,2025-02-28 10:44:37,8600.73,Professional Services,Medium,Credit Card,Success,
T00002265,M00029,2025-07-22 05:09:37,4354.52,Retail,Small,Debit Card,Success,
T00002266,M00003,2025-09-23 00:27:37,4065.5,Education,Small,Credit Card,Success,
T00002267,M00050,2025-02-21 06:35:03,8287.73,SaaS,Small,Wallet,Success,
T00002268,M00002,2025-01-09 08:13:46,968.75,Retail,Small,UPI,Success,
T00002269,M00030,2025-01-25 10:43:55,3962.43,E-commerce,Small,UPI,Success,
T00002270,M00100,2025-07-21 19:12:50,757.34,E-commerce,Small,UPI,Success,
T00002271,M00039,2025-06-09 21:14:42,1211.49,Gaming,Small,UPI,Success,
T00002272,M00067,2025-07-08 19:13:53,409.64,Food Delivery,Medium,Credit Card,Success,
T00002273,M00015,2025-09-28 15:14:21,1393.49,E-commerce,Medium,UPI,Success,
T00002274,M00043,2025-08-09 07:10:07,4906.4,Professional Services,Small,Wallet,Success,
T00002275,M00035,2025-11-03 13:15:32,1559.54,Retail,Small,UPI,Success,
T00002276,M00022,2025-05-25 10:22:50,620.52,Food Delivery,Small,Wallet,Failed,Insufficient Funds
T00002277,M00050,2025-02-27 14:36:48,9597.74,SaaS,Small,Wallet,Success,
T00002278,M00095,2025-12-25 21:31:52,730.03,E-commerce,Small,Credit Card,Success,
T00002279,M00084,2025-07-27 21:30:47,344.0,Food Delivery,Small,Net Banking,Success,
T00002280,M00012,2025-09-27 01:54:59,19151.21,SaaS,Medium,Net Banking,Success,
T00002281,M00081,2025-11-05 12:52:42,483.45,Media,Small,UPI,Success,
T00002282,M00058,2025-05-03 23:10:00,1658.23,Food Delivery,Small,UPI,Success,
T00002283,M00071,2025-06-21 05:22:47,2603.03,Retail,Small,Debit Card,Success,
T00002284,M00047,2025-01-14 11:19:32,1997.85,Healthcare,Medium,UPI,Success,
T00002285,M00092,2025-05-14 12:53:11,5274.38,Healthcare,Medium,Debit Card,Failed,Payment Timeout
T00002286,M00009,2025-04-28 02:44:26,1022.36,Gaming,Small,Credit Card,Success,
T00002287,M00040,2025-01-10 16:19:11,8908.34,Professional Services,Small,Net Banking,Success,
T00002288,M00057,2025-06-27 21:14:56,11821.62,Healthcare,Medium,Credit Card,Success,
T00002289,M00015,2025-03-02 14:31:18,3306.38,E-commerce,Medium,UPI,Failed,Network Error
T00002290,M00045,2025-09-09 08:45:03,2603.15,Media,Small,Wallet,Success,
T00002291,M00073,2025-07-04 01:10:03,6464.34,SaaS,Small,Net Banking,Success,
T00002292,M00054,2025-08-11 19:31:43,507.52,Media,Small,Credit Card,Success,
T00002293,M00003,2025-11-07 12:35:24,1659.69,Education,Small,Credit Card,Success,
T00002294,M00002,2025-09-25 15:18:55,681.56,Retail,Small,UPI,Success,
T00002295,M00018,2025-07-06 00:25:43,9148.22,Professional Services,Small,Net Banking,Success,
T00002296,M00068,2025-04-30 15:32:03,1341.53,Retail,Medium,Debit Card,Success,
T00002297,M00074,2025-08-28 19:43:19,1246.27,Gaming,Medium,Credit Card,Success,
T00002298,M00057,2025-01-22 08:57:02,7153.92,Healthcare,Medium,Credit Card,Success,
T00002299,M00049,2025-03-17 18:55:38,1179.27,Retail,Medium,Wallet,Success,
T00002300,M00082,2025-04-18 22:28:08,5780.13,Education,Large,Debit Card,Success,
T00002301,M00036,2025-02-02 11:06:39,588.08,Food Delivery,Medium,UPI,Success,
T00002302,M00090,2025-02-03 22:24:43,8554.24,Healthcare,Medium,Debit Card,Failed,Authentication Failure
T00002303,M00049,2025-03-17 12:24:20,856.87,Retail,Medium,Wallet,Success,
T00002304,M00061,2025-01-22 18:24:05,8241.83,SaaS,Medium,UPI,Success,
T00002305,M00060,2025-05-21 05:22:06,365.62,Food Delivery,Medium,Debit Card,Success,
T00002306,M00034,2025-05-30 22:49:49,1943.07,Gaming,Medium,Debit Card,Success,
T00002307,M00065,2025-04-21 13:08:01,1292.38,E-commerce,Large,Debit Card,Success,
T00002308,M00046,2025-08-06 21:12:24,16777.25,Professional Services,Small,Net Banking,Success,
T00002309,M00028,2025-10-10 16:05:05,3233.23,E-commerce,Small,UPI,Success,
T00002310,M00072,2025-06-21 20:26:22,591.72,Media,Small,Credit Card,Success,
T00002311,M00095,2025-11-09 21:24:52,526.61,E-commerce,Small,Credit Card,Success,
T00002312,M00036,2025-06-10 20:33:57,314.37,Food Delivery,Medium,UPI,Success,
T00002313,M00044,2025-08-17 00:54:53,13125.87,Professional Services,Small,Net Banking,Success,
T00002314,M00091,2025-12-03 21:55:36,15471.17,Professional Services,Small,Net Banking,Success,
T00002315,M00022,2025-05-11 06:18:38,703.57,Food Delivery,Small,Wallet,Success,
T00002316,M00074,2025-02-04 08:23:51,1385.17,Gaming,Medium,Credit Card,Success,
T00002317,M00098,2025-09-06 02:06:12,15025.99,SaaS,Medium,Credit Card,Success,
T00002318,M00003,2025-10-03 19:58:54,3485.48,Education,Small,Credit Card,Success,
T00002319,M00083,2025-12-22 07:13:34,1770.96,Retail,Small,Debit Card,Success,
T00002320,M00015,2025-08-04 02:24:50,2540.8,E-commerce,Medium,UPI,Success,
T00002321,M00075,2025-11-16 13:02:40,742.11,E-commerce,Small,Wallet,Success,
T00002322,M00065,2025-08-06 04:52:38,747.84,E-commerce,Large,Debit Card,Success,
T00002323,M00047,2025-03-29 04:40:48,1711.91,Healthcare,Medium,UPI,Success,
T00002324,M00002,2025-09-06 18:24:26,924.88,Retail,Small,UPI,Success,
T00002325,M00062,2025-07-03 12:24:10,5594.22,Retail,Medium,Credit Card,Success,
T00002326,M00071,2025-03-11 15:52:15,3459.77,Retail,Small,Debit Card,Success,
T00002327,M00054,2025-09-25 03:09:47,936.72,Media,Small,Credit Card,Success,
T00002328,M00016,2025-07-11 11:33:40,957.71,Retail,Medium,Debit Card,Failed,Insufficient Funds
T00002329,M00095,2025-08-21 14:04:18,571.22,E-commerce,Small,Credit Card,Success,
T00002330,M00083,2025-12-04 05:34:14,951.02,Retail,Small,Debit Card,Success,
T00002331,M00029,2025-09-24 09:10:15,2229.33,Retail,Small,Debit Card,Success,
T00002332,M00079,2025-07-19 01:05:14,251.52,Food Delivery,Large,Credit Card,Success,
T00002333,M00041,2025-01-07 19:31:55,4905.96,E-commerce,Small,Wallet,Success,
T00002334,M00034,2025-05-05 03:38:38,1288.03,Gaming,Medium,Debit Card,Success,
T00002335,M00069,2025-09-27 05:51:58,7390.24,Education,Small,Credit Card,Success,
T00002336,M00094,2025-06-12 22:09:14,13209.52,SaaS,Small,UPI,Success,
T00002337,M00012,2025-05-19 06:00:51,13259.49,SaaS,Medium,Net Banking,Success,
T00002338,M00020,2025-01-30 20:04:35,9121.98,Healthcare,Small,Net Banking,Success,
T00002339,M00089,2025-10-25 15:45:40,4991.3,Education,Small,UPI,Success,
T00002340,M00072,2025-03-06 21:49:10,550.07,Media,Small,Credit Card,Success,
T00002341,M00047,2025-12-05 19:45:33,1284.56,Healthcare,Medium,UPI,Success,
T00002342,M00061,2025-04-16 10:10:51,12308.42,SaaS,Medium,UPI,Success,
T00002343,M00033,2025-09-25 07:51:20,3057.68,E-commerce,Small,UPI,Success,
T00002344,M00033,2025-02-25 19:32:39,5164.46,E-commerce,Small,UPI,Success,
T00002345,M00036,2025-07-21 05:42:05,772.27,Food Delivery,Medium,UPI,Success,
T00002346,M00019,2025-12-24 15:28:43,7027.6,E-commerce,Medium,Wallet,Success,
T00002347,M00012,2025-02-09 18:36:13,11476.61,SaaS,Medium,Net Banking,Success,
T00002348,M00062,2025-11-05 18:55:54,5730.28,Retail,Medium,Credit Card,Success,
T00002349,M00074,2025-08-27 05:34:00,769.11,Gaming,Medium,Credit Card,Success,
T00002350,M00017,2025-10-04 17:25:14,3342.87,Professional Services,Small,Credit Card,Success,
T00002351,M00024,2025-10-21 17:17:23,901.77,Gaming,Small,Credit Card,Success,
T00002352,M00056,2025-02-15 06:28:14,3473.04,E-commerce,Large,Credit Card,Success,
T00002353,M00070,2025-12-25 14:48:09,1448.24,Food Delivery,Large,Debit Card,Success,
T00002354,M00061,2025-02-23 23:42:15,8288.73,SaaS,Medium,UPI,Success,
T00002355,M00013,2025-12-12 12:51:03,3311.67,E-commerce,Small,Debit Card,Failed,Bank Decline
T00002356,M00056,2025-10-03 16:41:59,4785.8,E-commerce,Large,Credit Card,Success,
T00002357,M00089,2025-10-17 02:52:19,8374.26,Education,Small,UPI,Success,
T00002358,M00095,2025-02-25 06:53:06,464.68,E-commerce,Small,Credit Card,Success,
T00002359,M00024,2025-04-30 09:26:22,910.5,Gaming,Small,Credit Card,Success,
T00002360,M00085,2025-09-26 06:53:30,459.92,Gaming,Medium,Wallet,Success,
T00002361,M00080,2025-02-13 09:19:34,1155.18,Media,Small,Credit Card,Success,
T00002362,M00098,2025-01-17 12:17:11,14746.41,SaaS,Medium,Credit Card,Success,
T00002363,M00085,2025-01-13 17:39:00,453.28,Gaming,Medium,Wallet,Success,
T00002364,M00085,2025-02-16 04:26:07,270.0,Gaming,Medium,Wallet,Success,
T00002365,M00100,2025-01-17 19:24:46,991.85,E-commerce,Small,UPI,Success,
T00002366,M00017,2025-10-31 20:13:28,12641.99,Professional Services,Small,Credit Card,Success,
T00002367,M00092,2025-08-22 17:06:27,5198.29,Healthcare,Medium,Debit Card,Success,
T00002368,M00004,2025-05-17 12:31:52,3383.69,Education,Medium,UPI,Success,
T00002369,M00077,2025-02-26 12:41:21,10737.16,Professional Services,Medium,Credit Card,Failed,Network Error
T00002370,M00051,2025-05-17 18:46:20,1565.31,Retail,Medium,UPI,Success,
T00002371,M00044,2025-07-14 10:15:03,16407.76,Professional Services,Small,Net Banking,Success,
T00002372,M00003,2025-01-27 12:56:50,2463.33,Education,Small,Credit Card,Success,
T00002373,M00049,2025-08-13 12:35:47,1489.56,Retail,Medium,Wallet,Success,
T00002374,M00009,2025-04-20 11:05:44,512.88,Gaming,Small,Credit Card,Success,
T00002375,M00036,2025-10-20 19:57:21,183.36,Food Delivery,Medium,UPI,Success,
T00002376,M00027,2025-03-25 02:46:04,1295.59,E-commerce,Large,Credit Card,Success,
T00002377,M00016,2025-11-27 14:39:40,939.13,Retail,Medium,Debit Card,Success,
T00002378,M00082,2025-06-20 17:58:57,4679.44,Education,Large,Debit Card,Success,
T00002379,M00069,2025-02-11 16:20:12,7391.39,Education,Small,Credit Card,Success,
T00002380,M00068,2025-03-25 05:10:42,1863.06,Retail,Medium,Debit Card,Success,
T00002381,M00038,2025-06-08 06:54:07,5329.48,Education,Small,Debit Card,Success,
T00002382,M00088,2025-02-12 20:13:16,1066.5,Food Delivery,Small,UPI,Success,
T00002383,M00081,2025-07-12 13:20:24,444.84,Media,Small,UPI,Success,
T00002384,M00060,2025-01-16 18:29:57,314.58,Food Delivery,Medium,Debit Card,Success,
T00002385,M00065,2025-07-11 17:44:12,1787.46,E-commerce,Large,Debit Card,Success,
T00002386,M00084,2025-05-02 04:06:54,486.23,Food Delivery,Small,Net Banking,Success,
T00002387,M00058,2025-11-23 15:31:43,901.17,Food Delivery,Small,UPI,Success,
T00002388,M00017,2025-11-29 04:35:09,12121.81,Professional Services,Small,Credit Card,Success,
T00002389,M00033,2025-11-29 17:42:36,6127.95,E-commerce,Small,UPI,Success,
T00002390,M00091,2025-09-21 17:57:38,21295.24,Professional Services,Small,Net Banking,Success,
T00002391,M00049,2025-01-05 23:10:21,1949.71,Retail,Medium,Wallet,Success,
T00002392,M00022,2025-06-20 02:59:59,413.51,Food Delivery,Small,Wallet,Success,
T00002393,M00075,2025-09-20 17:36:39,672.34,E-commerce,Small,Wallet,Success,
T00002394,M00048,2025-08-18 08:23:32,823.18,Food Delivery,Medium,Credit Card,Failed,Technical Error
T00002395,M00070,2025-12-26 08:19:50,1296.56,Food Delivery,Large,Debit Card,Success,
T00002396,M00031,2025-03-19 07:37:10,1518.13,Media,Small,Net Banking,Success,
T00002397,M00048,2025-08-20 01:26:12,887.77,Food Delivery,Medium,Credit Card,Success,
T00002398,M00092,2025-06-14 22:31:48,3292.33,Healthcare,Medium,Debit Card,Success,
T00002399,M00002,2025-04-19 03:58:44,965.44,Retail,Small,UPI,Success,
T00002400,M00002,2025-10-21 17:15:15,452.45,Retail,Small,UPI,Success,
T00002401,M00065,2025-09-08 00:56:29,1909.4,E-commerce,Large,Debit Card,Success,
T00002402,M00076,2025-06-07 01:41:15,6919.66,Education,Small,Net Banking,Failed,Payment Timeout
T00002403,M00028,2025-04-19 07:26:56,2816.57,E-commerce,Small,UPI,Success,
T00002404,M00057,2025-07-10 00:59:32,12460.88,Healthcare,Medium,Credit Card,Success,
T00002405,M00084,2025-09-02 00:50:32,446.95,Food Delivery,Small,Net Banking,Success,
T00002406,M00046,2025-11-19 11:04:23,13470.05,Professional Services,Small,Net Banking,Success,
T00002407,M00031,2025-09-21 08:25:10,2032.08,Media,Small,Net Banking,Success,
T00002408,M00037,2025-05-07 23:26:59,7460.02,Education,Medium,UPI,Success,
T00002409,M00015,2025-08-30 13:09:01,1413.67,E-commerce,Medium,UPI,Success,
T00002410,M00039,2025-07-21 22:16:30,1272.95,Gaming,Small,UPI,Success,
T00002411,M00046,2025-11-04 20:47:32,10450.24,Professional Services,Small,Net Banking,Success,
T00002412,M00006,2025-07-16 01:01:41,3505.28,Retail,Small,UPI,Success,
T00002413,M00076,2025-05-14 10:43:47,8722.26,Education,Small,Net Banking,Success,
T00002414,M00048,2025-10-24 16:40:08,494.45,Food Delivery,Medium,Credit Card,Success,
T00002415,M00035,2025-06-17 03:40:42,2121.9,Retail,Small,UPI,Success,
T00002416,M00033,2025-11-28 05:21:52,3611.98,E-commerce,Small,UPI,Success,
T00002417,M00062,2025-06-28 12:18:24,5027.34,Retail,Medium,Credit Card,Success,
T00002418,M00009,2025-10-30 16:22:16,843.93,Gaming,Small,Credit Card,Success,
T00002419,M00071,2025-10-02 04:56:55,3067.19,Retail,Small,Debit Card,Success,
T00002420,M00067,2025-06-01 02:29:34,658.48,Food Delivery,Medium,Credit Card,Success,
T00002421,M00053,2025-02-12 11:30:50,2886.58,Education,Small,Net Banking,Success,
T00002422,M00085,2025-07-29 11:30:05,353.09,Gaming,Medium,Wallet,Success,
T00002423,M00020,2025-07-04 19:48:45,7112.95,Healthcare,Small,Net Banking,Success,
T00002424,M00026,2025-04-13 06:58:54,1636.24,Retail,Medium,Credit Card,Success,
T00002425,M00042,2025-05-27 17:19:47,7832.59,Healthcare,Small,Debit Card,Failed,Network Error
T00002426,M00097,2025-01-24 20:30:46,5909.26,Professional Services,Small,Credit Card,Success,
T00002427,M00082,2025-01-18 12:32:04,7752.97,Education,Large,Debit Card,Success,
T00002428,M00087,2025-08-15 18:58:00,2269.97,Media,Small,Wallet,Success,
T00002429,M00002,2025-12-13 03:55:04,730.46,Retail,Small,UPI,Success,
T00002430,M00011,2025-05-19 18:53:35,5855.75,Education,Small,UPI,Success,
T00002431,M00092,2025-01-22 22:08:42,3882.63,Healthcare,Medium,Debit Card,Success,
T00002432,M00010,2025-08-19 02:47:43,1583.07,Retail,Medium,UPI,Success,
T00002433,M00014,2025-09-25 04:32:36,4815.83,E-commerce,Large,Credit Card,Success,
T00002434,M00030,2025-01-08 15:43:44,2846.09,E-commerce,Small,UPI,Success,
T00002435,M00013,2025-01-15 12:23:04,1018.27,E-commerce,Small,Debit Card,Success,
T00002436,M00089,2025-12-17 01:44:55,8849.9,Education,Small,UPI,Success,
T00002437,M00071,2025-01-08 22:09:46,2285.27,Retail,Small,Debit Card,Failed,Authentication Failure
T00002438,M00071,2025-08-10 12:04:49,1643.04,Retail,Small,Debit Card,Success,
T00002439,M00022,2025-08-11 08:26:49,532.38,Food Delivery,Small,Wallet,Success,
T00002440,M00085,2025-03-21 23:12:16,496.23,Gaming,Medium,Wallet,Success,
T00002441,M00065,2025-07-15 06:08:32,1764.17,E-commerce,Large,Debit Card,Success,
T00002442,M00008,2025-04-27 07:44:13,8157.58,Travel,Small,Credit Card,Success,
T00002443,M00014,2025-06-19 07:43:54,4397.28,E-commerce,Large,Credit Card,Failed,Insufficient Funds
T00002444,M00025,2025-11-23 08:54:49,1575.83,Food Delivery,Small,UPI,Success,
T00002445,M00076,2025-03-25 03:22:16,7506.92,Education,Small,Net Banking,Failed,Authentication Failure
T00002446,M00031,2025-11-09 11:26:37,1869.69,Media,Small,Net Banking,Success,
T00002447,M00014,2025-10-16 12:13:05,5697.75,E-commerce,Large,Credit Card,Success,
T00002448,M00030,2025-08-18 20:34:42,2260.06,E-commerce,Small,UPI,Success,
T00002449,M00085,2025-01-27 02:59:59,273.93,Gaming,Medium,Wallet,Success,
T00002450,M00091,2025-05-15 21:13:27,14559.83,Professional Services,Small,Net Banking,Success,
T00002451,M00082,2025-09-11 00:45:47,7496.62,Education,Large,Debit Card,Success,
T00002452,M00020,2025-09-15 15:51:52,5785.89,Healthcare,Small,Net Banking,Success,
T00002453,M00003,2025-03-19 16:51:09,3332.39,Education,Small,Credit Card,Success,
T00002454,M00039,2025-09-18 19:23:42,2202.71,Gaming,Small,UPI,Success,
T00002455,M00078,2025-03-12 03:19:18,17131.03,SaaS,Medium,Net Banking,Success,
T00002456,M00062,2025-03-14 10:40:08,3031.47,Retail,Medium,Credit Card,Success,
T00002457,M00048,2025-03-24 16:51:50,533.23,Food Delivery,Medium,Credit Card,Failed,Network Error
T00002458,M00060,2025-12-30 22:59:29,310.8,Food Delivery,Medium,Debit Card,Success,
T00002459,M00056,2025-11-11 03:48:23,3021.9,E-commerce,Large,Credit Card,Success,
T00002460,M00093,2025-08-08 20:35:15,4687.58,SaaS,Small,Net Banking,Success,
T00002461,M00006,2025-01-24 06:08:15,2387.61,Retail,Small,UPI,Success,
T00002462,M00086,2025-02-28 10:30:24,1084.54,Food Delivery,Large,UPI,Success,
T00002463,M00082,2025-10-25 07:15:27,5824.03,Education,Large,Debit Card,Success,
T00002464,M00067,2025-11-19 10:09:31,674.87,Food Delivery,Medium,Credit Card,Success,
T00002465,M00056,2025-09-04 04:37:56,5364.41,E-commerce,Large,Credit Card,Success,
T00002466,M00098,2025-09-08 21:33:14,15378.42,SaaS,Medium,Credit Card,Success,
T00002467,M00093,2025-09-24 17:57:06,5339.51,SaaS,Small,Net Banking,Success,
T00002468,M00094,2025-03-16 12:47:12,9523.98,SaaS,Small,UPI,Success,
T00002469,M00049,2025-11-06 12:59:44,1671.26,Retail,Medium,Wallet,Success,
T00002470,M00085,2025-06-19 09:03:12,290.92,Gaming,Medium,Wallet,Success,
T00002471,M00040,2025-12-18 17:19:20,14733.21,Professional Services,Small,Net Banking,Success,
T00002472,M00068,2025-04-11 08:25:59,1545.26,Retail,Medium,Debit Card,Success,
T00002473,M00006,2025-04-18 21:01:21,2991.56,Retail,Small,UPI,Success,
T00002474,M00042,2025-10-08 13:56:44,8335.5,Healthcare,Small,Debit Card,Success,
T00002475,M00005,2025-01-08 17:33:46,40303.97,Travel,Small,Net Banking,Success,
T00002476,M00027,2025-04-26 17:22:01,1940.36,E-commerce,Large,Credit Card,Success,
T00002477,M00073,2025-12-16 17:57:58,6402.82,SaaS,Small,Net Banking,Success,
T00002478,M00074,2025-12-10 23:30:09,870.93,Gaming,Medium,Credit Card,Success,
T00002479,M00016,2025-11-23 03:36:03,988.45,Retail,Medium,Debit Card,Success,
T00002480,M00022,2025-10-13 05:51:12,347.09,Food Delivery,Small,Wallet,Success,
T00002481,M00085,2025-02-16 20:28:14,182.58,Gaming,Medium,Wallet,Failed,Payment Timeout
T00002482,M00023,2025-04-08 19:01:16,6649.85,Healthcare,Small,Net Banking,Success,
T00002483,M00068,2025-02-05 01:10:46,1501.82,Retail,Medium,Debit Card,Success,
T00002484,M00011,2025-05-08 21:10:01,8521.37,Education,Small,UPI,Success,
T00002485,M00021,2025-10-14 07:32:27,1655.44,E-commerce,Small,UPI,Success,
T00002486,M00068,2025-06-14 05:25:29,1956.64,Retail,Medium,Debit Card,Success,
T00002487,M00022,2025-02-11 11:34:43,563.89,Food Delivery,Small,Wallet,Success,
T00002488,M00019,2025-04-09 18:18:10,7943.68,E-commerce,Medium,Wallet,Success,
T00002489,M00090,2025-01-22 17:15:45,6584.66,Healthcare,Medium,Debit Card,Failed,Network Error
T00002490,M00033,2025-07-31 22:42:44,4099.22,E-commerce,Small,UPI,Success,
T00002491,M00042,2025-09-23 03:35:00,9940.01,Healthcare,Small,Debit Card,Success,
T00002492,M00085,2025-02-26 06:40:24,513.53,Gaming,Medium,Wallet,Success,
T00002493,M00017,2025-10-05 22:32:21,8853.49,Professional Services,Small,Credit Card,Success,
T00002494,M00041,2025-12-18 13:20:59,5304.42,E-commerce,Small,Wallet,Success,
T00002495,M00096,2025-11-23 19:05:47,1644.38,Gaming,Small,UPI,Success,
T00002496,M00037,2025-12-23 07:19:18,3354.4,Education,Medium,UPI,Success,
T00002497,M00029,2025-04-04 01:56:26,4079.94,Retail,Small,Debit Card,Success,
T00002498,M00017,2025-09-30 02:13:18,13880.21,Professional Services,Small,Credit Card,Success,
T00002499,M00066,2025-11-12 10:43:17,1288.02,Education,Large,Net Banking,Success,
T00002500,M00093,2025-06-21 19:29:34,4669.06,SaaS,Small,Net Banking,Success,
T00002501,M00052,2025-12-20 07:50:56,41136.34,Travel,Medium,Credit Card,Success,
T00002502,M00015,2025-04-27 20:28:51,1845.25,E-commerce,Medium,UPI,Success,
T00002503,M00020,2025-11-16 12:11:30,8574.57,Healthcare,Small,Net Banking,Success,
T00002504,M00001,2025-03-04 05:25:33,285.34,Food Delivery,Small,UPI,Success,
T00002505,M00005,2025-09-03 04:38:01,19517.99,Travel,Small,Net Banking,Success,
T00002506,M00094,2025-11-03 12:58:17,17467.58,SaaS,Small,UPI,Success,
T00002507,M00005,2025-12-03 11:50:56,36683.63,Travel,Small,Net Banking,Success,
T00002508,M00009,2025-10-14 04:47:49,1013.71,Gaming,Small,Credit Card,Success,
T00002509,M00073,2025-11-23 16:12:42,3347.67,SaaS,Small,Net Banking,Success,
T00002510,M00011,2025-02-08 23:45:16,9408.45,Education,Small,UPI,Success,
T00002511,M00014,2025-09-29 06:19:33,3871.15,E-commerce,Large,Credit Card,Success,
T00002512,M00014,2025-10-11 04:55:51,4333.71,E-commerce,Large,Credit Card,Success,
T00002513,M00061,2025-10-14 12:39:34,6319.51,SaaS,Medium,UPI,Success,
T00002514,M00038,2025-09-07 02:01:39,4531.58,Education,Small,Debit Card,Success,
T00002515,M00010,2025-09-02 17:28:58,1170.46,Retail,Medium,UPI,Success,
T00002516,M00001,2025-03-19 16:50:13,438.43,Food Delivery,Small,UPI,Success,
T00002517,M00039,2025-05-02 20:05:56,1717.13,Gaming,Small,UPI,Success,
T00002518,M00072,2025-10-05 02:53:52,811.89,Media,Small,Credit Card,Failed,Technical Error
T00002519,M00040,2025-10-24 09:11:31,16035.1,Professional Services,Small,Net Banking,Success,
T00002520,M00030,2025-05-05 01:00:56,3340.37,E-commerce,Small,UPI,Success,
T00002521,M00059,2025-12-06 05:39:52,797.2,Retail,Medium,UPI,Success,
T00002522,M00004,2025-11-18 02:02:31,1603.55,Education,Medium,UPI,Success,
T00002523,M00039,2025-04-20 10:32:29,2165.98,Gaming,Small,UPI,Success,
T00002524,M00077,2025-12-07 08:32:49,9889.06,Professional Services,Medium,Credit Card,Success,
T00002525,M00078,2025-11-21 03:46:21,15178.23,SaaS,Medium,Net Banking,Failed,Payment Timeout
T00002526,M00011,2025-09-09 07:28:17,6341.33,Education,Small,UPI,Success,
T00002527,M00009,2025-03-30 19:42:21,1357.52,Gaming,Small,Credit Card,Success,
T00002528,M00020,2025-09-30 08:13:39,4683.04,Healthcare,Small,Net Banking,Success,
T00002529,M00015,2025-01-20 08:00:39,1644.99,E-commerce,Medium,UPI,Success,
T00002530,M00086,2025-02-04 14:06:40,1338.45,Food Delivery,Large,UPI,Failed,Bank Decline
T00002531,M00002,2025-08-09 07:05:13,1247.56,Retail,Small,UPI,Success,
T00002532,M00052,2025-12-24 06:55:09,32612.63,Travel,Medium,Credit Card,Success,
T00002533,M00066,2025-11-18 06:35:53,1404.75,Education,Large,Net Banking,Success,
T00002534,M00064,2025-03-16 00:00:01,6778.57,Professional Services,Large,Net Banking,Failed,Network Error
T00002535,M00062,2025-04-22 20:00:00,4223.79,Retail,Medium,Credit Card,Success,
T00002536,M00042,2025-03-22 05:42:25,6976.02,Healthcare,Small,Debit Card,Success,
T00002537,M00045,2025-11-17 01:03:54,2330.73,Media,Small,Wallet,Success,
T00002538,M00017,2025-06-08 15:43:14,15443.14,Professional Services,Small,Credit Card,Success,
T00002539,M00067,2025-01-12 04:11:05,486.97,Food Delivery,Medium,Credit Card,Success,
T00002540,M00004,2025-12-19 08:54:43,2561.02,Education,Medium,UPI,Success,
T00002541,M00032,2025-08-15 09:03:01,2310.71,Retail,Medium,Credit Card,Success,
T00002542,M00041,2025-02-21 17:33:35,3101.02,E-commerce,Small,Wallet,Success,
T00002543,M00025,2025-09-27 03:26:51,934.52,Food Delivery,Small,UPI,Success,
T00002544,M00023,2025-06-14 09:21:27,8105.27,Healthcare,Small,Net Banking,Success,
T00002545,M00028,2025-04-10 12:11:44,3156.46,E-commerce,Small,UPI,Success,
T00002546,M00055,2025-12-28 14:09:04,15349.98,SaaS,Medium,Net Banking,Success,
T00002547,M00028,2025-12-19 17:17:05,1763.26,E-commerce,Small,UPI,Success,
T00002548,M00038,2025-11-08 13:29:52,4258.68,Education,Small,Debit Card,Success,
T00002549,M00016,2025-10-18 14:07:09,1027.08,Retail,Medium,Debit Card,Success,
T00002550,M00018,2025-05-28 22:35:47,7839.98,Professional Services,Small,Net Banking,Success,
T00002551,M00030,2025-06-03 06:50:27,2385.96,E-commerce,Small,UPI,Success,
T00002552,M00043,2025-01-16 23:18:45,4540.03,Professional Services,Small,Wallet,Success,
T00002553,M00041,2025-04-12 02:05:38,5208.43,E-commerce,Small,Wallet,Success,
T00002554,M00092,2025-07-01 18:52:01,5761.51,Healthcare,Medium,Debit Card,Success,
T00002555,M00055,2025-05-04 05:36:44,12087.53,SaaS,Medium,Net Banking,Success,
T00002556,M00035,2025-05-02 15:53:03,1319.44,Retail,Small,UPI,Success,
T00002557,M00075,2025-02-19 15:50:55,112.96,E-commerce,Small,Wallet,Success,
T00002558,M00083,2025-05-21 00:57:46,1579.75,Retail,Small,Debit Card,Failed,Network Error
T00002559,M00011,2025-12-17 14:38:15,9578.55,Education,Small,UPI,Success,
T00002560,M00026,2025-04-13 10:24:07,1247.02,Retail,Medium,Credit Card,Success,
T00002561,M00055,2025-06-19 05:43:14,15801.88,SaaS,Medium,Net Banking,Failed,Bank Decline
T00002562,M00007,2025-08-04 19:15:49,2474.79,Gaming,Small,Net Banking,Success,
T00002563,M00016,2025-09-13 07:35:37,801.1,Retail,Medium,Debit Card,Success,
T00002564,M00043,2025-01-22 04:36:10,3991.1,Professional Services,Small,Wallet,Success,
T00002565,M00012,2025-01-14 22:15:37,8826.67,SaaS,Medium,Net Banking,Success,
T00002566,M00060,2025-02-15 01:25:20,610.09,Food Delivery,Medium,Debit Card,Failed,Authentication Failure
T00002567,M00038,2025-01-16 20:12:22,516.53,Education,Small,Debit Card,Success,
T00002568,M00027,2025-06-27 18:37:46,2108.3,E-commerce,Large,Credit Card,Success,
T00002569,M00010,2025-11-25 11:47:05,1896.44,Retail,Medium,UPI,Success,
T00002570,M00089,2025-03-21 02:56:08,6437.1,Education,Small,UPI,Success,
T00002571,M00050,2025-03-12 03:49:34,15041.75,SaaS,Small,Wallet,Success,
T00002572,M00019,2025-08-07 17:50:46,2651.02,E-commerce,Medium,Wallet,Success,
T00002573,M00092,2025-08-16 10:54:32,5503.13,Healthcare,Medium,Debit Card,Success,
T00002574,M00092,2025-10-25 19:32:16,8947.32,Healthcare,Medium,Debit Card,Success,
T00002575,M00064,2025-06-11 17:18:22,9372.92,Professional Services,Large,Net Banking,Success,
T00002576,M00048,2025-02-06 14:59:18,676.68,Food Delivery,Medium,Credit Card,Success,
T00002577,M00093,2025-01-11 01:59:05,5802.35,SaaS,Small,Net Banking,Success,
T00002578,M00056,2025-05-26 01:48:56,8999.56,E-commerce,Large,Credit Card,Success,
T00002579,M00089,2025-02-11 04:38:35,8421.55,Education,Small,UPI,Success,
T00002580,M00092,2025-11-19 14:40:40,3757.59,Healthcare,Medium,Debit Card,Success,
T00002581,M00047,2025-07-06 08:34:25,475.1,Healthcare,Medium,UPI,Success,
T00002582,M00052,2025-01-03 06:06:35,29938.41,Travel,Medium,Credit Card,Success,
T00002583,M00070,2025-01-18 00:41:01,670.26,Food Delivery,Large,Debit Card,Success,
T00002584,M00076,2025-10-12 02:29:44,2975.91,Education,Small,Net Banking,Failed,Payment Timeout
T00002585,M00044,2025-02-20 05:21:05,15545.68,Professional Services,Small,Net Banking,Success,
T00002586,M00088,2025-05-06 12:10:14,744.46,Food Delivery,Small,UPI,Success,
T00002587,M00093,2025-10-16 20:43:06,11811.13,SaaS,Small,Net Banking,Success,
T00002588,M00049,2025-06-04 21:37:50,1904.55,Retail,Medium,Wallet,Success,
T00002589,M00081,2025-04-04 05:42:32,681.15,Media,Small,UPI,Success,
T00002590,M00065,2025-11-28 00:26:20,1313.09,E-commerce,Large,Debit Card,Success,
T00002591,M00046,2025-05-31 21:06:34,14457.06,Professional Services,Small,Net Banking,Success,
T00002592,M00025,2025-09-12 00:19:16,849.67,Food Delivery,Small,UPI,Success,
T00002593,M00031,2025-04-26 22:39:23,1167.45,Media,Small,Net Banking,Success,
T00002594,M00073,2025-05-01 10:21:13,4039.74,SaaS,Small,Net Banking,Success,
T00002595,M00086,2025-08-23 09:09:16,1469.86,Food Delivery,Large,UPI,Success,
T00002596,M00034,2025-07-19 02:16:27,2004.21,Gaming,Medium,Debit Card,Success,
T00002597,M00062,2025-06-22 23:49:27,5342.72,Retail,Medium,Credit Card,Success,
T00002598,M00039,2025-06-14 07:18:13,1528.19,Gaming,Small,UPI,Success,
T00002599,M00045,2025-06-14 02:19:27,2966.67,Media,Small,Wallet,Success,
T00002600,M00069,2025-06-15 10:46:01,4072.76,Education,Small,Credit Card,Success,
T00002601,M00034,2025-07-19 08:41:21,1235.55,Gaming,Medium,Debit Card,Success,
T00002602,M00019,2025-09-24 12:11:17,5956.47,E-commerce,Medium,Wallet,Success,
T00002603,M00096,2025-12-28 10:27:03,984.5,Gaming,Small,UPI,Success,
T00002604,M00009,2025-04-23 21:32:54,820.01,Gaming,Small,Credit Card,Success,
T00002605,M00092,2025-01-31 18:02:24,5669.77,Healthcare,Medium,Debit Card,Success,
T00002606,M00001,2025-02-19 15:05:12,309.61,Food Delivery,Small,UPI,Success,
T00002607,M00044,2025-04-27 16:00:41,18217.78,Professional Services,Small,Net Banking,Success,
T00002608,M00097,2025-01-19 12:51:35,5045.61,Professional Services,Small,Credit Card,Success,
T00002609,M00060,2025-12-23 05:52:28,671.58,Food Delivery,Medium,Debit Card,Success,
T00002610,M00059,2025-02-06 16:39:29,847.5,Retail,Medium,UPI,Success,
T00002611,M00049,2025-10-07 17:46:32,1144.08,Retail,Medium,Wallet,Success,
T00002612,M00051,2025-02-01 18:08:51,3449.65,Retail,Medium,UPI,Success,
T00002613,M00076,2025-01-07 07:38:06,10231.03,Education,Small,Net Banking,Success,
T00002614,M00068,2025-03-12 18:18:10,1915.12,Retail,Medium,Debit Card,Success,
T00002615,M00033,2025-01-18 13:50:30,6170.24,E-commerce,Small,UPI,Success,
T00002616,M00072,2025-08-17 01:10:43,1136.77,Media,Small,Credit Card,Success,
T00002617,M00012,2025-10-22 03:03:12,8555.36,SaaS,Medium,Net Banking,Success,
T00002618,M00022,2025-12-23 13:25:24,262.1,Food Delivery,Small,Wallet,Success,
T00002619,M00033,2025-03-14 16:45:12,4146.45,E-commerce,Small,UPI,Failed,Network Error
T00002620,M00044,2025-12-05 12:02:52,16985.0,Professional Services,Small,Net Banking,Success,
T00002621,M00018,2025-06-18 11:17:56,7817.35,Professional Services,Small,Net Banking,Success,
T00002622,M00072,2025-03-08 16:41:22,863.83,Media,Small,Credit Card,Success,
T00002623,M00003,2025-06-28 17:01:48,3248.51,Education,Small,Credit Card,Failed,Payment Timeout
T00002624,M00088,2025-10-09 21:59:04,296.8,Food Delivery,Small,UPI,Success,
T00002625,M00019,2025-08-29 04:49:55,5397.54,E-commerce,Medium,Wallet,Success,
T00002626,M00063,2025-09-26 02:00:01,3071.19,Healthcare,Small,Credit Card,Success,
T00002627,M00093,2025-11-09 11:47:42,6727.16,SaaS,Small,Net Banking,Success,
T00002628,M00062,2025-02-13 11:06:00,4875.42,Retail,Medium,Credit Card,Success,
T00002629,M00058,2025-09-28 07:29:33,2222.29,Food Delivery,Small,UPI,Success,
T00002630,M00030,2025-09-09 21:36:23,2299.47,E-commerce,Small,UPI,Success,
T00002631,M00016,2025-04-04 21:33:17,622.49,Retail,Medium,Debit Card,Success,
T00002632,M00005,2025-03-16 03:27:06,29337.6,Travel,Small,Net Banking,Success,
T00002633,M00079,2025-10-26 22:19:15,157.34,Food Delivery,Large,Credit Card,Success,
T00002634,M00080,2025-03-06 12:12:55,854.05,Media,Small,Credit Card,Success,
T00002635,M00098,2025-10-14 21:56:22,9171.84,SaaS,Medium,Credit Card,Success,
T00002636,M00043,2025-11-30 21:53:01,1378.47,Professional Services,Small,Wallet,Success,
T00002637,M00023,2025-04-05 05:28:20,8053.9,Healthcare,Small,Net Banking,Success,
T00002638,M00004,2025-01-20 18:37:44,2863.96,Education,Medium,UPI,Success,
T00002639,M00095,2025-02-09 20:53:36,390.66,E-commerce,Small,Credit Card,Failed,Authentication Failure
T00002640,M00048,2025-10-14 06:04:04,495.88,Food Delivery,Medium,Credit Card,Success,
T00002641,M00097,2025-10-11 22:08:45,5569.23,Professional Services,Small,Credit Card,Success,
T00002642,M00071,2025-07-08 18:47:21,2416.67,Retail,Small,Debit Card,Success,
T00002643,M00004,2025-10-09 09:53:37,1366.65,Education,Medium,UPI,Success,
T00002644,M00085,2025-07-09 11:34:17,293.0,Gaming,Medium,Wallet,Success,
T00002645,M00094,2025-01-24 13:48:31,8041.9,SaaS,Small,UPI,Success,
T00002646,M00024,2025-01-25 15:57:41,773.41,Gaming,Small,Credit Card,Success,
T00002647,M00008,2025-09-09 18:35:47,9790.61,Travel,Small,Credit Card,Success,
T00002648,M00015,2025-09-08 22:49:56,2592.0,E-commerce,Medium,UPI,Success,
T00002649,M00061,2025-09-28 21:18:20,6727.01,SaaS,Medium,UPI,Success,
T00002650,M00072,2025-07-02 05:38:16,930.27,Media,Small,Credit Card,Success,
T00002651,M00028,2025-04-01 03:21:28,1412.64,E-commerce,Small,UPI,Success,
T00002652,M00038,2025-12-24 23:11:54,3153.03,Education,Small,Debit Card,Success,
T00002653,M00027,2025-11-24 04:21:46,1476.9,E-commerce,Large,Credit Card,Success,
T00002654,M00035,2025-10-08 18:48:06,1281.95,Retail,Small,UPI,Success,
T00002655,M00061,2025-06-11 21:25:36,9845.06,SaaS,Medium,UPI,Success,
T00002656,M00046,2025-11-06 03:00:10,8452.44,Professional Services,Small,Net Banking,Success,
T00002657,M00090,2025-11-24 23:36:07,10272.29,Healthcare,Medium,Debit Card,Success,
T00002658,M00005,2025-02-03 11:22:00,29559.05,Travel,Small,Net Banking,Success,
T00002659,M00017,2025-02-20 03:16:01,11581.92,Professional Services,Small,Credit Card,Success,
T00002660,M00074,2025-11-05 03:47:33,1223.78,Gaming,Medium,Credit Card,Success,
T00002661,M00093,2025-07-11 17:51:04,6602.16,SaaS,Small,Net Banking,Success,
T00002662,M00037,2025-01-08 00:59:21,8635.71,Education,Medium,UPI,Success,
T00002663,M00057,2025-04-12 06:54:24,8775.29,Healthcare,Medium,Credit Card,Success,
T00002664,M00006,2025-12-14 08:56:52,3787.97,Retail,Small,UPI,Success,
T00002665,M00072,2025-11-10 08:03:57,1125.0,Media,Small,Credit Card,Success,
T00002666,M00030,2025-02-16 20:53:38,2901.97,E-commerce,Small,UPI,Success,
T00002667,M00065,2025-07-08 21:15:11,1490.57,E-commerce,Large,Debit Card,Success,
T00002668,M00077,2025-01-19 03:03:18,9727.99,Professional Services,Medium,Credit Card,Success,
T00002669,M00061,2025-08-05 07:49:28,7893.79,SaaS,Medium,UPI,Success,
T00002670,M00093,2025-07-20 03:45:32,8293.52,SaaS,Small,Net Banking,Success,
T00002671,M00032,2025-02-10 10:40:26,2171.58,Retail,Medium,Credit Card,Success,
T00002672,M00067,2025-06-27 12:48:46,175.76,Food Delivery,Medium,Credit Card,Failed,Insufficient Funds
T00002673,M00027,2025-02-11 02:59:01,1723.04,E-commerce,Large,Credit Card,Success,
T00002674,M00060,2025-02-09 13:28:44,352.25,Food Delivery,Medium,Debit Card,Success,
T00002675,M00050,2025-01-17 07:11:00,9820.56,SaaS,Small,Wallet,Success,
T00002676,M00067,2025-03-21 18:20:18,512.88,Food Delivery,Medium,Credit Card,Success,
T00002677,M00064,2025-03-02 23:38:57,7324.77,Professional Services,Large,Net Banking,Success,
T00002678,M00073,2025-07-13 13:20:26,2116.44,SaaS,Small,Net Banking,Success,
T00002679,M00054,2025-02-08 13:29:21,1138.27,Media,Small,Credit Card,Success,
T00002680,M00081,2025-02-17 18:17:20,530.34,Media,Small,UPI,Success,
T00002681,M00040,2025-06-20 12:47:14,18911.92,Professional Services,Small,Net Banking,Success,
T00002682,M00065,2025-11-21 05:01:28,1363.69,E-commerce,Large,Debit Card,Success,
T00002683,M00051,2025-05-13 13:20:01,3653.97,Retail,Medium,UPI,Success,
T00002684,M00017,2025-10-05 18:08:41,12630.99,Professional Services,Small,Credit Card,Success,
T00002685,M00078,2025-05-21 01:26:24,11061.59,SaaS,Medium,Net Banking,Success,
T00002686,M00080,2025-07-25 16:41:54,662.98,Media,Small,Credit Card,Success,
T00002687,M00019,2025-03-30 14:48:37,5606.5,E-commerce,Medium,Wallet,Success,
T00002688,M00016,2025-12-15 18:34:29,1261.3,Retail,Medium,Debit Card,Success,
T00002689,M00046,2025-11-28 00:51:18,7580.63,Professional Services,Small,Net Banking,Failed,Authentication Failure
T00002690,M00032,2025-02-26 12:56:38,2543.39,Retail,Medium,Credit Card,Success,
T00002691,M00017,2025-10-06 16:45:23,13381.12,Professional Services,Small,Credit Card,Success,
T00002692,M00079,2025-05-03 06:11:28,76.44,Food Delivery,Large,Credit Card,Success,
T00002693,M00094,2025-10-27 23:02:05,12278.66,SaaS,Small,UPI,Success,
T00002694,M00046,2025-09-14 09:17:16,15099.87,Professional Services,Small,Net Banking,Success,
T00002695,M00053,2025-02-28 14:58:31,4579.77,Education,Small,Net Banking,Success,
T00002696,M00082,2025-10-05 01:05:08,6083.59,Education,Large,Debit Card,Success,
T00002697,M00066,2025-12-07 03:10:18,1133.45,Education,Large,Net Banking,Success,
T00002698,M00042,2025-09-22 10:10:28,9577.3,Healthcare,Small,Debit Card,Success,
T00002699,M00014,2025-12-06 06:02:32,3255.54,E-commerce,Large,Credit Card,Success,
T00002700,M00059,2025-01-04 01:39:14,1194.45,Retail,Medium,UPI,Success,
T00002701,M00084,2025-12-16 14:33:05,140.18,Food Delivery,Small,Net Banking,Success,
T00002702,M00067,2025-06-23 06:47:00,456.53,Food Delivery,Medium,Credit Card,Success,
T00002703,M00069,2025-12-11 16:50:34,3250.66,Education,Small,Credit Card,Success,
T00002704,M00042,2025-09-28 20:54:02,8445.21,Healthcare,Small,Debit Card,Success,
T00002705,M00054,2025-11-12 06:48:50,1039.07,Media,Small,Credit Card,Success,
T00002706,M00021,2025-04-28 02:28:35,1882.29,E-commerce,Small,UPI,Success,
T00002707,M00063,2025-07-28 17:14:35,3763.97,Healthcare,Small,Credit Card,Success,
T00002708,M00085,2025-02-18 22:27:27,585.4,Gaming,Medium,Wallet,Success,
T00002709,M00098,2025-07-30 00:31:48,11530.91,SaaS,Medium,Credit Card,Success,
T00002710,M00046,2025-07-22 11:12:08,15620.94,Professional Services,Small,Net Banking,Success,
T00002711,M00017,2025-09-04 21:01:06,11122.81,Professional Services,Small,Credit Card,Success,
T00002712,M00056,2025-08-19 02:32:01,5222.79,E-commerce,Large,Credit Card,Success,
T00002713,M00092,2025-11-20 04:56:10,4733.09,Healthcare,Medium,Debit Card,Failed,Insufficient Funds
T00002714,M00070,2025-10-12 06:36:20,593.04,Food Delivery,Large,Debit Card,Success,
T00002715,M00021,2025-05-25 20:24:54,2628.18,E-commerce,Small,UPI,Success,
T00002716,M00081,2025-10-21 19:38:59,582.35,Media,Small,UPI,Success,
T00002717,M00025,2025-02-18 10:45:08,704.64,Food Delivery,Small,UPI,Success,
T00002718,M00038,2025-05-12 15:31:31,3612.54,Education,Small,Debit Card,Failed,Technical Error
T00002719,M00059,2025-08-14 20:50:50,339.98,Retail,Medium,UPI,Success,
T00002720,M00007,2025-07-27 02:36:37,2203.68,Gaming,Small,Net Banking,Success,
T00002721,M00016,2025-04-01 19:31:37,868.52,Retail,Medium,Debit Card,Success,
T00002722,M00023,2025-10-05 14:55:35,8638.35,Healthcare,Small,Net Banking,Success,
T00002723,M00023,2025-02-24 08:37:43,6627.08,Healthcare,Small,Net Banking,Success,
T00002724,M00010,2025-05-08 07:45:18,1265.24,Retail,Medium,UPI,Success,
T00002725,M00090,2025-03-16 18:44:42,10440.93,Healthcare,Medium,Debit Card,Success,
T00002726,M00097,2025-10-04 08:58:10,5420.32,Professional Services,Small,Credit Card,Success,
T00002727,M00075,2025-06-10 00:36:42,642.9,E-commerce,Small,Wallet,Success,
T00002728,M00039,2025-07-04 23:00:01,2076.35,Gaming,Small,UPI,Success,
T00002729,M00067,2025-01-31 07:41:24,387.97,Food Delivery,Medium,Credit Card,Success,
T00002730,M00097,2025-07-21 12:55:04,9226.38,Professional Services,Small,Credit Card,Success,
T00002731,M00059,2025-12-05 15:46:01,790.19,Retail,Medium,UPI,Success,
T00002732,M00073,2025-06-20 21:50:32,5360.6,SaaS,Small,Net Banking,Success,
T00002733,M00063,2025-07-10 02:51:12,4801.59,Healthcare,Small,Credit Card,Success,
T00002734,M00094,2025-07-16 10:15:58,8037.43,SaaS,Small,UPI,Success,
T00002735,M00093,2025-10-04 04:24:13,1702.92,SaaS,Small,Net Banking,Success,
T00002736,M00092,2025-07-25 11:57:09,5322.7,Healthcare,Medium,Debit Card,Success,
T00002737,M00019,2025-03-24 13:58:19,4305.67,E-commerce,Medium,Wallet,Success,
T00002738,M00089,2025-08-06 02:30:23,7890.45,Education,Small,UPI,Success,
T00002739,M00034,2025-02-16 02:58:47,1138.14,Gaming,Medium,Debit Card,Success,
T00002740,M00074,2025-08-11 01:14:01,865.41,Gaming,Medium,Credit Card,Success,
T00002741,M00071,2025-07-23 00:38:22,3071.09,Retail,Small,Debit Card,Failed,Network Error
T00002742,M00099,2025-04-25 04:06:15,5254.92,Retail,Small,Wallet,Success,
T00002743,M00016,2025-11-04 06:33:10,1347.88,Retail,Medium,Debit Card,Success,
T00002744,M00072,2025-12-30 19:48:04,1227.0,Media,Small,Credit Card,Success,
T00002745,M00096,2025-12-12 06:36:49,1637.14,Gaming,Small,UPI,Success,
T00002746,M00027,2025-01-01 19:26:26,1890.8,E-commerce,Large,Credit Card,Success,
T00002747,M00083,2025-05-16 09:38:37,1703.51,Retail,Small,Debit Card,Success,
T00002748,M00032,2025-05-01 06:37:50,2765.72,Retail,Medium,Credit Card,Success,
T00002749,M00070,2025-12-16 15:17:08,961.31,Food Delivery,Large,Debit Card,Success,
T00002750,M00056,2025-11-20 18:29:35,6150.89,E-commerce,Large,Credit Card,Success,
T00002751,M00089,2025-10-23 21:54:00,9850.62,Education,Small,UPI,Success,
T00002752,M00093,2025-09-17 02:56:53,9395.57,SaaS,Small,Net Banking,Success,
T00002753,M00063,2025-12-03 10:55:32,4889.86,Healthcare,Small,Credit Card,Success,
T00002754,M00024,2025-08-31 04:16:30,713.68,Gaming,Small,Credit Card,Success,
T00002755,M00053,2025-04-01 10:03:39,5155.61,Education,Small,Net Banking,Success,
T00002756,M00017,2025-09-18 08:59:22,8997.93,Professional Services,Small,Credit Card,Success,
T00002757,M00064,2025-10-13 19:12:15,7651.38,Professional Services,Large,Net Banking,Success,
T00002758,M00080,2025-01-10 15:11:27,893.53,Media,Small,Credit Card,Success,
T00002759,M00091,2025-11-06 04:44:15,17719.67,Professional Services,Small,Net Banking,Success,
T00002760,M00001,2025-09-08 01:42:54,283.96,Food Delivery,Small,UPI,Success,
T00002761,M00093,2025-03-16 17:32:49,9634.71,SaaS,Small,Net Banking,Success,
T00002762,M00067,2025-08-10 11:03:46,463.29,Food Delivery,Medium,Credit Card,Success,
T00002763,M00020,2025-10-19 11:42:46,3121.61,Healthcare,Small,Net Banking,Success,
T00002764,M00017,2025-12-30 13:50:48,11749.44,Professional Services,Small,Credit Card,Success,
T00002765,M00063,2025-01-08 08:50:47,4821.03,Healthcare,Small,Credit Card,Success,
T00002766,M00056,2025-11-22 19:16:38,5916.88,E-commerce,Large,Credit Card,Success,
T00002767,M00028,2025-06-22 12:31:07,3100.34,E-commerce,Small,UPI,Success,
T00002768,M00091,2025-08-17 16:52:51,20339.59,Professional Services,Small,Net Banking,Success,
T00002769,M00028,2025-12-01 18:10:59,2937.87,E-commerce,Small,UPI,Success,
T00002770,M00007,2025-01-10 08:13:36,2630.62,Gaming,Small,Net Banking,Success,
T00002771,M00005,2025-05-04 06:13:07,22744.22,Travel,Small,Net Banking,Failed,Payment Timeout
T00002772,M00035,2025-03-07 07:19:38,2080.38,Retail,Small,UPI,Success,
T00002773,M00076,2025-03-12 22:35:52,7639.2,Education,Small,Net Banking,Success,
T00002774,M00093,2025-06-08 04:05:29,8004.51,SaaS,Small,Net Banking,Success,
T00002775,M00035,2025-01-23 21:06:56,1528.58,Retail,Small,UPI,Success,
T00002776,M00096,2025-01-23 17:16:34,1406.11,Gaming,Small,UPI,Success,
T00002777,M00066,2025-02-08 08:21:46,1310.68,Education,Large,Net Banking,Success,
T00002778,M00017,2025-05-26 20:02:10,13713.86,Professional Services,Small,Credit Card,Success,
T00002779,M00074,2025-12-16 07:57:42,1214.57,Gaming,Medium,Credit Card,Success,
T00002780,M00071,2025-08-16 14:11:12,3002.61,Retail,Small,Debit Card,Success,
T00002781,M00011,2025-07-17 12:41:37,7424.79,Education,Small,UPI,Success,
T00002782,M00059,2025-01-24 13:07:51,573.84,Retail,Medium,UPI,Success,
T00002783,M00015,2025-08-03 19:27:43,1578.69,E-commerce,Medium,UPI,Success,
T00002784,M00008,2025-04-01 18:37:08,16523.26,Travel,Small,Credit Card,Success,
T00002785,M00079,2025-01-08 05:34:38,213.43,Food Delivery,Large,Credit Card,Success,
T00002786,M00036,2025-04-06 15:49:56,1519.31,Food Delivery,Medium,UPI,Success,
T00002787,M00051,2025-09-11 00:53:40,4028.61,Retail,Medium,UPI,Success,
T00002788,M00081,2025-02-02 14:04:57,322.23,Media,Small,UPI,Success,
T00002789,M00053,2025-07-14 08:22:04,5179.81,Education,Small,Net Banking,Success,
T00002790,M00081,2025-03-07 07:37:43,752.81,Media,Small,UPI,Success,
T00002791,M00053,2025-07-28 18:11:42,7310.88,Education,Small,Net Banking,Success,
T00002792,M00061,2025-01-17 05:31:49,6239.23,SaaS,Medium,UPI,Success,
T00002793,M00087,2025-06-30 10:52:15,2643.65,Media,Small,Wallet,Success,
T00002794,M00097,2025-03-07 00:06:37,6538.81,Professional Services,Small,Credit Card,Success,
T00002795,M00069,2025-12-29 12:54:50,8007.03,Education,Small,Credit Card,Success,
T00002796,M00067,2025-09-22 02:02:19,458.69,Food Delivery,Medium,Credit Card,Success,
T00002797,M00091,2025-05-17 11:27:08,19071.97,Professional Services,Small,Net Banking,Success,
T00002798,M00008,2025-04-20 06:00:40,11473.58,Travel,Small,Credit Card,Success,
T00002799,M00076,2025-10-15 01:41:03,6817.38,Education,Small,Net Banking,Success,
T00002800,M00026,2025-09-29 05:49:58,1710.58,Retail,Medium,Credit Card,Success,
T00002801,M00048,2025-02-24 05:38:05,628.34,Food Delivery,Medium,Credit Card,Success,
T00002802,M00064,2025-03-23 21:15:57,1.0,Professional Services,Large,Net Banking,Success,
T00002803,M00058,2025-11-08 11:42:32,1138.05,Food Delivery,Small,UPI,Success,
T00002804,M00038,2025-04-12 12:03:24,4542.2,Education,Small,Debit Card,Failed,Technical Error
T00002805,M00063,2025-06-25 19:38:18,4662.28,Healthcare,Small,Credit Card,Success,
T00002806,M00031,2025-03-23 19:09:25,2463.24,Media,Small,Net Banking,Success,
T00002807,M00097,2025-08-21 19:52:20,4986.24,Professional Services,Small,Credit Card,Success,
T00002808,M00067,2025-12-25 04:03:56,819.96,Food Delivery,Medium,Credit Card,Success,
T00002809,M00073,2025-07-05 01:34:18,4131.99,SaaS,Small,Net Banking,Success,
T00002810,M00073,2025-08-04 20:20:39,3971.37,SaaS,Small,Net Banking,Success,
T00002811,M00079,2025-10-01 03:13:41,164.91,Food Delivery,Large,Credit Card,Success,
T00002812,M00046,2025-12-07 11:37:31,14117.76,Professional Services,Small,Net Banking,Success,
T00002813,M00072,2025-01-31 02:34:04,334.82,Media,Small,Credit Card,Success,
T00002814,M00044,2025-06-22 21:20:53,12883.34,Professional Services,Small,Net Banking,Success,
T00002815,M00027,2025-05-18 02:08:57,2050.91,E-commerce,Large,Credit Card,Success,
T00002816,M00100,2025-05-31 04:46:51,668.9,E-commerce,Small,UPI,Success,
T00002817,M00026,2025-10-26 05:57:37,2325.55,Retail,Medium,Credit Card,Success,
T00002818,M00033,2025-05-24 21:07:47,817.16,E-commerce,Small,UPI,Success,
T00002819,M00003,2025-06-22 15:45:50,6190.91,Education,Small,Credit Card,Success,
T00002820,M00036,2025-09-22 07:13:34,885.2,Food Delivery,Medium,UPI,Success,
T00002821,M00058,2025-05-19 23:08:01,1681.67,Food Delivery,Small,UPI,Success,
T00002822,M00017,2025-11-10 22:58:09,16234.71,Professional Services,Small,Credit Card,Success,
T00002823,M00014,2025-04-01 23:26:32,6938.04,E-commerce,Large,Credit Card,Success,
T00002824,M00060,2025-07-11 09:34:54,532.7,Food Delivery,Medium,Debit Card,Success,
T00002825,M00061,2025-10-02 13:25:09,7818.27,SaaS,Medium,UPI,Failed,Technical Error
T00002826,M00061,2025-06-03 19:47:26,7866.85,SaaS,Medium,UPI,Success,
T00002827,M00064,2025-04-18 17:03:59,5338.69,Professional Services,Large,Net Banking,Success,
T00002828,M00051,2025-09-14 06:08:23,3252.63,Retail,Medium,UPI,Success,
T00002829,M00031,2025-09-19 01:07:48,1440.19,Media,Small,Net Banking,Success,
T00002830,M00004,2025-02-19 19:20:34,1351.71,Education,Medium,UPI,Success,
T00002831,M00094,2025-02-19 11:44:31,11366.73,SaaS,Small,UPI,Success,
T00002832,M00087,2025-07-23 03:27:30,2612.91,Media,Small,Wallet,Success,
T00002833,M00096,2025-04-17 12:55:19,1980.2,Gaming,Small,UPI,Failed,Technical Error
T00002834,M00059,2025-09-21 04:56:34,1158.61,Retail,Medium,UPI,Success,
T00002835,M00061,2025-04-09 05:23:42,5935.47,SaaS,Medium,UPI,Success,
T00002836,M00021,2025-06-15 20:59:43,1172.73,E-commerce,Small,UPI,Success,
T00002837,M00003,2025-09-10 10:43:09,6928.38,Education,Small,Credit Card,Success,
T00002838,M00022,2025-06-08 00:21:29,508.79,Food Delivery,Small,Wallet,Success,
T00002839,M00028,2025-09-22 03:40:34,1530.64,E-commerce,Small,UPI,Success,
T00002840,M00068,2025-01-17 21:07:12,1425.02,Retail,Medium,Debit Card,Success,
T00002841,M00053,2025-03-29 04:56:27,6935.14,Education,Small,Net Banking,Success,
T00002842,M00011,2025-05-03 19:35:19,8835.73,Education,Small,UPI,Success,
T00002843,M00040,2025-03-17 13:52:45,8629.28,Professional Services,Small,Net Banking,Success,
T00002844,M00076,2025-10-14 09:28:40,11759.88,Education,Small,Net Banking,Success,
T00002845,M00054,2025-09-25 19:03:43,877.44,Media,Small,Credit Card,Success,
T00002846,M00096,2025-03-05 21:04:45,1797.74,Gaming,Small,UPI,Success,
T00002847,M00068,2025-01-25 09:44:58,1343.61,Retail,Medium,Debit Card,Success,
T00002848,M00030,2025-11-10 19:39:23,2333.25,E-commerce,Small,UPI,Success,
T00002849,M00017,2025-11-06 14:38:14,8679.86,Professional Services,Small,Credit Card,Success,
T00002850,M00033,2025-02-11 21:08:51,3251.16,E-commerce,Small,UPI,Success,
T00002851,M00004,2025-05-13 08:30:16,2664.85,Education,Medium,UPI,Success,
T00002852,M00013,2025-04-02 22:36:39,1253.21,E-commerce,Small,Debit Card,Failed,Payment Timeout
T00002853,M00025,2025-08-29 14:46:43,980.58,Food Delivery,Small,UPI,Success,
T00002854,M00071,2025-02-18 11:27:58,2769.63,Retail,Small,Debit Card,Success,
T00002855,M00065,2025-01-24 13:38:35,1893.08,E-commerce,Large,Debit Card,Success,
T00002856,M00086,2025-09-27 06:37:04,964.67,Food Delivery,Large,UPI,Success,
T00002857,M00088,2025-02-19 12:43:11,1022.45,Food Delivery,Small,UPI,Success,
T00002858,M00009,2025-08-26 04:29:48,976.13,Gaming,Small,Credit Card,Success,
T00002859,M00016,2025-01-26 13:12:34,1098.29,Retail,Medium,Debit Card,Success,
T00002860,M00048,2025-11-27 01:54:55,804.77,Food Delivery,Medium,Credit Card,Success,
T00002861,M00021,2025-02-07 05:12:09,2072.71,E-commerce,Small,UPI,Success,
T00002862,M00041,2025-11-02 19:47:49,3531.98,E-commerce,Small,Wallet,Success,
T00002863,M00038,2025-01-05 02:51:36,2183.07,Education,Small,Debit Card,Success,
T00002864,M00023,2025-08-29 20:46:57,7905.98,Healthcare,Small,Net Banking,Success,
T00002865,M00031,2025-05-12 21:27:17,1263.74,Media,Small,Net Banking,Success,
T00002866,M00004,2025-07-20 20:46:24,1324.44,Education,Medium,UPI,Success,
T00002867,M00015,2025-03-16 18:03:21,2298.72,E-commerce,Medium,UPI,Success,
T00002868,M00063,2025-08-19 06:06:09,5126.9,Healthcare,Small,Credit Card,Success,
T00002869,M00022,2025-03-17 04:37:05,467.92,Food Delivery,Small,Wallet,Success,
T00002870,M00051,2025-05-19 00:29:10,3478.8,Retail,Medium,UPI,Success,
T00002871,M00028,2025-10-09 09:58:34,2021.99,E-commerce,Small,UPI,Success,
T00002872,M00030,2025-01-18 02:46:10,2239.82,E-commerce,Small,UPI,Success,
T00002873,M00016,2025-05-02 00:56:44,700.31,Retail,Medium,Debit Card,Success,
T00002874,M00095,2025-05-19 22:24:44,472.3,E-commerce,Small,Credit Card,Success,
T00002875,M00005,2025-12-10 18:51:58,21081.21,Travel,Small,Net Banking,Success,
T00002876,M00067,2025-08-23 07:26:18,494.93,Food Delivery,Medium,Credit Card,Success,
T00002877,M00080,2025-05-24 05:44:40,1074.82,Media,Small,Credit Card,Success,
T00002878,M00030,2025-02-26 03:46:23,2408.13,E-commerce,Small,UPI,Success,
T00002879,M00077,2025-07-16 22:35:16,8875.79,Professional Services,Medium,Credit Card,Success,
T00002880,M00016,2025-05-14 12:35:54,661.69,Retail,Medium,Debit Card,Success,
T00002881,M00058,2025-03-19 19:36:05,1224.11,Food Delivery,Small,UPI,Success,
T00002882,M00077,2025-03-15 12:55:18,6452.56,Professional Services,Medium,Credit Card,Success,
T00002883,M00083,2025-09-27 19:50:01,1384.11,Retail,Small,Debit Card,Success,
T00002884,M00073,2025-11-27 21:17:47,2719.28,SaaS,Small,Net Banking,Success,
T00002885,M00048,2025-05-11 08:34:56,581.97,Food Delivery,Medium,Credit Card,Success,
T00002886,M00095,2025-06-26 10:24:08,457.3,E-commerce,Small,Credit Card,Success,
T00002887,M00050,2025-12-20 14:52:34,14437.78,SaaS,Small,Wallet,Success,
T00002888,M00068,2025-03-28 14:44:40,1566.93,Retail,Medium,Debit Card,Success,
T00002889,M00056,2025-07-01 04:26:15,4148.41,E-commerce,Large,Credit Card,Success,
T00002890,M00044,2025-11-13 09:06:47,12832.51,Professional Services,Small,Net Banking,Success,
T00002891,M00009,2025-10-15 10:03:30,635.2,Gaming,Small,Credit Card,Success,
T00002892,M00010,2025-01-03 14:41:06,2377.17,Retail,Medium,UPI,Success,
T00002893,M00004,2025-01-29 15:13:27,1588.58,Education,Medium,UPI,Success,
T00002894,M00100,2025-06-21 00:54:04,914.31,E-commerce,Small,UPI,Success,
T00002895,M00051,2025-08-16 10:59:34,4736.96,Retail,Medium,UPI,Failed,Bank Decline
T00002896,M00051,2025-03-18 19:51:45,3250.94,Retail,Medium,UPI,Success,
T00002897,M00014,2025-03-27 00:42:56,5302.4,E-commerce,Large,Credit Card,Success,
T00002898,M00066,2025-08-04 08:21:38,1033.94,Education,Large,Net Banking,Success,
T00002899,M00043,2025-03-18 02:44:11,8304.4,Professional Services,Small,Wallet,Success,
T00002900,M00020,2025-01-09 03:40:33,9144.31,Healthcare,Small,Net Banking,Success,
T00002901,M00053,2025-02-23 07:12:08,2607.62,Education,Small,Net Banking,Success,
T00002902,M00091,2025-12-30 13:12:57,23354.85,Professional Services,Small,Net Banking,Success,
T00002903,M00030,2025-06-27 04:07:35,2669.07,E-commerce,Small,UPI,Success,
T00002904,M00048,2025-07-24 15:18:47,1172.42,Food Delivery,Medium,Credit Card,Failed,Payment Timeout
T00002905,M00051,2025-12-09 09:42:07,2165.68,Retail,Medium,UPI,Success,
T00002906,M00031,2025-12-09 19:34:32,2041.3,Media,Small,Net Banking,Failed,Bank Decline
T00002907,M00097,2025-03-16 10:35:56,3984.05,Professional Services,Small,Credit Card,Success,
T00002908,M00045,2025-06-16 19:36:16,2328.05,Media,Small,Wallet,Failed,Bank Decline
T00002909,M00095,2025-12-24 16:28:08,807.31,E-commerce,Small,Credit Card,Success,
T00002910,M00040,2025-07-27 22:55:36,14064.24,Professional Services,Small,Net Banking,Success,
T00002911,M00014,2025-02-27 16:44:38,3719.45,E-commerce,Large,Credit Card,Success,
T00002912,M00082,2025-12-05 23:33:56,7035.7,Education,Large,Debit Card,Success,
T00002913,M00050,2025-07-17 09:24:53,19342.34,SaaS,Small,Wallet,Success,
T00002914,M00003,2025-02-01 14:46:29,3633.29,Education,Small,Credit Card,Success,
T00002915,M00080,2025-11-04 04:37:42,747.61,Media,Small,Credit Card,Success,
T00002916,M00021,2025-10-19 18:41:54,2434.26,E-commerce,Small,UPI,Success,
T00002917,M00026,2025-10-19 17:05:50,1136.18,Retail,Medium,Credit Card,Success,
T00002918,M00088,2025-05-05 23:36:32,667.92,Food Delivery,Small,UPI,Success,
T00002919,M00096,2025-07-24 01:47:17,1427.93,Gaming,Small,UPI,Success,
T00002920,M00041,2025-04-15 05:04:03,2463.92,E-commerce,Small,Wallet,Success,
T00002921,M00051,2025-09-05 19:34:30,5148.07,Retail,Medium,UPI,Success,
T00002922,M00073,2025-03-27 06:07:59,3217.92,SaaS,Small,Net Banking,Success,
T00002923,M00077,2025-06-25 13:41:29,9141.71,Professional Services,Medium,Credit Card,Success,
T00002924,M00074,2025-12-12 03:22:03,817.76,Gaming,Medium,Credit Card,Success,
T00002925,M00041,2025-03-03 01:17:49,5646.19,E-commerce,Small,Wallet,Success,
T00002926,M00057,2025-02-22 04:02:57,8729.33,Healthcare,Medium,Credit Card,Success,
T00002927,M00041,2025-04-25 14:02:48,3287.1,E-commerce,Small,Wallet,Success,
T00002928,M00100,2025-06-30 16:28:23,772.06,E-commerce,Small,UPI,Success,
T00002929,M00044,2025-05-11 15:13:57,10621.93,Professional Services,Small,Net Banking,Success,
T00002930,M00065,2025-11-09 10:31:30,1738.77,E-commerce,Large,Debit Card,Success,
T00002931,M00052,2025-04-17 00:43:33,21240.87,Travel,Medium,Credit Card,Success,
T00002932,M00033,2025-09-08 15:08:35,4540.49,E-commerce,Small,UPI,Success,
T00002933,M00012,2025-12-17 02:21:50,16084.86,SaaS,Medium,Net Banking,Success,
T00002934,M00047,2025-09-07 23:17:37,2156.15,Healthcare,Medium,UPI,Success,
T00002935,M00072,2025-04-18 08:28:02,976.27,Media,Small,Credit Card,Success,
T00002936,M00038,2025-01-15 20:48:30,3019.26,Education,Small,Debit Card,Success,
T00002937,M00055,2025-05-10 14:50:54,14281.52,SaaS,Medium,Net Banking,Success,
T00002938,M00013,2025-11-13 17:36:52,3042.67,E-commerce,Small,Debit Card,Success,
T00002939,M00007,2025-11-25 08:08:55,2744.71,Gaming,Small,Net Banking,Failed,Technical Error
T00002940,M00040,2025-10-15 07:37:53,18399.4,Professional Services,Small,Net Banking,Success,
T00002941,M00041,2025-04-12 09:57:31,5583.15,E-commerce,Small,Wallet,Success,
T00002942,M00066,2025-11-01 03:17:03,1530.28,Education,Large,Net Banking,Failed,Authentication Failure
T00002943,M00022,2025-11-16 04:18:09,255.54,Food Delivery,Small,Wallet,Success,
T00002944,M00096,2025-07-19 02:12:57,1345.59,Gaming,Small,UPI,Failed,Bank Decline
T00002945,M00052,2025-12-03 02:43:44,20435.47,Travel,Medium,Credit Card,Success,
T00002946,M00093,2025-07-04 06:05:06,7999.54,SaaS,Small,Net Banking,Success,
T00002947,M00042,2025-08-16 23:16:13,11004.06,Healthcare,Small,Debit Card,Success,
T00002948,M00082,2025-06-29 04:34:13,3284.56,Education,Large,Debit Card,Success,
T00002949,M00086,2025-02-03 08:25:15,1045.14,Food Delivery,Large,UPI,Success,
T00002950,M00020,2025-09-29 01:17:02,9999.77,Healthcare,Small,Net Banking,Success,
T00002951,M00051,2025-06-20 08:48:05,2423.01,Retail,Medium,UPI,Success,
T00002952,M00038,2025-08-13 06:46:07,3595.84,Education,Small,Debit Card,Success,
T00002953,M00050,2025-04-29 16:08:12,12464.17,SaaS,Small,Wallet,Success,
T00002954,M00089,2025-11-21 00:13:45,7612.86,Education,Small,UPI,Success,
T00002955,M00005,2025-03-29 13:43:30,15136.43,Travel,Small,Net Banking,Success,
T00002956,M00088,2025-10-30 09:28:57,833.12,Food Delivery,Small,UPI,Success,
T00002957,M00095,2025-04-27 08:49:16,560.3,E-commerce,Small,Credit Card,Success,
T00002958,M00009,2025-12-25 03:00:24,856.74,Gaming,Small,Credit Card,Success,
T00002959,M00042,2025-05-09 06:09:28,5051.92,Healthcare,Small,Debit Card,Success,
T00002960,M00005,2025-08-11 20:56:14,19555.33,Travel,Small,Net Banking,Success,
T00002961,M00073,2025-05-29 02:08:47,4303.08,SaaS,Small,Net Banking,Success,
T00002962,M00054,2025-03-15 03:26:37,1260.71,Media,Small,Credit Card,Success,
T00002963,M00022,2025-05-08 17:01:25,291.12,Food Delivery,Small,Wallet,Success,
T00002964,M00096,2025-02-06 05:04:25,1467.91,Gaming,Small,UPI,Success,
T00002965,M00002,2025-09-20 02:23:20,854.91,Retail,Small,UPI,Success,
T00002966,M00011,2025-07-09 18:12:22,7207.21,Education,Small,UPI,Success,
T00002967,M00037,2025-03-19 06:48:09,12280.37,Education,Medium,UPI,Success,
T00002968,M00009,2025-04-01 12:05:05,1073.8,Gaming,Small,Credit Card,Success,
T00002969,M00019,2025-07-23 15:43:19,5085.28,E-commerce,Medium,Wallet,Success,
T00002970,M00095,2025-03-08 17:31:54,602.96,E-commerce,Small,Credit Card,Success,
T00002971,M00010,2025-12-20 08:03:59,1668.19,Retail,Medium,UPI,Success,
T00002972,M00022,2025-07-28 08:06:16,453.3,Food Delivery,Small,Wallet,Success,
T00002973,M00056,2025-10-16 14:35:33,8269.28,E-commerce,Large,Credit Card,Success,
T00002974,M00099,2025-02-20 11:03:23,5575.9,Retail,Small,Wallet,Success,
T00002975,M00094,2025-05-01 07:08:46,6639.36,SaaS,Small,UPI,Success,
T00002976,M00043,2025-08-23 10:58:47,6312.96,Professional Services,Small,Wallet,Success,
T00002977,M00007,2025-05-01 12:20:01,2063.32,Gaming,Small,Net Banking,Success,
T00002978,M00084,2025-04-17 23:17:45,340.69,Food Delivery,Small,Net Banking,Success,
T00002979,M00097,2025-02-25 09:59:08,3436.81,Professional Services,Small,Credit Card,Success,
T00002980,M00017,2025-04-06 20:43:00,12718.63,Professional Services,Small,Credit Card,Success,
T00002981,M00052,2025-12-20 12:38:04,16880.1,Travel,Medium,Credit Card,Success,
T00002982,M00046,2025-01-16 04:17:47,11799.05,Professional Services,Small,Net Banking,Success,
T00002983,M00025,2025-04-22 19:31:56,663.39,Food Delivery,Small,UPI,Success,
T00002984,M00053,2025-11-24 05:58:08,1964.67,Education,Small,Net Banking,Success,
T00002985,M00038,2025-04-26 12:25:23,1822.99,Education,Small,Debit Card,Success,
T00002986,M00074,2025-06-11 04:34:19,1433.75,Gaming,Medium,Credit Card,Success,
T00002987,M00091,2025-12-16 12:16:41,13086.46,Professional Services,Small,Net Banking,Success,
T00002988,M00099,2025-09-13 23:04:16,3333.24,Retail,Small,Wallet,Success,
T00002989,M00072,2025-08-09 19:52:42,1203.43,Media,Small,Credit Card,Success,
T00002990,M00064,2025-12-10 21:50:52,9877.98,Professional Services,Large,Net Banking,Success,
T00002991,M00015,2025-04-17 07:46:47,2828.68,E-commerce,Medium,UPI,Success,
T00002992,M00010,2025-01-26 22:05:52,1468.04,Retail,Medium,UPI,Success,
T00002993,M00018,2025-10-08 13:20:36,12404.55,Professional Services,Small,Net Banking,Success,
T00002994,M00074,2025-10-23 21:03:26,658.67,Gaming,Medium,Credit Card,Success,
T00002995,M00068,2025-05-24 04:49:55,1671.02,Retail,Medium,Debit Card,Success,
T00002996,M00067,2025-05-07 14:39:45,551.02,Food Delivery,Medium,Credit Card,Success,
T00002997,M00075,2025-03-06 00:24:42,584.25,E-commerce,Small,Wallet,Success,
T00002998,M00005,2025-01-29 10:13:53,34148.32,Travel,Small,Net Banking,Success,
T00002999,M00053,2025-09-20 09:15:14,4220.06,Education,Small,Net Banking,Success,
T00003000,M00052,2025-11-29 08:23:01,17429.43,Travel,Medium,Credit Card,Success,
T00003001,M00079,2025-01-15 16:05:07,269.98,Food Delivery,Large,Credit Card,Success,
T00003002,M00091,2025-05-08 00:53:22,17293.35,Professional Services,Small,Net Banking,Success,
T00003003,M00038,2025-06-30 07:04:55,2853.67,Education,Small,Debit Card,Success,
T00003004,M00055,2025-04-05 02:20:24,13265.46,SaaS,Medium,Net Banking,Success,
T00003005,M00057,2025-06-19 23:52:48,13344.87,Healthcare,Medium,Credit Card,Success,
T00003006,M00061,2025-03-08 06:00:20,11496.36,SaaS,Medium,UPI,Success,
T00003007,M00021,2025-08-24 17:32:36,3230.0,E-commerce,Small,UPI,Success,
T00003008,M00041,2025-06-01 18:58:53,5115.6,E-commerce,Small,Wallet,Success,
T00003009,M00019,2025-09-18 17:49:42,4829.93,E-commerce,Medium,Wallet,Success,
T00003010,M00017,2025-05-20 01:36:45,5896.47,Professional Services,Small,Credit Card,Success,
T00003011,M00030,2025-10-05 10:48:18,3716.08,E-commerce,Small,UPI,Success,
T00003012,M00076,2025-09-28 14:06:34,8415.26,Education,Small,Net Banking,Success,
T00003013,M00028,2025-09-04 12:40:31,2730.34,E-commerce,Small,UPI,Success,
T00003014,M00089,2025-12-15 08:44:17,4652.71,Education,Small,UPI,Success,
T00003015,M00076,2025-09-26 02:29:51,7403.32,Education,Small,Net Banking,Success,
T00003016,M00013,2025-10-27 23:22:48,2651.09,E-commerce,Small,Debit Card,Success,
T00003017,M00007,2025-03-20 08:20:05,3732.19,Gaming,Small,Net Banking,Success,
T00003018,M00021,2025-02-05 11:46:59,2349.17,E-commerce,Small,UPI,Success,
T00003019,M00090,2025-01-11 20:27:30,11794.48,Healthcare,Medium,Debit Card,Success,
T00003020,M00081,2025-09-17 19:03:39,421.49,Media,Small,UPI,Success,
T00003021,M00031,2025-12-09 15:30:07,2515.77,Media,Small,Net Banking,Success,
T00003022,M00087,2025-10-09 04:16:34,2492.6,Media,Small,Wallet,Success,
T00003023,M00012,2025-06-11 10:25:06,4821.72,SaaS,Medium,Net Banking,Success,
T00003024,M00002,2025-09-01 10:04:22,881.74,Retail,Small,UPI,Success,
T00003025,M00033,2025-03-22 10:29:30,5138.29,E-commerce,Small,UPI,Success,
T00003026,M00026,2025-04-01 06:12:03,1541.68,Retail,Medium,Credit Card,Success,
T00003027,M00018,2025-05-19 11:31:56,7886.28,Professional Services,Small,Net Banking,Success,
T00003028,M00035,2025-01-05 15:40:28,2000.48,Retail,Small,UPI,Success,
T00003029,M00058,2025-06-28 04:06:05,1518.43,Food Delivery,Small,UPI,Success,
T00003030,M00040,2025-08-31 07:15:25,17997.85,Professional Services,Small,Net Banking,Success,
T00003031,M00040,2025-01-27 03:34:22,15489.4,Professional Services,Small,Net Banking,Success,
T00003032,M00032,2025-07-14 00:23:09,2123.58,Retail,Medium,Credit Card,Failed,Insufficient Funds
T00003033,M00020,2025-10-04 17:16:16,914.06,Healthcare,Small,Net Banking,Success,
T00003034,M00067,2025-03-08 14:06:53,410.43,Food Delivery,Medium,Credit Card,Success,
T00003035,M00087,2025-02-06 19:05:00,591.36,Media,Small,Wallet,Success,
T00003036,M00071,2025-09-21 06:29:26,1325.21,Retail,Small,Debit Card,Success,
T00003037,M00071,2025-10-27 14:01:43,2390.01,Retail,Small,Debit Card,Success,
T00003038,M00057,2025-12-10 07:10:11,7365.63,Healthcare,Medium,Credit Card,Success,
T00003039,M00064,2025-11-27 17:03:37,7384.13,Professional Services,Large,Net Banking,Success,
T00003040,M00075,2025-12-21 05:25:06,530.84,E-commerce,Small,Wallet,Success,
T00003041,M00004,2025-05-29 11:57:35,1059.82,Education,Medium,UPI,Success,
T00003042,M00034,2025-10-01 15:37:10,1459.7,Gaming,Medium,Debit Card,Failed,Bank Decline
T00003043,M00045,2025-01-09 05:43:22,1346.26,Media,Small,Wallet,Success,
T00003044,M00018,2025-10-14 13:51:01,4627.33,Professional Services,Small,Net Banking,Success,
T00003045,M00086,2025-04-05 14:00:38,1042.56,Food Delivery,Large,UPI,Success,
T00003046,M00051,2025-04-26 04:38:58,3539.58,Retail,Medium,UPI,Success,
T00003047,M00057,2025-05-26 22:13:28,10090.55,Healthcare,Medium,Credit Card,Success,
T00003048,M00044,2025-08-21 06:27:53,16415.36,Professional Services,Small,Net Banking,Failed,Authentication Failure
T00003049,M00098,2025-10-15 02:21:42,13234.29,SaaS,Medium,Credit Card,Success,
T00003050,M00021,2025-11-02 15:06:00,2385.4,E-commerce,Small,UPI,Success,
T00003051,M00066,2025-07-22 06:53:12,1631.49,Education,Large,Net Banking,Success,
T00003052,M00053,2025-10-19 11:38:29,2955.65,Education,Small,Net Banking,Success,
T00003053,M00092,2025-11-25 22:00:17,4280.69,Healthcare,Medium,Debit Card,Success,
T00003054,M00076,2025-01-22 00:00:21,5577.07,Education,Small,Net Banking,Success,
T00003055,M00035,2025-09-16 06:18:19,2939.49,Retail,Small,UPI,Success,
T00003056,M00077,2025-03-28 09:19:43,7339.17,Professional Services,Medium,Credit Card,Success,
T00003057,M00002,2025-05-29 03:42:23,747.15,Retail,Small,UPI,Success,
T00003058,M00006,2025-01-26 02:16:22,3243.34,Retail,Small,UPI,Success,
T00003059,M00090,2025-01-28 04:18:24,10148.69,Healthcare,Medium,Debit Card,Failed,Bank Decline
T00003060,M00041,2025-02-18 18:18:48,4331.16,E-commerce,Small,Wallet,Success,
T00003061,M00081,2025-08-19 03:43:04,210.67,Media,Small,UPI,Success,
T00003062,M00084,2025-07-17 01:32:22,350.64,Food Delivery,Small,Net Banking,Success,
T00003063,M00084,2025-10-09 13:23:17,344.61,Food Delivery,Small,Net Banking,Success,
T00003064,M00029,2025-06-14 16:07:22,4254.07,Retail,Small,Debit Card,Success,
T00003065,M00050,2025-04-07 16:33:47,10449.24,SaaS,Small,Wallet,Failed,Bank Decline
T00003066,M00028,2025-04-16 13:55:34,3223.06,E-commerce,Small,UPI,Success,
T00003067,M00049,2025-07-06 20:50:09,2464.22,Retail,Medium,Wallet,Success,
T00003068,M00014,2025-03-07 03:41:34,5413.2,E-commerce,Large,Credit Card,Success,
T00003069,M00067,2025-06-14 03:49:26,264.49,Food Delivery,Medium,Credit Card,Success,
T00003070,M00005,2025-11-15 07:15:40,24768.96,Travel,Small,Net Banking,Failed,Authentication Failure
T00003071,M00045,2025-01-08 16:39:09,2630.04,Media,Small,Wallet,Success,
T00003072,M00054,2025-12-19 00:47:30,670.47,Media,Small,Credit Card,Success,
T00003073,M00073,2025-08-20 03:30:39,2498.07,SaaS,Small,Net Banking,Success,
T00003074,M00004,2025-05-28 18:03:11,1904.27,Education,Medium,UPI,Success,
T00003075,M00062,2025-06-26 03:53:14,3912.01,Retail,Medium,Credit Card,Success,
T00003076,M00056,2025-05-10 09:58:02,6783.99,E-commerce,Large,Credit Card,Success,
T00003077,M00032,2025-07-02 05:48:21,3261.79,Retail,Medium,Credit Card,Success,
T00003078,M00004,2025-12-01 15:12:28,3402.89,Education,Medium,UPI,Success,
T00003079,M00073,2025-10-09 16:42:32,3114.04,SaaS,Small,Net Banking,Success,
T00003080,M00045,2025-06-03 06:24:06,3126.62,Media,Small,Wallet,Failed,Network Error
T00003081,M00043,2025-05-30 03:29:17,3019.11,Professional Services,Small,Wallet,Success,
T00003082,M00078,2025-06-08 18:10:35,13454.75,SaaS,Medium,Net Banking,Success,
T00003083,M00074,2025-12-24 21:57:53,1582.63,Gaming,Medium,Credit Card,Success,
T00003084,M00099,2025-10-24 07:13:02,6329.61,Retail,Small,Wallet,Success,
T00003085,M00039,2025-04-10 03:10:51,2103.51,Gaming,Small,UPI,Success,
T00003086,M00082,2025-10-03 09:33:22,3258.85,Education,Large,Debit Card,Success,
T00003087,M00008,2025-09-25 09:11:10,12910.9,Travel,Small,Credit Card,Success,
T00003088,M00016,2025-06-14 16:20:32,1092.86,Retail,Medium,Debit Card,Success,
T00003089,M00027,2025-04-05 02:53:32,525.67,E-commerce,Large,Credit Card,Success,
T00003090,M00086,2025-10-02 09:36:24,1236.15,Food Delivery,Large,UPI,Success,
T00003091,M00053,2025-09-28 20:54:17,3859.97,Education,Small,Net Banking,Success,
T00003092,M00013,2025-09-22 11:59:59,2072.37,E-commerce,Small,Debit Card,Success,
T00003093,M00067,2025-04-07 02:04:23,211.14,Food Delivery,Medium,Credit Card,Success,
T00003094,M00065,2025-01-05 18:59:34,842.68,E-commerce,Large,Debit Card,Success,
T00003095,M00092,2025-02-05 20:21:08,2593.08,Healthcare,Medium,Debit Card,Success,
T00003096,M00043,2025-08-16 15:24:40,2497.94,Professional Services,Small,Wallet,Failed,Insufficient Funds
T00003097,M00086,2025-07-21 09:06:55,1714.0,Food Delivery,Large,UPI,Success,
T00003098,M00007,2025-06-15 18:43:49,1985.36,Gaming,Small,Net Banking,Success,
T00003099,M00051,2025-04-28 08:53:25,2401.96,Retail,Medium,UPI,Success,
T00003100,M00037,2025-08-16 14:39:33,7221.13,Education,Medium,UPI,Success,
T00003101,M00032,2025-06-09 20:28:25,2694.22,Retail,Medium,Credit Card,Success,
T00003102,M00067,2025-02-12 10:30:29,164.69,Food Delivery,Medium,Credit Card,Success,
T00003103,M00041,2025-10-29 15:17:09,5178.54,E-commerce,Small,Wallet,Success,
T00003104,M00066,2025-03-23 08:55:10,715.54,Education,Large,Net Banking,Failed,Authentication Failure
T00003105,M00043,2025-09-29 11:14:09,3615.07,Professional Services,Small,Wallet,Success,
T00003106,M00084,2025-01-01 14:42:48,763.53,Food Delivery,Small,Net Banking,Success,
T00003107,M00054,2025-10-28 11:48:48,861.36,Media,Small,Credit Card,Success,
T00003108,M00035,2025-10-12 16:26:55,1251.06,Retail,Small,UPI,Success,
T00003109,M00089,2025-03-10 12:10:45,5173.75,Education,Small,UPI,Success,
T00003110,M00081,2025-03-12 16:13:00,571.77,Media,Small,UPI,Success,
T00003111,M00037,2025-02-12 19:29:41,3440.13,Education,Medium,UPI,Success,
T00003112,M00086,2025-01-23 21:45:09,1319.23,Food Delivery,Large,UPI,Success,
T00003113,M00057,2025-11-11 06:05:29,9990.01,Healthcare,Medium,Credit Card,Success,
T00003114,M00057,2025-06-08 18:13:16,7570.22,Healthcare,Medium,Credit Card,Success,
T00003115,M00053,2025-12-21 13:30:36,2411.92,Education,Small,Net Banking,Success,
T00003116,M00016,2025-04-24 20:07:42,583.25,Retail,Medium,Debit Card,Success,
T00003117,M00024,2025-02-18 10:06:59,781.3,Gaming,Small,Credit Card,Success,
T00003118,M00020,2025-07-05 14:19:26,10781.73,Healthcare,Small,Net Banking,Success,
T00003119,M00008,2025-10-23 08:41:12,15073.28,Travel,Small,Credit Card,Success,
T00003120,M00068,2025-01-03 19:21:26,1578.38,Retail,Medium,Debit Card,Success,
T00003121,M00045,2025-11-03 11:56:38,2915.9,Media,Small,Wallet,Success,
T00003122,M00075,2025-01-03 19:41:10,581.7,E-commerce,Small,Wallet,Success,
T00003123,M00005,2025-07-21 23:26:31,37921.53,Travel,Small,Net Banking,Failed,Authentication Failure
T00003124,M00024,2025-10-21 22:55:40,784.73,Gaming,Small,Credit Card,Success,
T00003125,M00028,2025-06-16 18:47:52,1797.91,E-commerce,Small,UPI,Success,
T00003126,M00097,2025-05-03 10:05:55,10100.02,Professional Services,Small,Credit Card,Success,
T00003127,M00064,2025-05-21 06:43:37,6660.08,Professional Services,Large,Net Banking,Success,
T00003128,M00041,2025-05-19 06:25:58,3334.1,E-commerce,Small,Wallet,Success,
T00003129,M00006,2025-11-10 02:58:58,4220.91,Retail,Small,UPI,Success,
T00003130,M00040,2025-10-09 15:32:31,15024.06,Professional Services,Small,Net Banking,Success,
T00003131,M00030,2025-12-26 05:58:15,3257.7,E-commerce,Small,UPI,Success,
T00003132,M00050,2025-04-19 12:49:34,15734.26,SaaS,Small,Wallet,Success,
T00003133,M00014,2025-10-19 19:55:33,4346.94,E-commerce,Large,Credit Card,Success,
T00003134,M00091,2025-09-13 21:10:13,12603.54,Professional Services,Small,Net Banking,Success,
T00003135,M00002,2025-07-19 23:20:46,769.15,Retail,Small,UPI,Failed,Network Error
T00003136,M00073,2025-01-07 11:00:20,4365.58,SaaS,Small,Net Banking,Success,
T00003137,M00043,2025-12-06 04:59:58,8042.17,Professional Services,Small,Wallet,Success,
T00003138,M00027,2025-06-22 13:14:00,1839.57,E-commerce,Large,Credit Card,Success,
T00003139,M00074,2025-07-08 04:12:15,705.14,Gaming,Medium,Credit Card,Success,
T00003140,M00027,2025-06-16 04:28:07,1979.9,E-commerce,Large,Credit Card,Failed,Authentication Failure
T00003141,M00021,2025-09-13 16:09:51,3777.57,E-commerce,Small,UPI,Success,
T00003142,M00081,2025-04-25 03:00:05,210.7,Media,Small,UPI,Success,
T00003143,M00003,2025-10-04 11:46:48,5081.51,Education,Small,Credit Card,Success,
T00003144,M00072,2025-11-29 17:58:44,1117.49,Media,Small,Credit Card,Success,
T00003145,M00051,2025-01-13 07:53:30,5232.98,Retail,Medium,UPI,Success,
T00003146,M00013,2025-09-19 09:23:38,3363.85,E-commerce,Small,Debit Card,Failed,Authentication Failure
T00003147,M00046,2025-03-07 06:21:57,22053.19,Professional Services,Small,Net Banking,Success,
T00003148,M00100,2025-07-29 23:23:24,385.71,E-commerce,Small,UPI,Success,
T00003149,M00051,2025-03-24 04:38:07,5132.52,Retail,Medium,UPI,Success,
T00003150,M00009,2025-02-10 23:02:55,1322.29,Gaming,Small,Credit Card,Success,
T00003151,M00021,2025-10-05 23:24:53,4509.84,E-commerce,Small,UPI,Success,
T00003152,M00042,2025-05-29 22:23:02,11130.43,Healthcare,Small,Debit Card,Success,
T00003153,M00033,2025-03-27 14:03:12,3683.88,E-commerce,Small,UPI,Success,
T00003154,M00012,2025-09-18 10:27:24,6043.47,SaaS,Medium,Net Banking,Success,
T00003155,M00002,2025-02-22 17:20:29,1268.14,Retail,Small,UPI,Success,
T00003156,M00051,2025-11-05 22:58:28,3057.91,Retail,Medium,UPI,Success,
T00003157,M00082,2025-12-05 15:04:31,6885.11,Education,Large,Debit Card,Success,
T00003158,M00045,2025-01-26 02:44:25,3565.04,Media,Small,Wallet,Success,
T00003159,M00002,2025-05-27 09:59:27,1306.69,Retail,Small,UPI,Success,
T00003160,M00075,2025-09-11 22:58:22,432.37,E-commerce,Small,Wallet,Success,
T00003161,M00098,2025-08-07 05:17:13,15592.42,SaaS,Medium,Credit Card,Success,
T00003162,M00079,2025-04-11 14:55:50,219.31,Food Delivery,Large,Credit Card,Success,
T00003163,M00054,2025-02-04 01:14:24,1185.21,Media,Small,Credit Card,Success,
T00003164,M00086,2025-03-15 01:44:40,1328.57,Food Delivery,Large,UPI,Success,
T00003165,M00071,2025-02-15 02:11:18,2265.63,Retail,Small,Debit Card,Success,
T00003166,M00037,2025-05-28 15:40:30,6731.5,Education,Medium,UPI,Success,
T00003167,M00049,2025-01-01 15:38:40,1229.47,Retail,Medium,Wallet,Success,
T00003168,M00031,2025-05-31 17:46:42,2350.72,Media,Small,Net Banking,Failed,Network Error
T00003169,M00029,2025-10-27 12:51:32,2874.91,Retail,Small,Debit Card,Success,
T00003170,M00031,2025-07-21 20:26:02,2295.16,Media,Small,Net Banking,Success,
T00003171,M00054,2025-08-18 10:25:52,1031.45,Media,Small,Credit Card,Success,
T00003172,M00006,2025-06-28 21:07:44,4315.27,Retail,Small,UPI,Success,
T00003173,M00010,2025-11-13 23:03:01,3007.91,Retail,Medium,UPI,Success,
T00003174,M00026,2025-06-27 00:13:11,1401.21,Retail,Medium,Credit Card,Success,
T00003175,M00043,2025-04-21 01:24:45,6710.1,Professional Services,Small,Wallet,Success,
T00003176,M00056,2025-10-01 00:07:32,6661.05,E-commerce,Large,Credit Card,Success,
T00003177,M00061,2025-05-05 07:54:54,5386.58,SaaS,Medium,UPI,Success,
T00003178,M00001,2025-11-26 04:51:00,706.34,Food Delivery,Small,UPI,Success,
T00003179,M00049,2025-07-05 17:55:05,1239.92,Retail,Medium,Wallet,Success,
T00003180,M00086,2025-05-27 07:10:44,956.24,Food Delivery,Large,UPI,Success,
T00003181,M00071,2025-11-11 15:42:22,1895.8,Retail,Small,Debit Card,Success,
T00003182,M00096,2025-10-12 12:52:06,2536.67,Gaming,Small,UPI,Success,
T00003183,M00071,2025-03-29 09:49:14,2556.35,Retail,Small,Debit Card,Success,
T00003184,M00082,2025-03-11 12:35:22,5861.61,Education,Large,Debit Card,Success,
T00003185,M00008,2025-10-10 11:49:01,4539.93,Travel,Small,Credit Card,Success,
T00003186,M00081,2025-11-26 12:45:47,662.88,Media,Small,UPI,Success,
T00003187,M00083,2025-01-09 09:00:28,1164.46,Retail,Small,Debit Card,Success,
T00003188,M00029,2025-05-16 06:27:28,3771.34,Retail,Small,Debit Card,Success,
T00003189,M00076,2025-06-01 20:58:20,11011.21,Education,Small,Net Banking,Success,
T00003190,M00089,2025-12-25 11:34:41,9353.68,Education,Small,UPI,Success,
T00003191,M00078,2025-11-29 12:50:56,11389.78,SaaS,Medium,Net Banking,Success,
T00003192,M00050,2025-11-04 07:14:25,11509.98,SaaS,Small,Wallet,Success,
T00003193,M00003,2025-11-09 15:48:46,6881.77,Education,Small,Credit Card,Success,
T00003194,M00011,2025-09-12 05:37:51,9119.33,Education,Small,UPI,Success,
T00003195,M00073,2025-02-23 10:09:39,2691.1,SaaS,Small,Net Banking,Success,
T00003196,M00078,2025-03-23 11:09:50,14695.05,SaaS,Medium,Net Banking,Success,
T00003197,M00086,2025-10-18 15:25:50,1294.22,Food Delivery,Large,UPI,Success,
T00003198,M00002,2025-11-29 11:48:54,1299.77,Retail,Small,UPI,Success,
T00003199,M00010,2025-09-21 10:22:48,2216.36,Retail,Medium,UPI,Success,
T00003200,M00096,2025-06-15 20:57:49,718.67,Gaming,Small,UPI,Success,
T00003201,M00052,2025-03-07 07:57:04,27658.86,Travel,Medium,Credit Card,Failed,Bank Decline
T00003202,M00032,2025-01-21 09:04:32,2504.91,Retail,Medium,Credit Card,Success,
T00003203,M00007,2025-07-20 04:12:14,2258.17,Gaming,Small,Net Banking,Failed,Technical Error
T00003204,M00027,2025-10-08 14:39:28,1074.41,E-commerce,Large,Credit Card,Success,
T00003205,M00095,2025-01-14 04:50:10,705.46,E-commerce,Small,Credit Card,Success,
T00003206,M00088,2025-08-20 12:34:18,821.35,Food Delivery,Small,UPI,Success,
T00003207,M00013,2025-09-11 12:30:31,2389.97,E-commerce,Small,Debit Card,Failed,Technical Error
T00003208,M00070,2025-09-13 17:50:26,546.43,Food Delivery,Large,Debit Card,Success,
T00003209,M00053,2025-06-30 01:45:10,5435.49,Education,Small,Net Banking,Success,
T00003210,M00083,2025-09-11 16:13:23,1059.87,Retail,Small,Debit Card,Success,
T00003211,M00029,2025-01-05 12:08:32,4475.32,Retail,Small,Debit Card,Success,
T00003212,M00079,2025-09-17 17:35:42,255.29,Food Delivery,Large,Credit Card,Success,
T00003213,M00063,2025-03-29 08:32:47,6907.86,Healthcare,Small,Credit Card,Success,
T00003214,M00025,2025-04-17 07:18:00,1183.4,Food Delivery,Small,UPI,Success,
T00003215,M00024,2025-02-06 17:18:00,861.64,Gaming,Small,Credit Card,Success,
T00003216,M00042,2025-09-08 08:04:34,8082.81,Healthcare,Small,Debit Card,Success,
T00003217,M00065,2025-04-26 20:56:52,1323.97,E-commerce,Large,Debit Card,Success,
T00003218,M00098,2025-12-19 23:22:49,11156.55,SaaS,Medium,Credit Card,Success,
T00003219,M00088,2025-07-28 17:57:58,830.69,Food Delivery,Small,UPI,Success,
T00003220,M00028,2025-08-04 22:51:22,3534.15,E-commerce,Small,UPI,Success,
T00003221,M00020,2025-11-01 06:30:43,9607.86,Healthcare,Small,Net Banking,Success,
T00003222,M00048,2025-08-16 01:59:59,515.0,Food Delivery,Medium,Credit Card,Success,
T00003223,M00044,2025-11-15 00:01:35,15784.11,Professional Services,Small,Net Banking,Success,
T00003224,M00067,2025-09-13 18:25:57,439.83,Food Delivery,Medium,Credit Card,Success,
T00003225,M00069,2025-03-12 03:54:43,8587.9,Education,Small,Credit Card,Success,
T00003226,M00092,2025-06-23 16:30:45,2855.66,Healthcare,Medium,Debit Card,Success,
T00003227,M00078,2025-02-17 18:51:55,18067.76,SaaS,Medium,Net Banking,Success,
T00003228,M00059,2025-02-04 02:33:01,892.75,Retail,Medium,UPI,Success,
T00003229,M00072,2025-11-27 16:05:24,872.01,Media,Small,Credit Card,Success,
T00003230,M00019,2025-04-26 22:56:52,4064.36,E-commerce,Medium,Wallet,Success,
T00003231,M00043,2025-07-31 10:25:43,7342.84,Professional Services,Small,Wallet,Success,
T00003232,M00095,2025-04-07 10:40:09,997.2,E-commerce,Small,Credit Card,Success,
T00003233,M00001,2025-07-21 17:33:37,460.14,Food Delivery,Small,UPI,Success,
T00003234,M00058,2025-02-24 07:32:36,1205.35,Food Delivery,Small,UPI,Success,
T00003235,M00067,2025-09-27 22:48:55,385.78,Food Delivery,Medium,Credit Card,Failed,Payment Timeout
T00003236,M00068,2025-07-29 00:28:33,2388.51,Retail,Medium,Debit Card,Success,
T00003237,M00004,2025-09-25 03:58:30,3030.88,Education,Medium,UPI,Success,
T00003238,M00028,2025-03-15 00:58:24,3110.48,E-commerce,Small,UPI,Success,
T00003239,M00040,2025-11-29 11:17:31,17272.2,Professional Services,Small,Net Banking,Success,
T00003240,M00046,2025-03-25 21:38:18,4779.38,Professional Services,Small,Net Banking,Success,
T00003241,M00093,2025-04-18 17:30:55,9134.63,SaaS,Small,Net Banking,Success,
T00003242,M00007,2025-04-10 00:28:05,3851.53,Gaming,Small,Net Banking,Success,
T00003243,M00016,2025-09-10 08:17:07,1268.72,Retail,Medium,Debit Card,Success,
T00003244,M00089,2025-04-09 17:07:25,6392.37,Education,Small,UPI,Success,
T00003245,M00059,2025-09-27 17:21:08,917.46,Retail,Medium,UPI,Success,
T00003246,M00007,2025-04-15 14:59:13,3426.27,Gaming,Small,Net Banking,Failed,Technical Error
T00003247,M00073,2025-09-08 17:09:35,4371.94,SaaS,Small,Net Banking,Success,
T00003248,M00019,2025-11-15 15:41:26,5910.63,E-commerce,Medium,Wallet,Success,
T00003249,M00090,2025-03-05 16:59:32,7870.22,Healthcare,Medium,Debit Card,Failed,Authentication Failure
T00003250,M00056,2025-05-28 03:59:40,5338.45,E-commerce,Large,Credit Card,Success,
T00003251,M00074,2025-08-23 10:01:38,1063.53,Gaming,Medium,Credit Card,Success,
T00003252,M00038,2025-09-23 15:08:55,3979.8,Education,Small,Debit Card,Success,
T00003253,M00035,2025-01-26 14:47:08,1792.85,Retail,Small,UPI,Success,
T00003254,M00011,2025-10-30 04:08:48,8232.73,Education,Small,UPI,Success,
T00003255,M00024,2025-12-04 10:19:08,877.4,Gaming,Small,Credit Card,Success,
T00003256,M00008,2025-03-28 07:17:32,10702.52,Travel,Small,Credit Card,Success,
T00003257,M00073,2025-02-10 18:41:46,4091.72,SaaS,Small,Net Banking,Success,
T00003258,M00009,2025-12-07 00:21:45,687.82,Gaming,Small,Credit Card,Success,
T00003259,M00015,2025-11-15 23:28:26,2321.43,E-commerce,Medium,UPI,Success,
T00003260,M00097,2025-08-11 04:53:59,6357.55,Professional Services,Small,Credit Card,Success,
T00003261,M00065,2025-08-03 04:44:46,1483.57,E-commerce,Large,Debit Card,Success,
T00003262,M00079,2025-05-04 11:56:28,267.18,Food Delivery,Large,Credit Card,Failed,Authentication Failure
T00003263,M00015,2025-03-12 03:59:22,1601.47,E-commerce,Medium,UPI,Failed,Payment Timeout
T00003264,M00092,2025-08-03 05:57:10,6209.32,Healthcare,Medium,Debit Card,Success,
T00003265,M00017,2025-11-26 23:07:32,7188.47,Professional Services,Small,Credit Card,Success,
T00003266,M00046,2025-09-24 16:07:10,17022.67,Professional Services,Small,Net Banking,Success,
T00003267,M00047,2025-03-02 09:17:01,1524.01,Healthcare,Medium,UPI,Success,
T00003268,M00054,2025-04-14 20:04:05,843.7,Media,Small,Credit Card,Success,
T00003269,M00060,2025-10-09 17:23:51,481.19,Food Delivery,Medium,Debit Card,Success,
T00003270,M00046,2025-09-21 09:25:26,10769.76,Professional Services,Small,Net Banking,Success,
T00003271,M00008,2025-10-02 11:43:48,9560.89,Travel,Small,Credit Card,Success,
T00003272,M00078,2025-07-02 00:16:55,14192.49,SaaS,Medium,Net Banking,Success,
T00003273,M00052,2025-04-18 02:51:23,33269.05,Travel,Medium,Credit Card,Success,
T00003274,M00058,2025-12-25 18:33:05,1253.51,Food Delivery,Small,UPI,Success,
T00003275,M00052,2025-04-29 12:33:10,22605.11,Travel,Medium,Credit Card,Success,
T00003276,M00091,2025-10-27 06:18:40,15473.26,Professional Services,Small,Net Banking,Success,
T00003277,M00058,2025-02-05 00:10:16,1291.78,Food Delivery,Small,UPI,Success,
T00003278,M00034,2025-02-06 08:43:42,1375.73,Gaming,Medium,Debit Card,Success,
T00003279,M00033,2025-01-23 07:06:51,4883.19,E-commerce,Small,UPI,Success,
T00003280,M00082,2025-11-10 22:20:21,7275.64,Education,Large,Debit Card,Success,
T00003281,M00065,2025-06-14 15:48:49,1045.18,E-commerce,Large,Debit Card,Success,
T00003282,M00044,2025-07-13 07:52:50,5706.79,Professional Services,Small,Net Banking,Success,
T00003283,M00052,2025-09-20 19:59:32,33423.88,Travel,Medium,Credit Card,Success,
T00003284,M00091,2025-08-28 08:12:27,11982.94,Professional Services,Small,Net Banking,Success,
T00003285,M00086,2025-11-19 21:11:08,1115.76,Food Delivery,Large,UPI,Success,
T00003286,M00085,2025-10-19 03:24:42,217.24,Gaming,Medium,Wallet,Success,
T00003287,M00051,2025-10-14 23:49:19,2450.9,Retail,Medium,UPI,Failed,Payment Timeout
T00003288,M00084,2025-09-23 16:04:12,178.71,Food Delivery,Small,Net Banking,Success,
T00003289,M00058,2025-08-24 21:07:54,1160.68,Food Delivery,Small,UPI,Success,
T00003290,M00007,2025-10-24 14:17:50,3128.03,Gaming,Small,Net Banking,Success,
T00003291,M00004,2025-03-29 09:47:28,2361.02,Education,Medium,UPI,Success,
T00003292,M00057,2025-05-18 04:54:56,12376.86,Healthcare,Medium,Credit Card,Failed,Authentication Failure
T00003293,M00036,2025-07-12 10:28:04,679.3,Food Delivery,Medium,UPI,Success,
T00003294,M00086,2025-12-21 23:31:06,1355.11,Food Delivery,Large,UPI,Success,
T00003295,M00046,2025-11-20 00:15:07,6967.41,Professional Services,Small,Net Banking,Success,
T00003296,M00072,2025-04-27 04:32:27,761.6,Media,Small,Credit Card,Success,
T00003297,M00008,2025-04-13 19:39:22,15449.44,Travel,Small,Credit Card,Success,
T00003298,M00005,2025-03-26 10:54:13,37210.08,Travel,Small,Net Banking,Failed,Technical Error
T00003299,M00047,2025-07-20 05:04:43,1739.09,Healthcare,Medium,UPI,Success,
T00003300,M00074,2025-08-28 21:50:06,983.67,Gaming,Medium,Credit Card,Success,
T00003301,M00012,2025-01-23 07:54:30,7973.91,SaaS,Medium,Net Banking,Success,
T00003302,M00002,2025-05-18 10:31:10,1222.6,Retail,Small,UPI,Success,
T00003303,M00011,2025-05-16 19:38:32,8489.79,Education,Small,UPI,Success,
T00003304,M00023,2025-02-09 08:32:11,6325.32,Healthcare,Small,Net Banking,Success,
T00003305,M00028,2025-03-18 17:14:51,3079.94,E-commerce,Small,UPI,Success,
T00003306,M00004,2025-02-18 02:17:49,2470.6,Education,Medium,UPI,Success,
T00003307,M00049,2025-01-03 16:24:36,1799.62,Retail,Medium,Wallet,Success,
T00003308,M00057,2025-06-03 13:00:40,13444.22,Healthcare,Medium,Credit Card,Success,
T00003309,M00096,2025-05-22 13:20:46,1412.99,Gaming,Small,UPI,Success,
T00003310,M00099,2025-02-12 05:06:38,4598.47,Retail,Small,Wallet,Failed,Technical Error
T00003311,M00029,2025-11-22 23:22:42,3475.47,Retail,Small,Debit Card,Success,
T00003312,M00076,2025-01-03 06:09:18,8144.0,Education,Small,Net Banking,Success,
T00003313,M00012,2025-12-05 01:46:45,10319.69,SaaS,Medium,Net Banking,Success,
T00003314,M00086,2025-02-21 21:59:27,970.76,Food Delivery,Large,UPI,Success,
T00003315,M00094,2025-10-16 21:52:26,11208.6,SaaS,Small,UPI,Success,
T00003316,M00093,2025-07-06 03:21:10,7554.08,SaaS,Small,Net Banking,Failed,Network Error
T00003317,M00009,2025-02-16 03:13:28,539.81,Gaming,Small,Credit Card,Success,
T00003318,M00080,2025-10-05 09:57:14,935.63,Media,Small,Credit Card,Success,
T00003319,M00019,2025-10-19 16:39:55,4911.34,E-commerce,Medium,Wallet,Success,
T00003320,M00054,2025-12-25 16:12:53,374.98,Media,Small,Credit Card,Success,
T00003321,M00076,2025-11-17 15:30:58,6823.88,Education,Small,Net Banking,Success,
T00003322,M00098,2025-01-09 05:09:10,12966.59,SaaS,Medium,Credit Card,Success,
T00003323,M00054,2025-05-14 15:26:09,477.94,Media,Small,Credit Card,Success,
T00003324,M00091,2025-09-21 10:18:37,17122.38,Professional Services,Small,Net Banking,Success,
T00003325,M00073,2025-06-16 20:46:06,5891.88,SaaS,Small,Net Banking,Success,
T00003326,M00063,2025-04-23 10:01:28,4619.1,Healthcare,Small,Credit Card,Success,
T00003327,M00044,2025-02-02 02:01:35,15434.86,Professional Services,Small,Net Banking,Success,
T00003328,M00043,2025-07-18 13:06:02,4089.86,Professional Services,Small,Wallet,Success,
T00003329,M00050,2025-04-20 04:24:13,12747.99,SaaS,Small,Wallet,Failed,Bank Decline
T00003330,M00090,2025-09-16 18:38:59,3746.42,Healthcare,Medium,Debit Card,Success,
T00003331,M00055,2025-03-19 01:20:17,6336.79,SaaS,Medium,Net Banking,Success,
T00003332,M00081,2025-10-11 16:21:00,466.09,Media,Small,UPI,Success,
T00003333,M00083,2025-03-12 08:47:48,1922.06,Retail,Small,Debit Card,Success,
T00003334,M00053,2025-02-27 18:13:39,6528.25,Education,Small,Net Banking,Success,
T00003335,M00039,2025-02-21 09:05:10,1586.83,Gaming,Small,UPI,Success,
T00003336,M00047,2025-02-26 18:46:04,1911.16,Healthcare,Medium,UPI,Success,
T00003337,M00053,2025-08-28 09:53:32,5009.88,Education,Small,Net Banking,Success,
T00003338,M00060,2025-07-23 21:05:09,926.89,Food Delivery,Medium,Debit Card,Success,
T00003339,M00043,2025-09-03 22:52:36,6396.55,Professional Services,Small,Wallet,Success,
T00003340,M00064,2025-01-24 19:49:15,7617.32,Professional Services,Large,Net Banking,Success,
T00003341,M00084,2025-09-08 01:19:58,475.54,Food Delivery,Small,Net Banking,Success,
T00003342,M00034,2025-05-17 07:47:08,1581.17,Gaming,Medium,Debit Card,Success,
T00003343,M00099,2025-04-06 21:54:52,4077.85,Retail,Small,Wallet,Success,
T00003344,M00045,2025-01-21 05:53:33,2786.89,Media,Small,Wallet,Success,
T00003345,M00036,2025-05-05 21:53:54,929.2,Food Delivery,Medium,UPI,Success,
T00003346,M00079,2025-02-09 03:10:01,312.73,Food Delivery,Large,Credit Card,Success,
T00003347,M00047,2025-04-08 23:15:43,2130.54,Healthcare,Medium,UPI,Success,
T00003348,M00024,2025-02-07 15:03:15,744.43,Gaming,Small,Credit Card,Success,
T00003349,M00005,2025-09-23 05:39:45,10934.04,Travel,Small,Net Banking,Success,
T00003350,M00044,2025-10-15 21:20:35,12299.48,Professional Services,Small,Net Banking,Success,
T00003351,M00060,2025-10-16 12:37:41,629.54,Food Delivery,Medium,Debit Card,Success,
T00003352,M00041,2025-09-10 12:45:13,2843.17,E-commerce,Small,Wallet,Success,
T00003353,M00071,2025-08-15 22:19:27,1403.36,Retail,Small,Debit Card,Success,
T00003354,M00021,2025-10-16 09:24:59,3808.11,E-commerce,Small,UPI,Success,
T00003355,M00085,2025-01-16 22:30:38,179.37,Gaming,Medium,Wallet,Success,
T00003356,M00021,2025-03-15 22:58:11,1766.94,E-commerce,Small,UPI,Success,
T00003357,M00045,2025-06-23 02:52:32,2840.46,Media,Small,Wallet,Success,
T00003358,M00062,2025-05-14 04:02:26,4024.7,Retail,Medium,Credit Card,Success,
T00003359,M00086,2025-07-04 03:51:01,1356.68,Food Delivery,Large,UPI,Success,
T00003360,M00089,2025-01-18 00:20:56,7624.28,Education,Small,UPI,Success,
T00003361,M00030,2025-06-12 10:01:24,2020.37,E-commerce,Small,UPI,Success,
T00003362,M00089,2025-11-28 10:37:17,7173.85,Education,Small,UPI,Success,
T00003363,M00089,2025-08-06 14:48:13,12585.27,Education,Small,UPI,Success,
T00003364,M00003,2025-10-06 13:57:42,3733.66,Education,Small,Credit Card,Success,
T00003365,M00083,2025-06-19 08:59:12,2021.52,Retail,Small,Debit Card,Failed,Payment Timeout
T00003366,M00057,2025-11-04 03:35:02,11130.09,Healthcare,Medium,Credit Card,Success,
T00003367,M00093,2025-08-21 16:31:00,6243.21,SaaS,Small,Net Banking,Success,
T00003368,M00026,2025-08-08 21:07:52,3114.09,Retail,Medium,Credit Card,Success,
T00003369,M00095,2025-09-27 10:42:56,694.33,E-commerce,Small,Credit Card,Success,
T00003370,M00014,2025-07-26 18:58:43,5899.43,E-commerce,Large,Credit Card,Success,
T00003371,M00014,2025-01-30 02:54:56,4888.55,E-commerce,Large,Credit Card,Success,
T00003372,M00100,2025-10-30 16:16:30,1008.77,E-commerce,Small,UPI,Success,
T00003373,M00089,2025-08-24 19:41:07,7526.47,Education,Small,UPI,Success,
T00003374,M00082,2025-03-26 14:06:54,7695.15,Education,Large,Debit Card,Success,
T00003375,M00052,2025-01-04 10:35:36,34183.22,Travel,Medium,Credit Card,Success,
T00003376,M00030,2025-10-02 20:44:44,1638.88,E-commerce,Small,UPI,Success,
T00003377,M00044,2025-04-11 12:30:48,14139.94,Professional Services,Small,Net Banking,Success,
T00003378,M00037,2025-08-03 10:25:10,8677.36,Education,Medium,UPI,Success,
T00003379,M00090,2025-03-28 23:10:25,11245.79,Healthcare,Medium,Debit Card,Success,
T00003380,M00005,2025-02-27 12:45:35,26753.36,Travel,Small,Net Banking,Failed,Network Error
T00003381,M00062,2025-12-27 02:34:38,5991.31,Retail,Medium,Credit Card,Success,
T00003382,M00018,2025-04-07 16:55:24,11725.39,Professional Services,Small,Net Banking,Failed,Bank Decline
T00003383,M00060,2025-07-27 14:47:09,781.32,Food Delivery,Medium,Debit Card,Success,
T00003384,M00018,2025-05-24 08:21:21,10409.73,Professional Services,Small,Net Banking,Success,
T00003385,M00007,2025-10-01 23:22:47,3475.28,Gaming,Small,Net Banking,Success,
T00003386,M00098,2025-12-15 21:05:46,10007.02,SaaS,Medium,Credit Card,Success,
T00003387,M00076,2025-05-07 01:49:07,10888.81,Education,Small,Net Banking,Success,
T00003388,M00100,2025-05-19 01:20:35,677.4,E-commerce,Small,UPI,Success,
T00003389,M00009,2025-04-19 14:53:52,1098.05,Gaming,Small,Credit Card,Success,
T00003390,M00059,2025-12-04 02:10:40,1399.41,Retail,Medium,UPI,Success,
T00003391,M00078,2025-10-31 02:54:36,7639.98,SaaS,Medium,Net Banking,Success,
T00003392,M00089,2025-09-11 22:05:17,5871.18,Education,Small,UPI,Success,
T00003393,M00028,2025-09-01 04:52:59,1757.15,E-commerce,Small,UPI,Success,
T00003394,M00051,2025-03-27 16:30:17,2732.62,Retail,Medium,UPI,Success,
T00003395,M00081,2025-03-21 04:39:33,225.56,Media,Small,UPI,Success,
T00003396,M00038,2025-03-02 10:41:01,2354.91,Education,Small,Debit Card,Success,
T00003397,M00016,2025-10-11 10:20:23,972.11,Retail,Medium,Debit Card,Success,
T00003398,M00036,2025-02-06 09:15:50,615.44,Food Delivery,Medium,UPI,Success,
T00003399,M00092,2025-06-28 09:49:34,5457.08,Healthcare,Medium,Debit Card,Success,
T00003400,M00068,2025-07-10 11:57:45,2298.99,Retail,Medium,Debit Card,Failed,Bank Decline
T00003401,M00051,2025-09-09 11:44:11,3617.33,Retail,Medium,UPI,Success,
T00003402,M00017,2025-11-14 11:38:41,13426.97,Professional Services,Small,Credit Card,Success,
T00003403,M00007,2025-08-25 01:18:44,3145.12,Gaming,Small,Net Banking,Success,
T00003404,M00014,2025-06-26 17:07:57,4503.42,E-commerce,Large,Credit Card,Success,
T00003405,M00044,2025-06-06 07:36:43,19707.19,Professional Services,Small,Net Banking,Success,
T00003406,M00036,2025-11-10 19:02:17,1046.1,Food Delivery,Medium,UPI,Success,
T00003407,M00045,2025-02-08 17:33:01,2455.58,Media,Small,Wallet,Success,
T00003408,M00091,2025-10-24 11:49:48,17852.09,Professional Services,Small,Net Banking,Success,
T00003409,M00090,2025-12-29 23:49:40,11300.49,Healthcare,Medium,Debit Card,Success,
T00003410,M00084,2025-02-25 09:27:36,443.85,Food Delivery,Small,Net Banking,Failed,Payment Timeout
T00003411,M00093,2025-01-06 05:48:00,7160.95,SaaS,Small,Net Banking,Success,
T00003412,M00076,2025-07-30 15:15:22,7368.83,Education,Small,Net Banking,Success,
T00003413,M00030,2025-05-12 10:01:21,2778.17,E-commerce,Small,UPI,Success,
T00003414,M00030,2025-10-23 00:39:14,2321.08,E-commerce,Small,UPI,Success,
T00003415,M00096,2025-06-22 13:25:13,1880.36,Gaming,Small,UPI,Success,
T00003416,M00021,2025-04-05 16:27:47,2053.71,E-commerce,Small,UPI,Success,
T00003417,M00083,2025-09-26 18:17:29,1508.73,Retail,Small,Debit Card,Success,
T00003418,M00072,2025-01-18 07:00:39,1194.79,Media,Small,Credit Card,Success,
T00003419,M00015,2025-04-26 05:48:11,3326.54,E-commerce,Medium,UPI,Success,
T00003420,M00036,2025-01-01 11:16:54,1183.56,Food Delivery,Medium,UPI,Success,
T00003421,M00050,2025-01-10 07:42:15,12512.16,SaaS,Small,Wallet,Success,
T00003422,M00010,2025-04-22 09:36:01,2533.0,Retail,Medium,UPI,Success,
T00003423,M00055,2025-12-08 08:46:53,10721.3,SaaS,Medium,Net Banking,Success,
T00003424,M00021,2025-12-17 03:39:27,1561.55,E-commerce,Small,UPI,Success,
T00003425,M00017,2025-03-07 20:24:17,13001.43,Professional Services,Small,Credit Card,Failed,Network Error
T00003426,M00079,2025-05-19 18:21:03,232.31,Food Delivery,Large,Credit Card,Success,
T00003427,M00017,2025-05-10 14:32:25,16074.44,Professional Services,Small,Credit Card,Success,
T00003428,M00089,2025-12-14 19:28:16,11281.26,Education,Small,UPI,Success,
T00003429,M00097,2025-02-28 16:22:54,8445.76,Professional Services,Small,Credit Card,Success,
T00003430,M00061,2025-09-21 20:46:38,10715.3,SaaS,Medium,UPI,Success,
T00003431,M00039,2025-12-13 20:27:32,1723.0,Gaming,Small,UPI,Success,
T00003432,M00080,2025-05-16 07:11:23,617.79,Media,Small,Credit Card,Success,
T00003433,M00080,2025-04-16 06:46:20,1095.39,Media,Small,Credit Card,Success,
T00003434,M00075,2025-11-11 20:27:09,457.44,E-commerce,Small,Wallet,Success,
T00003435,M00091,2025-11-07 04:16:12,17423.38,Professional Services,Small,Net Banking,Failed,Bank Decline
T00003436,M00094,2025-10-30 01:28:21,11747.38,SaaS,Small,UPI,Success,
T00003437,M00047,2025-05-05 09:00:08,2005.1,Healthcare,Medium,UPI,Success,
T00003438,M00011,2025-07-05 19:18:34,9323.88,Education,Small,UPI,Success,
T00003439,M00023,2025-02-13 22:45:54,2372.71,Healthcare,Small,Net Banking,Success,
T00003440,M00008,2025-02-05 03:01:38,8925.22,Travel,Small,Credit Card,Success,
T00003441,M00054,2025-02-19 12:43:09,1100.44,Media,Small,Credit Card,Success,
T00003442,M00026,2025-06-14 14:24:04,2224.97,Retail,Medium,Credit Card,Success,
T00003443,M00097,2025-06-10 18:14:27,4782.08,Professional Services,Small,Credit Card,Success,
T00003444,M00008,2025-09-11 23:17:42,10346.53,Travel,Small,Credit Card,Success,
T00003445,M00056,2025-05-29 19:32:42,3414.69,E-commerce,Large,Credit Card,Success,
T00003446,M00077,2025-07-26 19:01:17,8954.31,Professional Services,Medium,Credit Card,Success,
T00003447,M00010,2025-03-31 08:49:21,1378.95,Retail,Medium,UPI,Success,
T00003448,M00047,2025-08-13 10:11:55,2117.22,Healthcare,Medium,UPI,Success,
T00003449,M00035,2025-11-12 01:47:25,1901.58,Retail,Small,UPI,Success,
T00003450,M00095,2025-01-02 02:42:50,307.57,E-commerce,Small,Credit Card,Success,
T00003451,M00021,2025-11-27 08:07:15,3711.57,E-commerce,Small,UPI,Failed,Insufficient Funds
T00003452,M00096,2025-01-24 03:18:05,1775.42,Gaming,Small,UPI,Success,
T00003453,M00027,2025-05-21 03:26:43,2151.56,E-commerce,Large,Credit Card,Success,
T00003454,M00008,2025-04-25 10:46:40,7078.68,Travel,Small,Credit Card,Success,
T00003455,M00059,2025-11-21 09:06:57,1209.7,Retail,Medium,UPI,Success,
T00003456,M00008,2025-04-05 04:14:22,5018.21,Travel,Small,Credit Card,Success,
T00003457,M00097,2025-03-29 05:18:15,8389.71,Professional Services,Small,Credit Card,Failed,Technical Error
T00003458,M00018,2025-02-25 13:34:13,8527.08,Professional Services,Small,Net Banking,Success,
T00003459,M00010,2025-01-11 05:34:14,1754.01,Retail,Medium,UPI,Success,
T00003460,M00001,2025-02-11 04:04:59,267.91,Food Delivery,Small,UPI,Success,
T00003461,M00029,2025-01-29 15:35:20,2467.74,Retail,Small,Debit Card,Success,
T00003462,M00023,2025-02-27 01:04:58,7630.07,Healthcare,Small,Net Banking,Success,
T00003463,M00069,2025-01-31 16:16:15,6619.7,Education,Small,Credit Card,Success,
T00003464,M00045,2025-06-11 18:00:48,2691.17,Media,Small,Wallet,Success,
T00003465,M00032,2025-03-12 20:19:10,2234.54,Retail,Medium,Credit Card,Success,
T00003466,M00080,2025-04-27 07:36:50,817.32,Media,Small,Credit Card,Success,
T00003467,M00064,2025-10-08 14:43:23,5689.18,Professional Services,Large,Net Banking,Success,
T00003468,M00058,2025-04-22 08:52:53,2029.58,Food Delivery,Small,UPI,Success,
T00003469,M00001,2025-01-24 07:14:52,402.86,Food Delivery,Small,UPI,Success,
T00003470,M00031,2025-07-15 11:03:12,1624.42,Media,Small,Net Banking,Success,
T00003471,M00069,2025-06-03 22:37:44,8095.81,Education,Small,Credit Card,Success,
T00003472,M00080,2025-08-04 05:06:27,481.08,Media,Small,Credit Card,Success,
T00003473,M00041,2025-04-11 05:14:27,5835.86,E-commerce,Small,Wallet,Success,
T00003474,M00007,2025-06-14 12:53:34,2447.68,Gaming,Small,Net Banking,Failed,Network Error
T00003475,M00077,2025-02-05 16:54:37,1367.94,Professional Services,Medium,Credit Card,Success,
T00003476,M00081,2025-03-24 06:43:04,381.43,Media,Small,UPI,Success,
T00003477,M00071,2025-01-22 17:55:41,2733.84,Retail,Small,Debit Card,Success,
T00003478,M00008,2025-08-06 05:00:02,16484.63,Travel,Small,Credit Card,Success,
T00003479,M00016,2025-01-30 23:38:32,1154.57,Retail,Medium,Debit Card,Success,
T00003480,M00089,2025-09-07 06:51:22,5344.51,Education,Small,UPI,Success,
T00003481,M00061,2025-05-28 18:14:16,10265.3,SaaS,Medium,UPI,Success,
T00003482,M00097,2025-03-17 15:01:14,10659.08,Professional Services,Small,Credit Card,Success,
T00003483,M00036,2025-02-10 13:04:44,1169.94,Food Delivery,Medium,UPI,Success,
T00003484,M00067,2025-01-11 21:26:03,616.25,Food Delivery,Medium,Credit Card,Success,
T00003485,M00013,2025-03-05 05:02:12,2169.3,E-commerce,Small,Debit Card,Success,
T00003486,M00065,2025-10-21 19:17:27,1467.86,E-commerce,Large,Debit Card,Success,
T00003487,M00065,2025-03-14 21:53:56,898.18,E-commerce,Large,Debit Card,Success,
T00003488,M00023,2025-04-15 12:49:39,6224.49,Healthcare,Small,Net Banking,Success,
T00003489,M00013,2025-08-10 09:55:45,1566.45,E-commerce,Small,Debit Card,Success,
T00003490,M00095,2025-01-18 17:46:27,489.21,E-commerce,Small,Credit Card,Success,
T00003491,M00022,2025-02-06 04:47:19,429.89,Food Delivery,Small,Wallet,Success,
T00003492,M00041,2025-04-20 16:10:44,4396.08,E-commerce,Small,Wallet,Failed,Payment Timeout
T00003493,M00075,2025-03-17 16:26:52,518.71,E-commerce,Small,Wallet,Success,
T00003494,M00006,2025-02-20 07:11:05,4242.44,Retail,Small,UPI,Success,
T00003495,M00013,2025-02-07 19:38:45,1669.32,E-commerce,Small,Debit Card,Success,
T00003496,M00037,2025-07-15 00:37:47,11262.93,Education,Medium,UPI,Success,
T00003497,M00032,2025-02-28 07:50:28,4076.64,Retail,Medium,Credit Card,Success,
T00003498,M00035,2025-12-04 09:55:04,2062.82,Retail,Small,UPI,Success,
T00003499,M00002,2025-04-23 16:06:31,1143.28,Retail,Small,UPI,Success,
T00003500,M00010,2025-09-01 02:18:08,2714.54,Retail,Medium,UPI,Success,
T00003501,M00046,2025-10-07 00:33:28,14165.07,Professional Services,Small,Net Banking,Success,
T00003502,M00046,2025-02-24 16:56:05,16703.56,Professional Services,Small,Net Banking,Success,
T00003503,M00022,2025-03-04 13:04:01,561.36,Food Delivery,Small,Wallet,Failed,Payment Timeout
T00003504,M00006,2025-09-10 23:26:26,3280.14,Retail,Small,UPI,Success,
T00003505,M00015,2025-10-26 12:12:31,1583.28,E-commerce,Medium,UPI,Success,
T00003506,M00032,2025-05-20 22:23:30,3844.08,Retail,Medium,Credit Card,Success,
T00003507,M00075,2025-06-17 08:17:33,857.71,E-commerce,Small,Wallet,Success,
T00003508,M00009,2025-04-03 20:40:21,905.43,Gaming,Small,Credit Card,Success,
T00003509,M00026,2025-08-26 01:13:16,716.32,Retail,Medium,Credit Card,Success,
T00003510,M00013,2025-07-13 05:14:55,1286.77,E-commerce,Small,Debit Card,Success,
T00003511,M00025,2025-01-06 19:16:02,1544.59,Food Delivery,Small,UPI,Success,
T00003512,M00037,2025-11-06 16:08:54,10657.4,Education,Medium,UPI,Success,
T00003513,M00038,2025-02-03 20:27:42,2152.38,Education,Small,Debit Card,Success,
T00003514,M00041,2025-04-25 19:16:04,4466.78,E-commerce,Small,Wallet,Success,
T00003515,M00001,2025-04-19 18:52:57,286.67,Food Delivery,Small,UPI,Success,
T00003516,M00024,2025-10-03 23:47:05,712.84,Gaming,Small,Credit Card,Success,
T00003517,M00025,2025-04-11 04:12:47,2047.84,Food Delivery,Small,UPI,Success,
T00003518,M00093,2025-06-21 16:09:41,6572.02,SaaS,Small,Net Banking,Success,
T00003519,M00065,2025-02-24 13:03:47,2635.59,E-commerce,Large,Debit Card,Success,
T00003520,M00030,2025-05-22 03:48:20,1818.5,E-commerce,Small,UPI,Success,
T00003521,M00082,2025-06-05 17:01:27,4199.12,Education,Large,Debit Card,Success,
T00003522,M00068,2025-06-21 04:48:42,1819.84,Retail,Medium,Debit Card,Success,
T00003523,M00044,2025-11-25 02:26:20,12395.58,Professional Services,Small,Net Banking,Success,
T00003524,M00054,2025-06-10 11:14:57,800.13,Media,Small,Credit Card,Success,
T00003525,M00019,2025-04-13 01:43:45,7733.83,E-commerce,Medium,Wallet,Success,
T00003526,M00031,2025-09-08 01:16:24,611.63,Media,Small,Net Banking,Success,
T00003527,M00040,2025-11-04 00:50:19,12798.76,Professional Services,Small,Net Banking,Success,
T00003528,M00094,2025-11-28 07:05:36,18117.83,SaaS,Small,UPI,Success,
T00003529,M00094,2025-05-26 22:54:43,13563.52,SaaS,Small,UPI,Success,
T00003530,M00072,2025-05-31 18:30:02,1090.74,Media,Small,Credit Card,Success,
T00003531,M00002,2025-09-17 20:56:07,1179.36,Retail,Small,UPI,Success,
T00003532,M00057,2025-12-16 13:47:13,11693.97,Healthcare,Medium,Credit Card,Success,
T00003533,M00068,2025-02-12 09:03:47,2104.88,Retail,Medium,Debit Card,Success,
T00003534,M00077,2025-12-25 06:14:13,9549.17,Professional Services,Medium,Credit Card,Success,
T00003535,M00006,2025-06-18 04:55:07,3607.23,Retail,Small,UPI,Success,
T00003536,M00059,2025-08-23 17:07:52,1022.24,Retail,Medium,UPI,Success,
T00003537,M00069,2025-09-30 17:49:30,6556.44,Education,Small,Credit Card,Success,
T00003538,M00099,2025-07-31 16:31:30,3619.97,Retail,Small,Wallet,Success,
T00003539,M00015,2025-07-02 12:24:54,2498.65,E-commerce,Medium,UPI,Success,
T00003540,M00033,2025-08-22 10:26:51,4691.72,E-commerce,Small,UPI,Success,
T00003541,M00072,2025-01-25 05:36:45,1097.65,Media,Small,Credit Card,Success,
T00003542,M00044,2025-07-03 20:29:51,13520.48,Professional Services,Small,Net Banking,Success,
T00003543,M00033,2025-03-24 03:15:23,6044.34,E-commerce,Small,UPI,Success,
T00003544,M00047,2025-04-15 19:10:00,760.77,Healthcare,Medium,UPI,Success,
T00003545,M00062,2025-03-10 09:25:24,4669.89,Retail,Medium,Credit Card,Success,
T00003546,M00086,2025-04-26 20:42:01,1193.89,Food Delivery,Large,UPI,Success,
T00003547,M00077,2025-06-25 07:32:52,9570.19,Professional Services,Medium,Credit Card,Success,
T00003548,M00029,2025-04-11 18:13:24,3016.59,Retail,Small,Debit Card,Success,
T00003549,M00010,2025-01-21 20:54:51,3017.56,Retail,Medium,UPI,Success,
T00003550,M00039,2025-10-20 12:06:34,2671.05,Gaming,Small,UPI,Success,
T00003551,M00093,2025-03-19 03:08:08,5790.24,SaaS,Small,Net Banking,Success,
T00003552,M00099,2025-09-25 12:21:55,5324.68,Retail,Small,Wallet,Success,
T00003553,M00097,2025-09-28 13:37:20,2831.12,Professional Services,Small,Credit Card,Success,
T00003554,M00094,2025-11-16 15:03:44,14623.52,SaaS,Small,UPI,Success,
T00003555,M00074,2025-11-01 02:45:48,1225.67,Gaming,Medium,Credit Card,Success,
T00003556,M00034,2025-08-13 15:54:41,1324.63,Gaming,Medium,Debit Card,Success,
T00003557,M00078,2025-05-06 17:24:22,9327.05,SaaS,Medium,Net Banking,Success,
T00003558,M00083,2025-11-17 11:44:49,819.36,Retail,Small,Debit Card,Success,
T00003559,M00092,2025-05-03 22:08:10,7218.12,Healthcare,Medium,Debit Card,Failed,Authentication Failure
T00003560,M00055,2025-12-02 15:52:20,13870.43,SaaS,Medium,Net Banking,Success,
T00003561,M00035,2025-11-04 14:07:54,2486.41,Retail,Small,UPI,Success,
T00003562,M00053,2025-01-02 10:16:15,3979.53,Education,Small,Net Banking,Failed,Bank Decline
T00003563,M00086,2025-09-04 08:02:23,279.43,Food Delivery,Large,UPI,Success,
T00003564,M00090,2025-03-26 21:42:42,11577.64,Healthcare,Medium,Debit Card,Success,
T00003565,M00005,2025-03-14 21:05:22,16853.81,Travel,Small,Net Banking,Success,
T00003566,M00006,2025-05-27 15:04:56,3932.35,Retail,Small,UPI,Success,
T00003567,M00014,2025-03-23 11:08:00,6887.74,E-commerce,Large,Credit Card,Success,
T00003568,M00024,2025-01-06 13:56:51,625.51,Gaming,Small,Credit Card,Success,
T00003569,M00005,2025-05-22 06:48:36,41188.25,Travel,Small,Net Banking,Success,
T00003570,M00095,2025-12-04 00:05:31,615.08,E-commerce,Small,Credit Card,Success,
T00003571,M00069,2025-07-13 20:14:05,5311.7,Education,Small,Credit Card,Success,
T00003572,M00081,2025-05-17 18:50:47,314.93,Media,Small,UPI,Success,
T00003573,M00018,2025-06-15 09:12:07,3994.65,Professional Services,Small,Net Banking,Success,
T00003574,M00039,2025-03-10 06:42:12,1825.88,Gaming,Small,UPI,Success,
T00003575,M00013,2025-05-25 21:44:39,2862.07,E-commerce,Small,Debit Card,Success,
T00003576,M00078,2025-05-29 04:25:40,17816.61,SaaS,Medium,Net Banking,Success,
T00003577,M00062,2025-09-14 03:58:11,3736.5,Retail,Medium,Credit Card,Success,
T00003578,M00046,2025-08-29 22:19:40,9707.61,Professional Services,Small,Net Banking,Failed,Insufficient Funds
T00003579,M00072,2025-02-04 00:40:45,911.96,Media,Small,Credit Card,Success,
T00003580,M00036,2025-08-28 07:57:46,746.75,Food Delivery,Medium,UPI,Success,
T00003581,M00003,2025-02-10 06:19:25,2069.53,Education,Small,Credit Card,Success,
T00003582,M00032,2025-02-08 17:17:26,2696.27,Retail,Medium,Credit Card,Success,
T00003583,M00081,2025-07-15 11:40:09,400.39,Media,Small,UPI,Success,
T00003584,M00011,2025-06-13 08:39:25,7112.87,Education,Small,UPI,Success,
T00003585,M00065,2025-10-29 17:02:55,1084.8,E-commerce,Large,Debit Card,Success,
T00003586,M00057,2025-07-02 08:44:56,10672.83,Healthcare,Medium,Credit Card,Failed,Network Error
T00003587,M00028,2025-11-05 06:17:51,2973.98,E-commerce,Small,UPI,Success,
T00003588,M00035,2025-10-01 08:13:02,1606.88,Retail,Small,UPI,Success,
T00003589,M00043,2025-06-03 17:12:11,6816.87,Professional Services,Small,Wallet,Success,
T00003590,M00071,2025-04-21 03:23:05,2672.63,Retail,Small,Debit Card,Success,
T00003591,M00056,2025-09-13 19:21:35,4669.26,E-commerce,Large,Credit Card,Success,
T00003592,M00073,2025-06-11 01:26:17,6230.0,SaaS,Small,Net Banking,Success,
T00003593,M00030,2025-01-02 14:45:04,3230.8,E-commerce,Small,UPI,Success,
T00003594,M00083,2025-03-01 13:33:42,1286.81,Retail,Small,Debit Card,Success,
T00003595,M00098,2025-11-23 12:32:27,14545.71,SaaS,Medium,Credit Card,Success,
T00003596,M00064,2025-05-11 03:15:52,3853.39,Professional Services,Large,Net Banking,Success,
T00003597,M00004,2025-08-11 05:10:24,2554.08,Education,Medium,UPI,Failed,Bank Decline
T00003598,M00042,2025-08-28 08:01:59,9785.71,Healthcare,Small,Debit Card,Success,
T00003599,M00041,2025-11-18 18:38:41,7395.02,E-commerce,Small,Wallet,Success,
T00003600,M00018,2025-09-05 02:29:55,9861.71,Professional Services,Small,Net Banking,Success,
T00003601,M00068,2025-10-10 18:30:08,1929.67,Retail,Medium,Debit Card,Success,
T00003602,M00004,2025-06-19 20:52:41,3292.32,Education,Medium,UPI,Success,
T00003603,M00026,2025-10-03 17:54:40,1950.04,Retail,Medium,Credit Card,Success,
T00003604,M00083,2025-11-01 14:01:53,1042.91,Retail,Small,Debit Card,Success,
T00003605,M00099,2025-10-23 23:57:24,3557.62,Retail,Small,Wallet,Success,
T00003606,M00082,2025-05-06 05:01:44,5387.81,Education,Large,Debit Card,Success,
T00003607,M00068,2025-02-06 05:17:47,1551.77,Retail,Medium,Debit Card,Success,
T00003608,M00060,2025-03-01 10:30:59,594.75,Food Delivery,Medium,Debit Card,Success,
T00003609,M00068,2025-10-02 19:05:07,335.88,Retail,Medium,Debit Card,Success,
T00003610,M00094,2025-01-10 19:43:07,9105.25,SaaS,Small,UPI,Success,
T00003611,M00090,2025-02-20 16:47:44,13203.4,Healthcare,Medium,Debit Card,Success,
T00003612,M00090,2025-03-14 10:49:12,8865.85,Healthcare,Medium,Debit Card,Success,
T00003613,M00070,2025-12-15 17:07:14,1174.52,Food Delivery,Large,Debit Card,Success,
T00003614,M00094,2025-10-10 01:43:27,13897.37,SaaS,Small,UPI,Success,
T00003615,M00081,2025-11-02 06:30:00,357.22,Media,Small,UPI,Success,
T00003616,M00092,2025-02-02 05:16:28,5123.47,Healthcare,Medium,Debit Card,Failed,Technical Error
T00003617,M00023,2025-01-09 23:41:17,5372.5,Healthcare,Small,Net Banking,Success,
T00003618,M00078,2025-06-28 07:22:49,9138.81,SaaS,Medium,Net Banking,Failed,Insufficient Funds
T00003619,M00092,2025-02-11 14:01:36,5059.18,Healthcare,Medium,Debit Card,Success,
T00003620,M00015,2025-01-31 01:14:49,2620.59,E-commerce,Medium,UPI,Success,
T00003621,M00068,2025-05-21 08:28:01,1744.36,Retail,Medium,Debit Card,Success,
T00003622,M00014,2025-11-05 22:03:06,3484.39,E-commerce,Large,Credit Card,Success,
T00003623,M00078,2025-01-29 13:46:39,7602.23,SaaS,Medium,Net Banking,Success,
T00003624,M00062,2025-06-13 01:49:04,4403.06,Retail,Medium,Credit Card,Success,
T00003625,M00015,2025-05-02 18:49:24,1730.68,E-commerce,Medium,UPI,Success,
T00003626,M00095,2025-04-27 00:35:53,436.42,E-commerce,Small,Credit Card,Success,
T00003627,M00053,2025-03-11 09:23:27,3260.32,Education,Small,Net Banking,Success,
T00003628,M00096,2025-02-15 12:26:58,1095.85,Gaming,Small,UPI,Failed,Network Error
T00003629,M00014,2025-07-07 22:22:38,5484.47,E-commerce,Large,Credit Card,Success,
T00003630,M00058,2025-07-22 15:02:56,1385.05,Food Delivery,Small,UPI,Success,
T00003631,M00092,2025-12-26 20:22:52,5715.21,Healthcare,Medium,Debit Card,Success,
T00003632,M00064,2025-07-21 04:03:45,10041.08,Professional Services,Large,Net Banking,Success,
T00003633,M00059,2025-03-01 03:58:04,863.83,Retail,Medium,UPI,Success,
T00003634,M00076,2025-01-12 10:56:15,9818.68,Education,Small,Net Banking,Success,
T00003635,M00037,2025-03-27 08:19:19,10112.88,Education,Medium,UPI,Success,
T00003636,M00001,2025-04-17 06:45:23,469.26,Food Delivery,Small,UPI,Success,
T00003637,M00068,2025-02-05 17:13:15,1157.39,Retail,Medium,Debit Card,Success,
T00003638,M00091,2025-10-17 09:42:56,22419.6,Professional Services,Small,Net Banking,Success,
T00003639,M00003,2025-06-19 08:23:32,2891.82,Education,Small,Credit Card,Success,
T00003640,M00040,2025-03-09 04:05:58,12268.1,Professional Services,Small,Net Banking,Success,
T00003641,M00007,2025-11-25 13:37:29,3504.64,Gaming,Small,Net Banking,Success,
T00003642,M00017,2025-08-15 15:59:45,9015.22,Professional Services,Small,Credit Card,Success,
T00003643,M00089,2025-08-17 04:37:55,6170.6,Education,Small,UPI,Success,
T00003644,M00091,2025-07-09 10:55:18,25579.52,Professional Services,Small,Net Banking,Success,
T00003645,M00014,2025-06-23 06:29:29,2179.06,E-commerce,Large,Credit Card,Success,
T00003646,M00097,2025-08-30 21:57:03,8942.05,Professional Services,Small,Credit Card,Success,
T00003647,M00049,2025-05-29 18:14:45,938.66,Retail,Medium,Wallet,Success,
T00003648,M00055,2025-09-03 17:10:37,15313.2,SaaS,Medium,Net Banking,Success,
T00003649,M00072,2025-06-24 12:44:35,903.87,Media,Small,Credit Card,Success,
T00003650,M00069,2025-08-16 22:01:04,7060.94,Education,Small,Credit Card,Success,
T00003651,M00090,2025-08-23 12:35:20,11132.85,Healthcare,Medium,Debit Card,Failed,Network Error
T00003652,M00007,2025-06-04 16:29:14,1825.59,Gaming,Small,Net Banking,Success,
T00003653,M00090,2025-03-11 20:49:44,10345.23,Healthcare,Medium,Debit Card,Success,
T00003654,M00060,2025-04-06 06:31:51,415.56,Food Delivery,Medium,Debit Card,Success,
T00003655,M00090,2025-09-13 03:15:38,8198.27,Healthcare,Medium,Debit Card,Success,
T00003656,M00061,2025-01-04 17:47:09,9020.63,SaaS,Medium,UPI,Success,
T00003657,M00005,2025-01-05 05:36:17,24093.39,Travel,Small,Net Banking,Success,
T00003658,M00092,2025-05-05 21:10:04,3513.03,Healthcare,Medium,Debit Card,Success,
T00003659,M00033,2025-08-07 02:52:10,4931.11,E-commerce,Small,UPI,Success,
T00003660,M00060,2025-03-26 10:54:21,648.9,Food Delivery,Medium,Debit Card,Success,
T00003661,M00033,2025-04-18 23:35:58,3413.53,E-commerce,Small,UPI,Success,
T00003662,M00013,2025-09-18 17:23:19,706.0,E-commerce,Small,Debit Card,Success,
T00003663,M00004,2025-12-13 16:13:54,1512.99,Education,Medium,UPI,Success,
T00003664,M00071,2025-11-12 21:23:09,1684.15,Retail,Small,Debit Card,Success,
T00003665,M00062,2025-03-18 13:19:18,5668.58,Retail,Medium,Credit Card,Success,
T00003666,M00087,2025-04-17 13:44:14,2083.35,Media,Small,Wallet,Success,
T00003667,M00092,2025-02-18 04:37:39,2694.45,Healthcare,Medium,Debit Card,Success,
T00003668,M00077,2025-04-02 19:36:43,8548.68,Professional Services,Medium,Credit Card,Success,
T00003669,M00061,2025-04-21 16:44:11,12239.96,SaaS,Medium,UPI,Success,
T00003670,M00040,2025-01-02 19:18:47,13308.49,Professional Services,Small,Net Banking,Success,
T00003671,M00041,2025-04-21 10:28:53,6828.83,E-commerce,Small,Wallet,Success,
T00003672,M00030,2025-07-27 04:16:22,4064.83,E-commerce,Small,UPI,Success,
T00003673,M00038,2025-01-16 04:37:37,3123.42,Education,Small,Debit Card,Success,
T00003674,M00099,2025-11-19 06:45:52,4443.69,Retail,Small,Wallet,Success,
T00003675,M00033,2025-10-08 21:12:46,3695.81,E-commerce,Small,UPI,Success,
T00003676,M00064,2025-01-31 23:29:03,9770.48,Professional Services,Large,Net Banking,Success,
T00003677,M00079,2025-05-02 14:59:57,213.33,Food Delivery,Large,Credit Card,Success,
T00003678,M00086,2025-06-26 13:00:32,1133.61,Food Delivery,Large,UPI,Success,
T00003679,M00024,2025-09-06 23:27:30,941.28,Gaming,Small,Credit Card,Success,
T00003680,M00055,2025-08-28 23:57:47,12713.41,SaaS,Medium,Net Banking,Success,
T00003681,M00056,2025-03-28 23:57:54,5130.05,E-commerce,Large,Credit Card,Success,
T00003682,M00081,2025-05-06 09:15:51,434.85,Media,Small,UPI,Success,
T00003683,M00072,2025-10-09 06:31:50,723.32,Media,Small,Credit Card,Success,
T00003684,M00045,2025-12-17 09:49:34,2754.21,Media,Small,Wallet,Success,
T00003685,M00012,2025-11-13 23:02:49,18671.48,SaaS,Medium,Net Banking,Failed,Insufficient Funds
T00003686,M00100,2025-04-11 20:27:52,338.8,E-commerce,Small,UPI,Success,
T00003687,M00054,2025-01-17 17:29:56,1527.17,Media,Small,Credit Card,Success,
T00003688,M00069,2025-05-08 21:34:06,9693.72,Education,Small,Credit Card,Success,
T00003689,M00061,2025-11-04 10:30:22,8777.84,SaaS,Medium,UPI,Success,
T00003690,M00079,2025-02-23 12:02:50,183.51,Food Delivery,Large,Credit Card,Success,
T00003691,M00085,2025-02-16 13:33:44,586.61,Gaming,Medium,Wallet,Success,
T00003692,M00083,2025-12-11 18:52:51,2242.97,Retail,Small,Debit Card,Success,
T00003693,M00035,2025-12-14 18:27:04,1377.65,Retail,Small,UPI,Success,
T00003694,M00052,2025-07-24 21:29:06,28860.25,Travel,Medium,Credit Card,Success,
T00003695,M00059,2025-07-05 14:36:02,460.93,Retail,Medium,UPI,Success,
T00003696,M00088,2025-10-11 20:09:05,206.81,Food Delivery,Small,UPI,Success,
T00003697,M00068,2025-02-05 15:37:55,1452.43,Retail,Medium,Debit Card,Success,
T00003698,M00016,2025-08-05 21:44:21,1269.88,Retail,Medium,Debit Card,Success,
T00003699,M00001,2025-04-05 03:06:37,280.93,Food Delivery,Small,UPI,Success,
T00003700,M00035,2025-01-31 07:10:07,1123.59,Retail,Small,UPI,Success,
T00003701,M00060,2025-07-12 02:03:35,617.18,Food Delivery,Medium,Debit Card,Success,
T00003702,M00100,2025-11-14 21:04:46,717.53,E-commerce,Small,UPI,Success,
T00003703,M00071,2025-07-09 09:11:10,3064.5,Retail,Small,Debit Card,Success,
T00003704,M00073,2025-07-24 22:00:16,4464.07,SaaS,Small,Net Banking,Success,
T00003705,M00073,2025-05-02 16:43:04,4034.68,SaaS,Small,Net Banking,Success,
T00003706,M00005,2025-03-01 19:22:26,18662.13,Travel,Small,Net Banking,Success,
T00003707,M00027,2025-02-11 00:49:37,1881.7,E-commerce,Large,Credit Card,Success,
T00003708,M00067,2025-06-25 16:58:15,461.16,Food Delivery,Medium,Credit Card,Success,
T00003709,M00019,2025-07-19 09:49:54,5061.36,E-commerce,Medium,Wallet,Success,
T00003710,M00059,2025-06-14 07:31:18,1051.37,Retail,Medium,UPI,Success,
T00003711,M00085,2025-04-30 06:48:55,568.77,Gaming,Medium,Wallet,Success,
T00003712,M00099,2025-06-29 00:24:13,3745.16,Retail,Small,Wallet,Success,
T00003713,M00083,2025-10-17 08:08:44,1639.91,Retail,Small,Debit Card,Success,
T00003714,M00077,2025-04-14 14:21:08,7907.52,Professional Services,Medium,Credit Card,Success,
T00003715,M00020,2025-09-15 01:13:12,6158.5,Healthcare,Small,Net Banking,Success,
T00003716,M00046,2025-08-02 17:12:27,13085.62,Professional Services,Small,Net Banking,Success,
T00003717,M00053,2025-06-17 13:37:32,4522.87,Education,Small,Net Banking,Success,
T00003718,M00028,2025-05-10 14:40:39,3038.92,E-commerce,Small,UPI,Success,
T00003719,M00084,2025-04-16 20:42:44,390.91,Food Delivery,Small,Net Banking,Success,
T00003720,M00093,2025-12-27 09:46:22,7576.48,SaaS,Small,Net Banking,Success,
T00003721,M00093,2025-04-25 04:20:00,7576.11,SaaS,Small,Net Banking,Success,
T00003722,M00006,2025-08-24 21:49:37,3907.01,Retail,Small,UPI,Success,
T00003723,M00015,2025-06-18 09:07:18,2381.93,E-commerce,Medium,UPI,Success,
T00003724,M00035,2025-02-13 03:22:00,2027.4,Retail,Small,UPI,Success,
T00003725,M00042,2025-01-21 15:16:47,12952.31,Healthcare,Small,Debit Card,Success,
T00003726,M00034,2025-07-26 15:49:37,1147.87,Gaming,Medium,Debit Card,Success,
T00003727,M00057,2025-03-29 22:48:24,13252.1,Healthcare,Medium,Credit Card,Success,
T00003728,M00062,2025-06-02 13:57:27,2921.48,Retail,Medium,Credit Card,Success,
T00003729,M00050,2025-10-13 00:40:15,14470.77,SaaS,Small,Wallet,Success,
T00003730,M00028,2025-03-08 10:06:24,1383.5,E-commerce,Small,UPI,Success,
T00003731,M00038,2025-05-16 00:10:31,2230.46,Education,Small,Debit Card,Success,
T00003732,M00028,2025-01-02 04:57:29,1514.03,E-commerce,Small,UPI,Success,
T00003733,M00061,2025-07-15 10:32:17,10863.02,SaaS,Medium,UPI,Success,
T00003734,M00041,2025-11-28 02:28:18,3435.4,E-commerce,Small,Wallet,Success,
T00003735,M00060,2025-04-03 16:05:41,719.15,Food Delivery,Medium,Debit Card,Success,
T00003736,M00080,2025-05-09 23:54:42,1108.1,Media,Small,Credit Card,Success,
T00003737,M00084,2025-02-25 01:59:07,598.7,Food Delivery,Small,Net Banking,Success,
T00003738,M00078,2025-01-09 02:07:13,11719.64,SaaS,Medium,Net Banking,Success,
T00003739,M00039,2025-04-13 11:05:39,2237.77,Gaming,Small,UPI,Success,
T00003740,M00008,2025-01-04 18:43:34,12152.12,Travel,Small,Credit Card,Success,
T00003741,M00041,2025-07-04 00:25:01,3115.49,E-commerce,Small,Wallet,Success,
T00003742,M00044,2025-02-12 11:33:05,12565.17,Professional Services,Small,Net Banking,Success,
T00003743,M00064,2025-01-07 18:05:39,1297.78,Professional Services,Large,Net Banking,Success,
T00003744,M00079,2025-07-23 23:51:49,146.98,Food Delivery,Large,Credit Card,Success,
T00003745,M00041,2025-10-21 05:02:23,4815.97,E-commerce,Small,Wallet,Success,
T00003746,M00035,2025-10-13 21:45:18,2113.97,Retail,Small,UPI,Success,
T00003747,M00025,2025-07-10 13:17:59,1023.25,Food Delivery,Small,UPI,Success,
T00003748,M00097,2025-07-08 22:26:46,696.12,Professional Services,Small,Credit Card,Success,
T00003749,M00092,2025-06-28 03:52:01,5640.45,Healthcare,Medium,Debit Card,Success,
T00003750,M00020,2025-12-13 04:11:35,8687.01,Healthcare,Small,Net Banking,Success,
T00003751,M00099,2025-09-15 20:20:29,5957.06,Retail,Small,Wallet,Success,
T00003752,M00083,2025-02-13 19:00:33,776.98,Retail,Small,Debit Card,Success,
T00003753,M00060,2025-07-21 16:18:35,585.47,Food Delivery,Medium,Debit Card,Failed,Bank Decline
T00003754,M00011,2025-09-14 01:44:42,6942.32,Education,Small,UPI,Failed,Network Error
T00003755,M00016,2025-07-13 08:07:57,1407.91,Retail,Medium,Debit Card,Success,
T00003756,M00038,2025-06-17 06:36:22,3458.89,Education,Small,Debit Card,Success,
T00003757,M00019,2025-10-17 01:59:08,7310.64,E-commerce,Medium,Wallet,Success,
T00003758,M00062,2025-02-11 21:59:45,5779.26,Retail,Medium,Credit Card,Failed,Technical Error
T00003759,M00039,2025-09-21 14:53:19,718.12,Gaming,Small,UPI,Failed,Payment Timeout
T00003760,M00071,2025-03-09 22:40:23,2150.04,Retail,Small,Debit Card,Success,
T00003761,M00034,2025-09-21 17:21:26,1274.7,Gaming,Medium,Debit Card,Success,
T00003762,M00015,2025-04-18 06:48:35,2702.52,E-commerce,Medium,UPI,Success,
T00003763,M00060,2025-01-16 23:04:46,348.55,Food Delivery,Medium,Debit Card,Success,
T00003764,M00004,2025-02-17 18:04:55,1621.41,Education,Medium,UPI,Success,
T00003765,M00086,2025-06-26 17:09:55,580.49,Food Delivery,Large,UPI,Success,
T00003766,M00077,2025-02-12 19:03:02,5986.64,Professional Services,Medium,Credit Card,Failed,Authentication Failure
T00003767,M00077,2025-12-27 02:26:17,6627.61,Professional Services,Medium,Credit Card,Success,
T00003768,M00029,2025-04-23 12:57:42,2834.98,Retail,Small,Debit Card,Success,
T00003769,M00069,2025-09-15 23:54:51,7805.42,Education,Small,Credit Card,Success,
T00003770,M00094,2025-04-25 11:03:08,15081.82,SaaS,Small,UPI,Success,
T00003771,M00039,2025-01-16 21:42:37,2197.3,Gaming,Small,UPI,Success,
T00003772,M00035,2025-07-09 15:54:18,2960.06,Retail,Small,UPI,Success,
T00003773,M00077,2025-06-17 02:53:58,5036.78,Professional Services,Medium,Credit Card,Success,
T00003774,M00004,2025-02-23 11:37:55,3039.11,Education,Medium,UPI,Success,
T00003775,M00026,2025-04-21 00:13:34,1889.63,Retail,Medium,Credit Card,Failed,Payment Timeout
T00003776,M00011,2025-03-02 05:02:58,4837.44,Education,Small,UPI,Success,
T00003777,M00084,2025-10-04 23:28:43,364.25,Food Delivery,Small,Net Banking,Success,
T00003778,M00039,2025-08-16 06:41:26,3917.54,Gaming,Small,UPI,Success,
T00003779,M00027,2025-04-23 22:28:16,1698.72,E-commerce,Large,Credit Card,Success,
T00003780,M00050,2025-11-12 05:40:37,15989.64,SaaS,Small,Wallet,Success,
T00003781,M00039,2025-05-31 00:01:31,606.62,Gaming,Small,UPI,Success,
T00003782,M00062,2025-04-12 11:07:41,5808.93,Retail,Medium,Credit Card,Success,
T00003783,M00042,2025-08-20 20:48:17,8462.24,Healthcare,Small,Debit Card,Success,
T00003784,M00007,2025-05-06 05:43:49,4017.86,Gaming,Small,Net Banking,Success,
T00003785,M00040,2025-02-24 01:13:03,11547.41,Professional Services,Small,Net Banking,Success,
T00003786,M00042,2025-08-04 06:17:57,8077.83,Healthcare,Small,Debit Card,Success,
T00003787,M00097,2025-04-29 10:46:10,9697.52,Professional Services,Small,Credit Card,Success,
T00003788,M00037,2025-07-31 23:30:38,8669.36,Education,Medium,UPI,Success,
T00003789,M00065,2025-10-31 20:32:59,1856.35,E-commerce,Large,Debit Card,Success,
T00003790,M00010,2025-06-21 14:49:08,1516.43,Retail,Medium,UPI,Success,
T00003791,M00023,2025-07-15 15:53:51,10342.07,Healthcare,Small,Net Banking,Success,
T00003792,M00090,2025-06-16 02:09:56,7528.15,Healthcare,Medium,Debit Card,Success,
T00003793,M00011,2025-06-09 07:53:15,2640.51,Education,Small,UPI,Success,
T00003794,M00094,2025-10-25 18:48:41,13497.89,SaaS,Small,UPI,Success,
T00003795,M00027,2025-10-21 13:05:34,2254.45,E-commerce,Large,Credit Card,Success,
T00003796,M00004,2025-08-14 08:59:49,3143.32,Education,Medium,UPI,Success,
T00003797,M00048,2025-02-19 10:17:15,404.59,Food Delivery,Medium,Credit Card,Success,
T00003798,M00026,2025-01-21 18:59:30,976.09,Retail,Medium,Credit Card,Success,
T00003799,M00028,2025-06-02 11:51:00,3087.97,E-commerce,Small,UPI,Success,
T00003800,M00016,2025-10-24 07:38:01,1338.16,Retail,Medium,Debit Card,Success,
T00003801,M00064,2025-06-28 17:34:05,8349.19,Professional Services,Large,Net Banking,Success,
T00003802,M00085,2025-09-10 09:19:12,369.3,Gaming,Medium,Wallet,Success,
T00003803,M00026,2025-08-19 19:38:50,2109.86,Retail,Medium,Credit Card,Success,
T00003804,M00017,2025-05-09 16:00:38,12243.25,Professional Services,Small,Credit Card,Success,
T00003805,M00095,2025-02-17 03:55:40,562.06,E-commerce,Small,Credit Card,Success,
T00003806,M00012,2025-01-21 14:11:04,5907.61,SaaS,Medium,Net Banking,Success,
T00003807,M00025,2025-07-20 11:55:46,1460.79,Food Delivery,Small,UPI,Success,
T00003808,M00056,2025-03-28 19:34:37,6835.81,E-commerce,Large,Credit Card,Success,
T00003809,M00078,2025-09-06 10:08:20,15076.39,SaaS,Medium,Net Banking,Success,
T00003810,M00005,2025-12-30 17:06:12,20061.5,Travel,Small,Net Banking,Success,
T00003811,M00064,2025-07-08 08:06:34,6704.09,Professional Services,Large,Net Banking,Success,
T00003812,M00060,2025-03-01 10:16:09,507.29,Food Delivery,Medium,Debit Card,Success,
T00003813,M00090,2025-02-17 00:07:21,7195.53,Healthcare,Medium,Debit Card,Success,
T00003814,M00047,2025-01-10 13:48:50,1630.09,Healthcare,Medium,UPI,Success,
T00003815,M00098,2025-06-22 08:39:49,5581.67,SaaS,Medium,Credit Card,Success,
T00003816,M00048,2025-07-07 20:35:33,1088.05,Food Delivery,Medium,Credit Card,Failed,Bank Decline
T00003817,M00019,2025-11-23 21:24:23,5275.2,E-commerce,Medium,Wallet,Success,
T00003818,M00068,2025-06-20 12:59:12,1202.09,Retail,Medium,Debit Card,Success,
T00003819,M00085,2025-08-28 16:20:03,463.37,Gaming,Medium,Wallet,Success,
T00003820,M00030,2025-02-25 00:36:39,2886.31,E-commerce,Small,UPI,Success,
T00003821,M00082,2025-09-13 08:01:16,6604.56,Education,Large,Debit Card,Success,
T00003822,M00018,2025-03-19 19:24:25,10967.89,Professional Services,Small,Net Banking,Success,
T00003823,M00073,2025-04-23 15:19:59,3832.89,SaaS,Small,Net Banking,Success,
T00003824,M00028,2025-05-23 15:51:05,2663.72,E-commerce,Small,UPI,Success,
T00003825,M00012,2025-06-01 22:08:52,6369.86,SaaS,Medium,Net Banking,Success,
T00003826,M00018,2025-11-12 22:18:35,10929.79,Professional Services,Small,Net Banking,Success,
T00003827,M00070,2025-01-11 20:42:19,1099.15,Food Delivery,Large,Debit Card,Success,
T00003828,M00098,2025-08-14 11:00:25,13624.26,SaaS,Medium,Credit Card,Success,
T00003829,M00029,2025-09-08 12:51:05,3047.94,Retail,Small,Debit Card,Success,
T00003830,M00051,2025-12-19 16:10:59,2457.22,Retail,Medium,UPI,Success,
T00003831,M00081,2025-02-24 02:24:10,227.12,Media,Small,UPI,Success,
T00003832,M00005,2025-03-03 11:35:54,27602.48,Travel,Small,Net Banking,Success,
T00003833,M00070,2025-11-29 09:00:10,1285.56,Food Delivery,Large,Debit Card,Success,
T00003834,M00008,2025-07-23 21:52:24,11685.69,Travel,Small,Credit Card,Success,
T00003835,M00033,2025-01-25 09:01:09,4344.65,E-commerce,Small,UPI,Success,
T00003836,M00094,2025-08-07 16:55:03,13421.02,SaaS,Small,UPI,Success,
T00003837,M00009,2025-10-05 17:58:56,894.16,Gaming,Small,Credit Card,Success,
T00003838,M00053,2025-09-13 17:08:32,3682.32,Education,Small,Net Banking,Success,
T00003839,M00020,2025-06-02 23:40:54,12912.41,Healthcare,Small,Net Banking,Success,
T00003840,M00083,2025-07-03 05:03:00,1948.57,Retail,Small,Debit Card,Success,
T00003841,M00047,2025-03-12 01:12:45,653.81,Healthcare,Medium,UPI,Success,
T00003842,M00072,2025-07-24 01:23:56,595.06,Media,Small,Credit Card,Success,
T00003843,M00028,2025-09-28 23:40:32,1561.42,E-commerce,Small,UPI,Success,
T00003844,M00019,2025-08-28 19:17:03,7758.33,E-commerce,Medium,Wallet,Success,
T00003845,M00022,2025-01-27 05:47:52,648.23,Food Delivery,Small,Wallet,Success,
T00003846,M00052,2025-02-07 11:49:19,28716.96,Travel,Medium,Credit Card,Success,
T00003847,M00081,2025-07-13 23:03:40,563.53,Media,Small,UPI,Success,
T00003848,M00034,2025-10-27 17:10:08,1304.23,Gaming,Medium,Debit Card,Success,
T00003849,M00093,2025-10-12 12:45:55,7367.61,SaaS,Small,Net Banking,Success,
T00003850,M00094,2025-10-10 18:58:21,10059.6,SaaS,Small,UPI,Success,
T00003851,M00014,2025-10-21 12:41:45,6509.89,E-commerce,Large,Credit Card,Success,
T00003852,M00082,2025-04-08 06:40:43,5736.56,Education,Large,Debit Card,Success,
T00003853,M00022,2025-11-25 20:45:55,414.62,Food Delivery,Small,Wallet,Success,
T00003854,M00055,2025-09-03 04:05:13,8874.14,SaaS,Medium,Net Banking,Success,
T00003855,M00030,2025-12-25 16:07:04,2751.6,E-commerce,Small,UPI,Success,
T00003856,M00083,2025-02-21 17:40:08,1773.59,Retail,Small,Debit Card,Failed,Payment Timeout
T00003857,M00001,2025-08-05 02:39:35,408.51,Food Delivery,Small,UPI,Success,
T00003858,M00100,2025-04-22 02:32:45,858.16,E-commerce,Small,UPI,Success,
T00003859,M00030,2025-10-16 05:22:32,3327.03,E-commerce,Small,UPI,Success,
T00003860,M00048,2025-03-16 16:19:36,1114.02,Food Delivery,Medium,Credit Card,Success,
T00003861,M00001,2025-01-10 09:57:41,264.29,Food Delivery,Small,UPI,Success,
T00003862,M00099,2025-11-11 13:49:46,2873.63,Retail,Small,Wallet,Success,
T00003863,M00031,2025-01-03 00:48:20,1379.21,Media,Small,Net Banking,Success,
T00003864,M00038,2025-01-28 22:45:48,3977.23,Education,Small,Debit Card,Success,
T00003865,M00080,2025-09-23 00:04:02,727.02,Media,Small,Credit Card,Success,
T00003866,M00074,2025-07-12 16:41:26,365.92,Gaming,Medium,Credit Card,Success,
T00003867,M00096,2025-03-22 13:48:18,1181.21,Gaming,Small,UPI,Success,
T00003868,M00068,2025-08-29 04:38:26,1268.83,Retail,Medium,Debit Card,Success,
T00003869,M00056,2025-11-28 10:27:57,5282.86,E-commerce,Large,Credit Card,Success,
T00003870,M00026,2025-05-27 01:40:33,1902.57,Retail,Medium,Credit Card,Success,
T00003871,M00003,2025-08-10 00:53:06,6059.36,Education,Small,Credit Card,Success,
T00003872,M00022,2025-02-15 19:09:50,517.11,Food Delivery,Small,Wallet,Success,
T00003873,M00041,2025-01-20 23:49:08,3493.65,E-commerce,Small,Wallet,Success,
T00003874,M00052,2025-04-23 14:01:51,20732.06,Travel,Medium,Credit Card,Success,
T00003875,M00007,2025-04-08 15:02:55,2312.29,Gaming,Small,Net Banking,Success,
T00003876,M00057,2025-03-03 07:23:23,11626.84,Healthcare,Medium,Credit Card,Failed,Insufficient Funds
T00003877,M00028,2025-07-27 13:11:27,1120.88,E-commerce,Small,UPI,Success,
T00003878,M00057,2025-07-14 04:46:33,7216.47,Healthcare,Medium,Credit Card,Success,
T00003879,M00085,2025-08-29 06:11:18,593.3,Gaming,Medium,Wallet,Success,
T00003880,M00007,2025-07-02 21:50:22,3435.2,Gaming,Small,Net Banking,Failed,Network Error
T00003881,M00099,2025-09-11 16:33:48,5383.65,Retail,Small,Wallet,Success,
T00003882,M00056,2025-05-10 22:09:01,5177.33,E-commerce,Large,Credit Card,Success,
T00003883,M00068,2025-01-24 01:34:23,1844.08,Retail,Medium,Debit Card,Success,
T00003884,M00098,2025-12-25 21:55:42,15301.89,SaaS,Medium,Credit Card,Success,
T00003885,M00080,2025-12-21 07:26:03,918.42,Media,Small,Credit Card,Success,
T00003886,M00040,2025-08-07 23:31:14,10656.63,Professional Services,Small,Net Banking,Success,
T00003887,M00094,2025-10-01 01:16:53,14868.03,SaaS,Small,UPI,Success,
T00003888,M00054,2025-01-28 11:33:35,520.69,Media,Small,Credit Card,Failed,Payment Timeout
T00003889,M00027,2025-10-15 02:40:35,1444.42,E-commerce,Large,Credit Card,Success,
T00003890,M00045,2025-02-20 06:41:50,2364.0,Media,Small,Wallet,Success,
T00003891,M00018,2025-01-17 05:03:14,10326.07,Professional Services,Small,Net Banking,Success,
T00003892,M00095,2025-05-17 00:38:17,701.07,E-commerce,Small,Credit Card,Success,
T00003893,M00052,2025-04-28 20:03:50,27666.08,Travel,Medium,Credit Card,Success,
T00003894,M00092,2025-12-28 15:50:48,1757.72,Healthcare,Medium,Debit Card,Success,
T00003895,M00042,2025-10-28 10:35:52,10274.35,Healthcare,Small,Debit Card,Success,
T00003896,M00077,2025-05-28 08:09:21,6155.39,Professional Services,Medium,Credit Card,Success,
T00003897,M00063,2025-10-14 13:56:46,6682.2,Healthcare,Small,Credit Card,Success,
T00003898,M00041,2025-05-27 12:01:04,4630.74,E-commerce,Small,Wallet,Success,
T00003899,M00047,2025-06-16 21:16:05,1485.91,Healthcare,Medium,UPI,Success,
T00003900,M00057,2025-02-15 19:46:13,6296.31,Healthcare,Medium,Credit Card,Success,
T00003901,M00047,2025-12-17 21:42:30,1454.7,Healthcare,Medium,UPI,Success,
T00003902,M00076,2025-01-23 11:52:36,8789.87,Education,Small,Net Banking,Success,
T00003903,M00034,2025-02-05 17:24:59,1235.04,Gaming,Medium,Debit Card,Success,
T00003904,M00055,2025-12-11 23:53:07,11630.35,SaaS,Medium,Net Banking,Success,
T00003905,M00089,2025-07-28 05:54:36,1256.81,Education,Small,UPI,Success,
T00003906,M00087,2025-10-07 13:16:21,1163.41,Media,Small,Wallet,Success,
T00003907,M00070,2025-01-23 02:11:38,1292.18,Food Delivery,Large,Debit Card,Success,
T00003908,M00026,2025-01-17 23:29:40,1879.91,Retail,Medium,Credit Card,Success,
T00003909,M00019,2025-08-22 22:55:27,4065.15,E-commerce,Medium,Wallet,Success,
T00003910,M00045,2025-08-24 09:29:01,2091.61,Media,Small,Wallet,Success,
T00003911,M00055,2025-09-13 09:06:58,14255.13,SaaS,Medium,Net Banking,Success,
T00003912,M00083,2025-07-31 03:08:59,1704.67,Retail,Small,Debit Card,Success,
T00003913,M00076,2025-10-01 21:27:17,7473.37,Education,Small,Net Banking,Success,
T00003914,M00077,2025-03-27 13:13:34,5495.35,Professional Services,Medium,Credit Card,Success,
T00003915,M00084,2025-04-28 13:32:41,621.86,Food Delivery,Small,Net Banking,Success,
T00003916,M00039,2025-09-11 20:24:08,1601.46,Gaming,Small,UPI,Success,
T00003917,M00073,2025-12-13 19:09:45,3764.5,SaaS,Small,Net Banking,Success,
T00003918,M00022,2025-01-21 23:17:36,605.95,Food Delivery,Small,Wallet,Success,
T00003919,M00091,2025-06-09 13:14:56,15145.45,Professional Services,Small,Net Banking,Success,
T00003920,M00072,2025-03-21 01:16:10,520.07,Media,Small,Credit Card,Success,
T00003921,M00080,2025-11-23 18:39:09,962.84,Media,Small,Credit Card,Success,
T00003922,M00077,2025-03-23 20:30:55,7390.0,Professional Services,Medium,Credit Card,Success,
T00003923,M00065,2025-10-09 12:39:28,1612.48,E-commerce,Large,Debit Card,Failed,Technical Error
T00003924,M00024,2025-06-20 23:40:58,694.63,Gaming,Small,Credit Card,Success,
T00003925,M00021,2025-06-26 05:22:39,2846.96,E-commerce,Small,UPI,Success,
T00003926,M00029,2025-04-15 23:21:55,4028.43,Retail,Small,Debit Card,Success,
T00003927,M00004,2025-05-30 04:47:09,1582.85,Education,Medium,UPI,Success,
T00003928,M00088,2025-11-28 21:12:33,1185.18,Food Delivery,Small,UPI,Success,
T00003929,M00069,2025-07-12 09:03:59,8543.68,Education,Small,Credit Card,Success,
T00003930,M00011,2025-03-29 04:00:40,7649.26,Education,Small,UPI,Success,
T00003931,M00019,2025-03-13 14:58:56,3728.32,E-commerce,Medium,Wallet,Success,
T00003932,M00040,2025-01-13 03:47:38,8645.45,Professional Services,Small,Net Banking,Success,
T00003933,M00091,2025-05-16 01:46:23,27530.77,Professional Services,Small,Net Banking,Success,
T00003934,M00058,2025-05-11 13:46:53,1048.19,Food Delivery,Small,UPI,Success,
T00003935,M00074,2025-12-19 10:02:35,1017.72,Gaming,Medium,Credit Card,Success,
T00003936,M00085,2025-01-11 14:52:30,620.39,Gaming,Medium,Wallet,Success,
T00003937,M00064,2025-11-19 01:04:18,4426.43,Professional Services,Large,Net Banking,Success,
T00003938,M00049,2025-12-27 14:52:00,844.45,Retail,Medium,Wallet,Success,
T00003939,M00016,2025-01-23 04:23:01,1151.95,Retail,Medium,Debit Card,Failed,Technical Error
T00003940,M00050,2025-04-22 14:56:03,7719.64,SaaS,Small,Wallet,Success,
T00003941,M00001,2025-07-27 16:20:14,236.12,Food Delivery,Small,UPI,Success,
T00003942,M00083,2025-07-21 12:37:06,1713.36,Retail,Small,Debit Card,Success,
T00003943,M00087,2025-05-29 01:53:24,150.14,Media,Small,Wallet,Success,
T00003944,M00004,2025-12-19 12:29:40,2488.43,Education,Medium,UPI,Success,
T00003945,M00002,2025-11-07 12:42:32,830.63,Retail,Small,UPI,Failed,Payment Timeout
T00003946,M00066,2025-04-25 21:17:17,1179.07,Education,Large,Net Banking,Success,
T00003947,M00051,2025-06-03 05:56:59,4704.03,Retail,Medium,UPI,Success,
T00003948,M00046,2025-04-08 06:57:10,14628.97,Professional Services,Small,Net Banking,Success,
T00003949,M00067,2025-11-11 16:09:57,520.48,Food Delivery,Medium,Credit Card,Success,
T00003950,M00100,2025-09-14 14:52:59,671.81,E-commerce,Small,UPI,Success,
T00003951,M00097,2025-04-13 17:28:55,8634.11,Professional Services,Small,Credit Card,Success,
T00003952,M00050,2025-01-04 10:40:51,8806.36,SaaS,Small,Wallet,Success,
T00003953,M00038,2025-05-20 07:32:48,1368.94,Education,Small,Debit Card,Success,
T00003954,M00060,2025-01-23 18:03:00,632.79,Food Delivery,Medium,Debit Card,Success,
T00003955,M00031,2025-01-31 21:25:50,1596.91,Media,Small,Net Banking,Success,
T00003956,M00092,2025-01-25 20:55:42,6202.62,Healthcare,Medium,Debit Card,Success,
T00003957,M00024,2025-04-11 04:47:56,838.72,Gaming,Small,Credit Card,Success,
T00003958,M00075,2025-02-19 09:47:58,446.81,E-commerce,Small,Wallet,Success,
T00003959,M00062,2025-03-09 18:24:51,5319.48,Retail,Medium,Credit Card,Success,
T00003960,M00070,2025-02-14 10:43:09,1511.74,Food Delivery,Large,Debit Card,Success,
T00003961,M00028,2025-03-13 13:23:08,1789.67,E-commerce,Small,UPI,Success,
T00003962,M00003,2025-01-17 07:03:15,1882.82,Education,Small,Credit Card,Success,
T00003963,M00009,2025-03-30 12:40:14,1166.96,Gaming,Small,Credit Card,Success,
T00003964,M00079,2025-04-10 23:33:43,276.9,Food Delivery,Large,Credit Card,Success,
T00003965,M00077,2025-11-25 03:19:36,8977.87,Professional Services,Medium,Credit Card,Success,
T00003966,M00001,2025-08-22 05:48:01,298.02,Food Delivery,Small,UPI,Success,
T00003967,M00031,2025-02-12 09:28:38,2205.82,Media,Small,Net Banking,Success,
T00003968,M00035,2025-04-03 00:48:06,2201.76,Retail,Small,UPI,Success,
T00003969,M00030,2025-08-10 12:11:43,1586.68,E-commerce,Small,UPI,Success,
T00003970,M00040,2025-09-07 06:49:14,17643.19,Professional Services,Small,Net Banking,Success,
T00003971,M00094,2025-04-20 22:32:16,13573.62,SaaS,Small,UPI,Success,
T00003972,M00087,2025-05-11 02:17:37,2273.92,Media,Small,Wallet,Failed,Technical Error
T00003973,M00021,2025-05-26 12:36:09,551.55,E-commerce,Small,UPI,Success,
T00003974,M00099,2025-03-04 06:13:25,4875.62,Retail,Small,Wallet,Success,
T00003975,M00048,2025-04-23 23:07:45,1213.07,Food Delivery,Medium,Credit Card,Success,
T00003976,M00081,2025-08-25 12:38:49,308.96,Media,Small,UPI,Success,
T00003977,M00066,2025-05-02 14:21:26,722.38,Education,Large,Net Banking,Success,
T00003978,M00058,2025-08-14 19:50:49,1353.53,Food Delivery,Small,UPI,Success,
T00003979,M00072,2025-03-25 10:43:17,620.11,Media,Small,Credit Card,Success,
T00003980,M00065,2025-02-28 06:47:50,1924.26,E-commerce,Large,Debit Card,Success,
T00003981,M00026,2025-09-10 03:05:42,1939.02,Retail,Medium,Credit Card,Failed,Bank Decline
T00003982,M00083,2025-08-08 13:55:55,1663.05,Retail,Small,Debit Card,Success,
T00003983,M00070,2025-08-12 02:09:42,756.56,Food Delivery,Large,Debit Card,Success,
T00003984,M00057,2025-02-17 02:03:38,6343.12,Healthcare,Medium,Credit Card,Success,
T00003985,M00042,2025-07-24 23:02:46,11094.18,Healthcare,Small,Debit Card,Success,
T00003986,M00002,2025-07-22 01:52:58,560.9,Retail,Small,UPI,Success,
T00003987,M00067,2025-04-15 12:57:53,585.93,Food Delivery,Medium,Credit Card,Success,
T00003988,M00051,2025-05-08 15:33:41,5223.61,Retail,Medium,UPI,Success,
T00003989,M00094,2025-10-26 02:57:18,14146.1,SaaS,Small,UPI,Success,
T00003990,M00039,2025-02-14 19:45:49,1911.48,Gaming,Small,UPI,Success,
T00003991,M00076,2025-06-22 19:46:13,7162.38,Education,Small,Net Banking,Success,
T00003992,M00067,2025-05-17 16:44:03,199.4,Food Delivery,Medium,Credit Card,Success,
T00003993,M00044,2025-01-30 16:30:27,20904.63,Professional Services,Small,Net Banking,Success,
T00003994,M00035,2025-06-24 08:41:06,1484.74,Retail,Small,UPI,Success,
T00003995,M00018,2025-03-31 05:32:57,3961.83,Professional Services,Small,Net Banking,Success,
T00003996,M00067,2025-07-28 18:56:36,394.56,Food Delivery,Medium,Credit Card,Success,
T00003997,M00022,2025-12-20 02:58:15,276.75,Food Delivery,Small,Wallet,Success,
T00003998,M00041,2025-04-12 01:58:32,5428.84,E-commerce,Small,Wallet,Success,
T00003999,M00092,2025-05-13 15:40:47,4197.83,Healthcare,Medium,Debit Card,Success,
T00004000,M00099,2025-02-27 15:10:29,4730.49,Retail,Small,Wallet,Success,
T00004001,M00068,2025-09-03 16:32:12,1702.38,Retail,Medium,Debit Card,Success,
T00004002,M00093,2025-06-26 08:13:52,6126.72,SaaS,Small,Net Banking,Success,
T00004003,M00030,2025-02-16 21:50:01,1431.37,E-commerce,Small,UPI,Success,
T00004004,M00035,2025-07-02 11:24:54,2389.04,Retail,Small,UPI,Success,
T00004005,M00022,2025-02-19 02:06:51,575.43,Food Delivery,Small,Wallet,Success,
T00004006,M00004,2025-03-06 19:57:10,1220.29,Education,Medium,UPI,Failed,Bank Decline
T00004007,M00005,2025-07-19 23:11:19,36516.27,Travel,Small,Net Banking,Success,
T00004008,M00065,2025-05-18 14:56:49,757.29,E-commerce,Large,Debit Card,Success,
T00004009,M00088,2025-09-28 15:50:46,379.48,Food Delivery,Small,UPI,Success,
T00004010,M00068,2025-12-15 12:37:10,1238.67,Retail,Medium,Debit Card,Success,
T00004011,M00061,2025-05-11 17:43:00,5240.18,SaaS,Medium,UPI,Failed,Insufficient Funds
T00004012,M00071,2025-01-29 15:25:24,2040.7,Retail,Small,Debit Card,Success,
T00004013,M00034,2025-05-18 20:26:41,2458.97,Gaming,Medium,Debit Card,Success,
T00004014,M00037,2025-10-15 15:48:03,5756.11,Education,Medium,UPI,Success,
T00004015,M00008,2025-04-23 08:23:19,14192.73,Travel,Small,Credit Card,Success,
T00004016,M00067,2025-10-09 01:26:32,276.66,Food Delivery,Medium,Credit Card,Success,
T00004017,M00073,2025-12-22 20:55:30,4572.48,SaaS,Small,Net Banking,Success,
T00004018,M00047,2025-01-04 00:32:59,1134.05,Healthcare,Medium,UPI,Success,
T00004019,M00038,2025-05-24 15:28:28,2726.81,Education,Small,Debit Card,Success,
T00004020,M00084,2025-03-10 15:10:15,295.69,Food Delivery,Small,Net Banking,Success,
T00004021,M00017,2025-08-17 09:18:39,9700.11,Professional Services,Small,Credit Card,Success,
T00004022,M00008,2025-07-11 13:49:42,20932.37,Travel,Small,Credit Card,Success,
T00004023,M00039,2025-08-08 02:05:06,1254.35,Gaming,Small,UPI,Success,
T00004024,M00067,2025-12-27 09:59:34,496.19,Food Delivery,Medium,Credit Card,Success,
T00004025,M00089,2025-05-06 08:42:53,4815.1,Education,Small,UPI,Success,
T00004026,M00063,2025-01-17 06:51:25,6652.89,Healthcare,Small,Credit Card,Success,
T00004027,M00038,2025-10-13 07:12:29,4369.69,Education,Small,Debit Card,Success,
T00004028,M00050,2025-04-19 01:32:09,8066.46,SaaS,Small,Wallet,Success,
T00004029,M00055,2025-08-28 00:39:57,11692.71,SaaS,Medium,Net Banking,Success,
T00004030,M00043,2025-04-22 18:53:33,6628.96,Professional Services,Small,Wallet,Success,
T00004031,M00026,2025-06-20 11:00:02,1805.98,Retail,Medium,Credit Card,Failed,Network Error
T00004032,M00077,2025-08-24 09:54:56,9016.86,Professional Services,Medium,Credit Card,Success,
T00004033,M00088,2025-12-26 01:06:44,700.73,Food Delivery,Small,UPI,Success,
T00004034,M00051,2025-08-03 10:32:10,4733.3,Retail,Medium,UPI,Success,
T00004035,M00072,2025-10-21 03:50:57,1041.93,Media,Small,Credit Card,Success,
T00004036,M00024,2025-12-12 21:24:28,1108.58,Gaming,Small,Credit Card,Success,
T00004037,M00085,2025-11-07 07:08:42,462.02,Gaming,Medium,Wallet,Success,
T00004038,M00044,2025-05-24 12:22:03,20167.76,Professional Services,Small,Net Banking,Success,
T00004039,M00014,2025-08-10 19:38:42,2764.38,E-commerce,Large,Credit Card,Success,
T00004040,M00048,2025-06-26 06:10:58,868.74,Food Delivery,Medium,Credit Card,Success,
T00004041,M00020,2025-02-12 13:41:04,7283.31,Healthcare,Small,Net Banking,Success,
T00004042,M00047,2025-12-12 04:57:35,573.88,Healthcare,Medium,UPI,Success,
T00004043,M00086,2025-04-13 03:51:52,1286.63,Food Delivery,Large,UPI,Success,
T00004044,M00062,2025-09-17 16:52:51,4610.93,Retail,Medium,Credit Card,Success,
T00004045,M00021,2025-05-18 08:55:12,3127.19,E-commerce,Small,UPI,Success,
T00004046,M00061,2025-01-29 20:59:43,4283.64,SaaS,Medium,UPI,Success,
T00004047,M00066,2025-07-16 22:08:36,1255.45,Education,Large,Net Banking,Success,
T00004048,M00043,2025-09-19 00:15:12,6780.61,Professional Services,Small,Wallet,Success,
T00004049,M00051,2025-10-02 11:56:41,2896.21,Retail,Medium,UPI,Success,
T00004050,M00058,2025-02-09 00:09:26,581.29,Food Delivery,Small,UPI,Success,
T00004051,M00089,2025-11-05 10:27:22,6232.63,Education,Small,UPI,Success,
T00004052,M00015,2025-11-22 07:19:27,2159.61,E-commerce,Medium,UPI,Success,
T00004053,M00047,2025-01-14 20:09:11,2348.37,Healthcare,Medium,UPI,Success,
T00004054,M00088,2025-08-16 17:06:58,591.54,Food Delivery,Small,UPI,Success,
T00004055,M00099,2025-03-27 12:30:06,3783.43,Retail,Small,Wallet,Success,
T00004056,M00003,2025-11-13 01:48:27,3279.24,Education,Small,Credit Card,Success,
T00004057,M00089,2025-07-12 21:49:32,7411.84,Education,Small,UPI,Success,
T00004058,M00031,2025-07-20 12:19:22,2048.56,Media,Small,Net Banking,Success,
T00004059,M00080,2025-10-19 01:20:34,849.28,Media,Small,Credit Card,Success,
T00004060,M00040,2025-08-26 08:57:25,16495.05,Professional Services,Small,Net Banking,Success,
T00004061,M00070,2025-03-11 04:09:08,1639.39,Food Delivery,Large,Debit Card,Success,
T00004062,M00019,2025-09-03 01:35:31,5165.14,E-commerce,Medium,Wallet,Success,
T00004063,M00007,2025-09-05 15:55:52,2323.16,Gaming,Small,Net Banking,Failed,Network Error
T00004064,M00098,2025-11-23 11:48:57,15424.56,SaaS,Medium,Credit Card,Success,
T00004065,M00059,2025-04-24 10:43:03,675.01,Retail,Medium,UPI,Success,
T00004066,M00094,2025-08-21 04:17:32,8113.49,SaaS,Small,UPI,Success,
T00004067,M00023,2025-07-06 18:51:47,6780.83,Healthcare,Small,Net Banking,Failed,Network Error
T00004068,M00056,2025-06-12 22:53:59,5922.83,E-commerce,Large,Credit Card,Failed,Network Error
T00004069,M00004,2025-04-07 01:54:00,1925.8,Education,Medium,UPI,Success,
T00004070,M00036,2025-05-04 20:25:08,751.04,Food Delivery,Medium,UPI,Success,
T00004071,M00076,2025-05-15 23:40:01,6497.72,Education,Small,Net Banking,Success,
T00004072,M00025,2025-07-07 20:46:18,624.09,Food Delivery,Small,UPI,Success,
T00004073,M00014,2025-12-02 13:08:58,2697.73,E-commerce,Large,Credit Card,Success,
T00004074,M00051,2025-04-23 23:39:58,3894.7,Retail,Medium,UPI,Success,
T00004075,M00038,2025-03-25 12:56:05,4511.9,Education,Small,Debit Card,Success,
T00004076,M00077,2025-10-27 17:41:05,5083.05,Professional Services,Medium,Credit Card,Success,
T00004077,M00070,2025-09-20 03:21:14,995.19,Food Delivery,Large,Debit Card,Success,
T00004078,M00095,2025-06-04 19:57:44,734.92,E-commerce,Small,Credit Card,Success,
T00004079,M00003,2025-01-22 05:13:11,3914.0,Education,Small,Credit Card,Success,
T00004080,M00077,2025-11-14 21:12:07,11314.87,Professional Services,Medium,Credit Card,Success,
T00004081,M00011,2025-06-23 20:16:23,4952.78,Education,Small,UPI,Success,
T00004082,M00033,2025-03-22 01:55:51,4874.1,E-commerce,Small,UPI,Success,
T00004083,M00093,2025-02-12 20:12:57,9857.96,SaaS,Small,Net Banking,Success,
T00004084,M00100,2025-08-23 22:38:49,611.06,E-commerce,Small,UPI,Success,
T00004085,M00091,2025-10-08 11:39:34,22094.1,Professional Services,Small,Net Banking,Success,
T00004086,M00095,2025-05-10 10:28:12,599.97,E-commerce,Small,Credit Card,Success,
T00004087,M00056,2025-10-25 19:29:09,4979.73,E-commerce,Large,Credit Card,Success,
T00004088,M00055,2025-03-23 17:39:39,11705.38,SaaS,Medium,Net Banking,Success,
T00004089,M00071,2025-03-19 01:35:35,4138.74,Retail,Small,Debit Card,Success,
T00004090,M00029,2025-10-06 18:34:19,3884.81,Retail,Small,Debit Card,Success,
T00004091,M00062,2025-11-08 04:31:16,4903.92,Retail,Medium,Credit Card,Success,
T00004092,M00040,2025-08-03 17:52:42,15669.33,Professional Services,Small,Net Banking,Success,
T00004093,M00012,2025-01-06 07:08:32,11344.25,SaaS,Medium,Net Banking,Failed,Insufficient Funds
T00004094,M00012,2025-07-14 18:18:44,10859.52,SaaS,Medium,Net Banking,Success,
T00004095,M00021,2025-07-08 07:35:42,3321.53,E-commerce,Small,UPI,Success,
T00004096,M00029,2025-09-03 06:31:26,4366.33,Retail,Small,Debit Card,Success,
T00004097,M00006,2025-04-07 01:05:04,4954.26,Retail,Small,UPI,Success,
T00004098,M00050,2025-05-27 17:52:48,13255.6,SaaS,Small,Wallet,Success,
T00004099,M00070,2025-02-20 22:48:32,1424.9,Food Delivery,Large,Debit Card,Success,
T00004100,M00031,2025-01-30 17:17:02,757.31,Media,Small,Net Banking,Success,
T00004101,M00025,2025-10-08 10:34:47,962.93,Food Delivery,Small,UPI,Success,
T00004102,M00090,2025-10-16 10:01:05,4947.87,Healthcare,Medium,Debit Card,Success,
T00004103,M00073,2025-08-23 21:48:51,4432.67,SaaS,Small,Net Banking,Success,
T00004104,M00037,2025-06-01 21:32:20,6758.08,Education,Medium,UPI,Success,
T00004105,M00054,2025-08-24 05:27:16,1306.85,Media,Small,Credit Card,Success,
T00004106,M00067,2025-10-16 17:46:01,306.89,Food Delivery,Medium,Credit Card,Success,
T00004107,M00076,2025-04-17 10:19:43,6653.96,Education,Small,Net Banking,Failed,Payment Timeout
T00004108,M00012,2025-07-03 01:46:11,11090.34,SaaS,Medium,Net Banking,Success,
T00004109,M00091,2025-06-16 19:33:08,28304.79,Professional Services,Small,Net Banking,Success,
T00004110,M00082,2025-07-07 17:08:38,9265.06,Education,Large,Debit Card,Success,
T00004111,M00084,2025-09-30 23:18:41,326.21,Food Delivery,Small,Net Banking,Success,
T00004112,M00050,2025-07-13 00:42:03,11435.53,SaaS,Small,Wallet,Success,
T00004113,M00061,2025-05-25 18:10:00,8350.03,SaaS,Medium,UPI,Success,
T00004114,M00097,2025-08-13 10:13:37,3829.34,Professional Services,Small,Credit Card,Failed,Authentication Failure
T00004115,M00072,2025-10-27 12:09:32,898.01,Media,Small,Credit Card,Success,
T00004116,M00083,2025-09-07 15:30:11,2024.21,Retail,Small,Debit Card,Success,
T00004117,M00039,2025-02-25 20:02:42,2563.12,Gaming,Small,UPI,Success,
T00004118,M00030,2025-03-07 17:34:39,615.39,E-commerce,Small,UPI,Success,
T00004119,M00007,2025-07-10 05:22:25,2647.92,Gaming,Small,Net Banking,Success,
T00004120,M00029,2025-11-22 11:22:56,3817.34,Retail,Small,Debit Card,Success,
T00004121,M00031,2025-10-08 19:09:01,2177.82,Media,Small,Net Banking,Success,
T00004122,M00034,2025-07-11 14:59:12,863.14,Gaming,Medium,Debit Card,Success,
T00004123,M00085,2025-05-01 22:58:14,399.47,Gaming,Medium,Wallet,Success,
T00004124,M00081,2025-09-25 13:55:23,185.54,Media,Small,UPI,Success,
T00004125,M00073,2025-06-07 21:10:26,4616.77,SaaS,Small,Net Banking,Success,
T00004126,M00074,2025-08-07 10:02:11,878.02,Gaming,Medium,Credit Card,Success,
T00004127,M00098,2025-07-31 21:15:20,2851.47,SaaS,Medium,Credit Card,Success,
T00004128,M00084,2025-06-29 04:17:56,418.5,Food Delivery,Small,Net Banking,Success,
T00004129,M00018,2025-07-19 18:50:43,4333.1,Professional Services,Small,Net Banking,Success,
T00004130,M00028,2025-12-24 18:29:22,1959.48,E-commerce,Small,UPI,Success,
T00004131,M00003,2025-09-29 13:32:03,4717.83,Education,Small,Credit Card,Success,
T00004132,M00049,2025-07-21 22:10:58,1551.22,Retail,Medium,Wallet,Success,
T00004133,M00044,2025-03-06 13:04:05,18188.81,Professional Services,Small,Net Banking,Success,
T00004134,M00035,2025-12-10 21:29:04,3006.15,Retail,Small,UPI,Success,
T00004135,M00046,2025-03-08 07:14:42,10279.26,Professional Services,Small,Net Banking,Success,
T00004136,M00038,2025-12-06 12:16:29,2376.94,Education,Small,Debit Card,Success,
T00004137,M00010,2025-06-05 02:43:50,2252.77,Retail,Medium,UPI,Failed,Technical Error
T00004138,M00069,2025-12-25 01:23:06,6667.59,Education,Small,Credit Card,Success,
T00004139,M00052,2025-04-16 06:54:22,14553.15,Travel,Medium,Credit Card,Success,
T00004140,M00043,2025-09-10 12:29:46,4974.63,Professional Services,Small,Wallet,Success,
T00004141,M00075,2025-04-23 16:49:48,469.87,E-commerce,Small,Wallet,Success,
T00004142,M00092,2025-10-05 11:23:16,4280.61,Healthcare,Medium,Debit Card,Success,
T00004143,M00027,2025-08-23 18:30:50,1589.34,E-commerce,Large,Credit Card,Failed,Technical Error
T00004144,M00055,2025-10-07 16:06:01,17513.47,SaaS,Medium,Net Banking,Failed,Bank Decline
T00004145,M00093,2025-03-05 18:48:39,3134.0,SaaS,Small,Net Banking,Success,
T00004146,M00022,2025-06-11 16:13:28,378.97,Food Delivery,Small,Wallet,Success,
T00004147,M00005,2025-07-02 17:19:00,44108.95,Travel,Small,Net Banking,Success,
T00004148,M00075,2025-03-14 21:15:08,785.96,E-commerce,Small,Wallet,Success,
T00004149,M00058,2025-02-06 10:43:31,1036.33,Food Delivery,Small,UPI,Success,
T00004150,M00074,2025-07-02 00:32:44,992.62,Gaming,Medium,Credit Card,Success,
T00004151,M00068,2025-01-26 22:21:36,1148.38,Retail,Medium,Debit Card,Success,
T00004152,M00082,2025-09-02 05:02:36,8473.86,Education,Large,Debit Card,Success,
T00004153,M00005,2025-03-16 19:32:28,23023.72,Travel,Small,Net Banking,Success,
T00004154,M00090,2025-08-15 23:38:24,14375.27,Healthcare,Medium,Debit Card,Success,
T00004155,M00083,2025-05-23 15:14:57,1233.22,Retail,Small,Debit Card,Success,
T00004156,M00013,2025-07-30 02:38:37,1906.23,E-commerce,Small,Debit Card,Success,
T00004157,M00064,2025-03-20 16:15:29,9017.5,Professional Services,Large,Net Banking,Success,
T00004158,M00006,2025-04-19 17:39:15,3597.55,Retail,Small,UPI,Success,
T00004159,M00060,2025-08-07 21:41:23,843.54,Food Delivery,Medium,Debit Card,Success,
T00004160,M00004,2025-10-25 12:08:38,2759.0,Education,Medium,UPI,Success,
T00004161,M00059,2025-08-12 13:30:00,859.95,Retail,Medium,UPI,Success,
T00004162,M00076,2025-11-10 12:34:38,4619.95,Education,Small,Net Banking,Success,
T00004163,M00034,2025-08-28 04:29:04,1259.73,Gaming,Medium,Debit Card,Success,
T00004164,M00069,2025-11-01 05:29:24,4652.21,Education,Small,Credit Card,Success,
T00004165,M00025,2025-03-26 01:23:57,1629.18,Food Delivery,Small,UPI,Success,
T00004166,M00092,2025-03-06 00:13:07,5706.58,Healthcare,Medium,Debit Card,Success,
T00004167,M00024,2025-01-01 02:18:03,586.52,Gaming,Small,Credit Card,Success,
T00004168,M00009,2025-07-18 17:26:19,1272.96,Gaming,Small,Credit Card,Success,
T00004169,M00053,2025-06-15 05:04:07,3647.25,Education,Small,Net Banking,Success,
T00004170,M00096,2025-02-15 13:16:57,1313.4,Gaming,Small,UPI,Success,
T00004171,M00055,2025-06-02 17:19:28,10336.79,SaaS,Medium,Net Banking,Success,
T00004172,M00019,2025-05-02 01:49:51,5610.42,E-commerce,Medium,Wallet,Success,
T00004173,M00022,2025-05-04 02:23:32,161.6,Food Delivery,Small,Wallet,Success,
T00004174,M00075,2025-03-06 12:18:58,517.85,E-commerce,Small,Wallet,Failed,Network Error
T00004175,M00091,2025-10-04 06:14:27,20555.94,Professional Services,Small,Net Banking,Success,
T00004176,M00019,2025-09-27 22:47:57,5820.85,E-commerce,Medium,Wallet,Success,
T00004177,M00049,2025-09-24 04:05:20,2122.33,Retail,Medium,Wallet,Success,
T00004178,M00071,2025-03-11 03:11:45,3799.0,Retail,Small,Debit Card,Success,
T00004179,M00077,2025-05-23 00:27:05,10058.22,Professional Services,Medium,Credit Card,Success,
T00004180,M00074,2025-06-14 16:41:34,629.26,Gaming,Medium,Credit Card,Success,
T00004181,M00037,2025-08-06 09:39:30,10713.23,Education,Medium,UPI,Success,
T00004182,M00100,2025-05-26 07:51:05,371.02,E-commerce,Small,UPI,Success,
T00004183,M00078,2025-10-18 08:24:09,15676.95,SaaS,Medium,Net Banking,Success,
T00004184,M00037,2025-03-17 16:29:36,7190.96,Education,Medium,UPI,Success,
T00004185,M00078,2025-05-01 13:03:03,8999.45,SaaS,Medium,Net Banking,Success,
T00004186,M00076,2025-07-15 06:22:25,12135.51,Education,Small,Net Banking,Failed,Payment Timeout
T00004187,M00063,2025-04-17 00:48:13,6150.85,Healthcare,Small,Credit Card,Success,
T00004188,M00054,2025-01-18 01:20:22,1029.39,Media,Small,Credit Card,Failed,Technical Error
T00004189,M00091,2025-04-09 06:29:04,16855.61,Professional Services,Small,Net Banking,Success,
T00004190,M00029,2025-01-12 19:35:43,4520.35,Retail,Small,Debit Card,Success,
T00004191,M00073,2025-12-27 05:37:26,2366.53,SaaS,Small,Net Banking,Success,
T00004192,M00071,2025-03-09 11:39:46,2833.3,Retail,Small,Debit Card,Success,
T00004193,M00074,2025-12-06 19:00:08,819.95,Gaming,Medium,Credit Card,Success,
T00004194,M00035,2025-05-24 12:18:18,1335.2,Retail,Small,UPI,Success,
T00004195,M00043,2025-12-14 07:09:18,4716.6,Professional Services,Small,Wallet,Success,
T00004196,M00043,2025-11-27 11:21:52,2869.86,Professional Services,Small,Wallet,Success,
T00004197,M00033,2025-06-12 22:41:59,4335.49,E-commerce,Small,UPI,Success,
T00004198,M00029,2025-10-03 23:11:13,3566.52,Retail,Small,Debit Card,Success,
T00004199,M00032,2025-02-07 20:32:13,3070.53,Retail,Medium,Credit Card,Success,
T00004200,M00038,2025-09-12 10:01:23,2608.99,Education,Small,Debit Card,Success,
T00004201,M00009,2025-01-07 11:25:01,629.87,Gaming,Small,Credit Card,Success,
T00004202,M00090,2025-12-15 15:30:37,12883.87,Healthcare,Medium,Debit Card,Success,
T00004203,M00068,2025-12-18 17:57:59,2195.01,Retail,Medium,Debit Card,Success,
T00004204,M00096,2025-01-06 12:05:06,1634.54,Gaming,Small,UPI,Success,
T00004205,M00019,2025-06-06 13:50:43,2859.1,E-commerce,Medium,Wallet,Success,
T00004206,M00093,2025-03-16 22:19:49,8666.39,SaaS,Small,Net Banking,Success,
T00004207,M00006,2025-07-14 18:33:29,3801.05,Retail,Small,UPI,Success,
T00004208,M00025,2025-01-18 06:50:55,1331.85,Food Delivery,Small,UPI,Success,
T00004209,M00088,2025-03-19 03:51:48,602.92,Food Delivery,Small,UPI,Success,
T00004210,M00067,2025-11-24 01:09:53,369.64,Food Delivery,Medium,Credit Card,Success,
T00004211,M00024,2025-01-02 06:03:12,700.81,Gaming,Small,Credit Card,Success,
T00004212,M00016,2025-07-01 01:47:10,1377.65,Retail,Medium,Debit Card,Success,
T00004213,M00028,2025-09-28 09:54:48,3744.68,E-commerce,Small,UPI,Success,
T00004214,M00088,2025-12-23 12:29:00,924.8,Food Delivery,Small,UPI,Success,
T00004215,M00024,2025-10-11 07:54:08,1002.78,Gaming,Small,Credit Card,Success,
T00004216,M00071,2025-01-08 19:24:51,2993.17,Retail,Small,Debit Card,Success,
T00004217,M00016,2025-11-03 07:33:31,1448.8,Retail,Medium,Debit Card,Success,
T00004218,M00076,2025-12-07 16:04:53,7889.1,Education,Small,Net Banking,Success,
T00004219,M00075,2025-04-06 19:42:36,493.22,E-commerce,Small,Wallet,Success,
T00004220,M00044,2025-12-02 18:31:29,21642.05,Professional Services,Small,Net Banking,Success,
T00004221,M00054,2025-10-21 12:52:11,961.17,Media,Small,Credit Card,Success,
T00004222,M00094,2025-04-22 11:44:50,8637.96,SaaS,Small,UPI,Success,
T00004223,M00069,2025-02-24 12:51:57,4728.67,Education,Small,Credit Card,Success,
T00004224,M00071,2025-04-16 22:40:29,2311.15,Retail,Small,Debit Card,Success,
T00004225,M00093,2025-03-10 18:48:15,8716.96,SaaS,Small,Net Banking,Success,
T00004226,M00093,2025-02-05 21:20:34,6870.26,SaaS,Small,Net Banking,Success,
T00004227,M00043,2025-08-13 17:50:21,3497.59,Professional Services,Small,Wallet,Success,
T00004228,M00066,2025-11-19 03:30:03,2098.81,Education,Large,Net Banking,Success,
T00004229,M00036,2025-11-20 00:17:22,1162.49,Food Delivery,Medium,UPI,Success,
T00004230,M00084,2025-03-02 11:16:06,687.33,Food Delivery,Small,Net Banking,Success,
T00004231,M00054,2025-03-23 19:31:10,1293.48,Media,Small,Credit Card,Success,
T00004232,M00005,2025-09-22 20:51:58,24862.17,Travel,Small,Net Banking,Success,
T00004233,M00090,2025-03-22 13:32:44,5270.98,Healthcare,Medium,Debit Card,Success,
T00004234,M00017,2025-10-16 14:29:24,17786.48,Professional Services,Small,Credit Card,Success,
T00004235,M00068,2025-02-05 05:55:16,1179.42,Retail,Medium,Debit Card,Success,
T00004236,M00046,2025-04-12 07:15:36,13593.16,Professional Services,Small,Net Banking,Success,
T00004237,M00072,2025-02-14 18:39:25,503.44,Media,Small,Credit Card,Success,
T00004238,M00002,2025-07-01 11:03:23,879.93,Retail,Small,UPI,Success,
T00004239,M00064,2025-05-25 13:55:36,4656.85,Professional Services,Large,Net Banking,Success,
T00004240,M00077,2025-05-06 04:43:30,6329.81,Professional Services,Medium,Credit Card,Success,
T00004241,M00070,2025-09-02 11:06:18,672.2,Food Delivery,Large,Debit Card,Success,
T00004242,M00026,2025-07-04 15:56:35,2629.77,Retail,Medium,Credit Card,Success,
T00004243,M00095,2025-09-09 14:41:29,669.04,E-commerce,Small,Credit Card,Success,
T00004244,M00066,2025-03-05 04:53:57,1342.88,Education,Large,Net Banking,Success,
T00004245,M00046,2025-03-14 07:08:37,13888.26,Professional Services,Small,Net Banking,Success,
T00004246,M00058,2025-08-19 12:31:03,950.65,Food Delivery,Small,UPI,Success,
T00004247,M00036,2025-06-18 22:12:00,825.28,Food Delivery,Medium,UPI,Success,
T00004248,M00074,2025-10-08 22:19:11,702.05,Gaming,Medium,Credit Card,Success,
T00004249,M00048,2025-05-12 05:15:13,529.6,Food Delivery,Medium,Credit Card,Success,
T00004250,M00042,2025-12-27 18:48:36,10213.56,Healthcare,Small,Debit Card,Success,
T00004251,M00035,2025-10-24 09:17:16,3113.98,Retail,Small,UPI,Success,
T00004252,M00037,2025-06-15 09:37:18,5254.18,Education,Medium,UPI,Success,
T00004253,M00034,2025-08-13 06:34:41,1422.75,Gaming,Medium,Debit Card,Success,
T00004254,M00066,2025-12-25 04:57:31,1573.47,Education,Large,Net Banking,Success,
T00004255,M00062,2025-08-20 19:03:21,7230.94,Retail,Medium,Credit Card,Success,
T00004256,M00089,2025-08-09 14:02:03,6523.92,Education,Small,UPI,Success,
T00004257,M00074,2025-02-20 10:40:12,769.5,Gaming,Medium,Credit Card,Success,
T00004258,M00076,2025-02-05 02:34:35,4201.56,Education,Small,Net Banking,Success,
T00004259,M00014,2025-10-25 09:59:19,4580.96,E-commerce,Large,Credit Card,Success,
T00004260,M00073,2025-06-28 20:59:19,4818.52,SaaS,Small,Net Banking,Success,
T00004261,M00026,2025-02-27 06:42:57,1852.24,Retail,Medium,Credit Card,Success,
T00004262,M00054,2025-03-13 16:32:15,1152.08,Media,Small,Credit Card,Success,
T00004263,M00069,2025-03-20 23:05:53,3677.04,Education,Small,Credit Card,Success,
T00004264,M00074,2025-08-04 16:13:14,1257.6,Gaming,Medium,Credit Card,Success,
T00004265,M00064,2025-05-26 08:20:08,9206.65,Professional Services,Large,Net Banking,Success,
T00004266,M00033,2025-08-02 12:46:42,4050.44,E-commerce,Small,UPI,Success,
T00004267,M00083,2025-09-29 09:05:57,1698.07,Retail,Small,Debit Card,Success,
T00004268,M00046,2025-06-29 23:59:01,18392.83,Professional Services,Small,Net Banking,Success,
T00004269,M00042,2025-10-24 08:11:56,12430.97,Healthcare,Small,Debit Card,Success,
T00004270,M00039,2025-12-30 05:16:38,1679.94,Gaming,Small,UPI,Success,
T00004271,M00005,2025-10-28 07:18:34,22307.26,Travel,Small,Net Banking,Success,
T00004272,M00067,2025-12-05 22:00:09,629.22,Food Delivery,Medium,Credit Card,Success,
T00004273,M00016,2025-06-02 22:57:05,740.73,Retail,Medium,Debit Card,Success,
T00004274,M00044,2025-08-16 17:54:50,14304.15,Professional Services,Small,Net Banking,Success,
T00004275,M00092,2025-12-10 22:16:46,2655.1,Healthcare,Medium,Debit Card,Success,
T00004276,M00071,2025-05-12 23:38:25,1784.26,Retail,Small,Debit Card,Success,
T00004277,M00090,2025-01-01 14:50:03,5707.91,Healthcare,Medium,Debit Card,Success,
T00004278,M00056,2025-09-08 17:12:58,3346.9,E-commerce,Large,Credit Card,Success,
T00004279,M00018,2025-07-14 03:52:07,8707.52,Professional Services,Small,Net Banking,Success,
T00004280,M00099,2025-05-12 21:10:37,5058.69,Retail,Small,Wallet,Success,
T00004281,M00070,2025-03-11 20:33:45,885.99,Food Delivery,Large,Debit Card,Success,
T00004282,M00057,2025-11-15 22:50:16,10948.16,Healthcare,Medium,Credit Card,Success,
T00004283,M00034,2025-04-12 08:52:40,1969.87,Gaming,Medium,Debit Card,Success,
T00004284,M00087,2025-09-22 23:52:03,1728.92,Media,Small,Wallet,Success,
T00004285,M00014,2025-02-11 08:00:16,3426.7,E-commerce,Large,Credit Card,Success,
T00004286,M00007,2025-02-09 09:09:50,3037.69,Gaming,Small,Net Banking,Success,
T00004287,M00012,2025-06-07 01:58:00,10880.66,SaaS,Medium,Net Banking,Success,
T00004288,M00060,2025-08-12 04:25:35,564.2,Food Delivery,Medium,Debit Card,Success,
T00004289,M00007,2025-09-24 12:46:01,1974.62,Gaming,Small,Net Banking,Failed,Authentication Failure
T00004290,M00047,2025-06-14 01:35:06,1840.26,Healthcare,Medium,UPI,Success,
T00004291,M00044,2025-04-28 15:44:26,8511.43,Professional Services,Small,Net Banking,Success,
T00004292,M00064,2025-11-10 10:57:03,9579.1,Professional Services,Large,Net Banking,Success,
T00004293,M00010,2025-06-24 20:49:12,934.96,Retail,Medium,UPI,Success,
T00004294,M00086,2025-11-24 20:13:11,1121.87,Food Delivery,Large,UPI,Success,
T00004295,M00032,2025-05-22 16:45:30,3049.6,Retail,Medium,Credit Card,Success,
T00004296,M00048,2025-10-23 00:05:08,850.95,Food Delivery,Medium,Credit Card,Success,
T00004297,M00012,2025-09-20 00:50:09,11047.03,SaaS,Medium,Net Banking,Failed,Technical Error
T00004298,M00065,2025-08-18 04:37:29,1536.68,E-commerce,Large,Debit Card,Success,
T00004299,M00081,2025-07-19 23:10:52,509.24,Media,Small,UPI,Success,
T00004300,M00094,2025-01-19 20:27:32,6441.8,SaaS,Small,UPI,Success,
T00004301,M00001,2025-01-16 11:22:37,477.25,Food Delivery,Small,UPI,Success,
T00004302,M00094,2025-12-12 07:37:37,14442.27,SaaS,Small,UPI,Success,
T00004303,M00015,2025-05-24 10:05:31,2208.47,E-commerce,Medium,UPI,Success,
T00004304,M00082,2025-11-15 03:12:42,8229.31,Education,Large,Debit Card,Success,
T00004305,M00058,2025-04-14 18:48:56,1574.52,Food Delivery,Small,UPI,Success,
T00004306,M00094,2025-05-07 01:47:40,14598.71,SaaS,Small,UPI,Success,
T00004307,M00031,2025-01-14 19:57:23,1315.21,Media,Small,Net Banking,Success,
T00004308,M00062,2025-10-14 20:59:58,3572.83,Retail,Medium,Credit Card,Success,
T00004309,M00031,2025-03-10 01:17:45,1911.59,Media,Small,Net Banking,Success,
T00004310,M00077,2025-09-03 19:14:31,8154.69,Professional Services,Medium,Credit Card,Success,
T00004311,M00059,2025-12-13 16:43:21,713.92,Retail,Medium,UPI,Success,
T00004312,M00009,2025-04-05 19:11:00,1451.45,Gaming,Small,Credit Card,Success,
T00004313,M00013,2025-12-17 21:58:49,3029.72,E-commerce,Small,Debit Card,Success,
T00004314,M00098,2025-06-28 00:46:48,6885.62,SaaS,Medium,Credit Card,Success,
T00004315,M00089,2025-05-07 20:01:30,6815.09,Education,Small,UPI,Failed,Technical Error
T00004316,M00058,2025-11-12 12:49:46,1573.26,Food Delivery,Small,UPI,Success,
T00004317,M00092,2025-05-29 07:41:13,2290.11,Healthcare,Medium,Debit Card,Success,
T00004318,M00002,2025-09-05 06:51:24,886.38,Retail,Small,UPI,Success,
T00004319,M00002,2025-06-14 02:15:51,778.53,Retail,Small,UPI,Success,
T00004320,M00054,2025-10-08 05:44:35,1089.57,Media,Small,Credit Card,Success,
T00004321,M00067,2025-12-09 21:27:39,817.92,Food Delivery,Medium,Credit Card,Failed,Bank Decline
T00004322,M00092,2025-08-10 17:07:41,5806.0,Healthcare,Medium,Debit Card,Success,
T00004323,M00012,2025-04-28 18:02:31,7722.75,SaaS,Medium,Net Banking,Success,
T00004324,M00006,2025-09-27 14:56:43,2503.41,Retail,Small,UPI,Success,
T00004325,M00001,2025-05-26 08:08:09,310.05,Food Delivery,Small,UPI,Success,
T00004326,M00026,2025-04-17 17:11:53,1590.34,Retail,Medium,Credit Card,Success,
T00004327,M00094,2025-10-30 06:21:55,13260.62,SaaS,Small,UPI,Success,
T00004328,M00083,2025-06-04 19:52:46,2085.66,Retail,Small,Debit Card,Success,
T00004329,M00076,2025-09-21 09:21:32,7623.59,Education,Small,Net Banking,Success,
T00004330,M00004,2025-10-31 17:14:22,2149.9,Education,Medium,UPI,Success,
T00004331,M00007,2025-02-20 09:30:56,2803.93,Gaming,Small,Net Banking,Success,
T00004332,M00020,2025-09-04 13:17:34,11286.9,Healthcare,Small,Net Banking,Success,
T00004333,M00044,2025-03-27 22:53:10,16328.02,Professional Services,Small,Net Banking,Success,
T00004334,M00028,2025-08-26 10:31:59,3443.86,E-commerce,Small,UPI,Success,
T00004335,M00097,2025-10-04 12:38:03,5398.89,Professional Services,Small,Credit Card,Success,
T00004336,M00050,2025-08-20 03:57:10,9458.43,SaaS,Small,Wallet,Success,
T00004337,M00030,2025-06-01 02:06:39,1604.15,E-commerce,Small,UPI,Success,
T00004338,M00093,2025-05-05 03:17:12,7498.54,SaaS,Small,Net Banking,Success,
T00004339,M00094,2025-06-22 13:57:01,15608.03,SaaS,Small,UPI,Success,
T00004340,M00004,2025-07-26 16:50:23,3091.31,Education,Medium,UPI,Success,
T00004341,M00079,2025-09-19 08:41:01,179.99,Food Delivery,Large,Credit Card,Success,
T00004342,M00091,2025-08-10 21:01:32,20446.28,Professional Services,Small,Net Banking,Failed,Technical Error
T00004343,M00046,2025-07-08 22:52:03,10291.91,Professional Services,Small,Net Banking,Success,
T00004344,M00052,2025-07-25 16:09:10,22122.55,Travel,Medium,Credit Card,Success,
T00004345,M00076,2025-04-24 07:59:16,7687.6,Education,Small,Net Banking,Success,
T00004346,M00096,2025-03-02 13:05:52,1144.47,Gaming,Small,UPI,Success,
T00004347,M00085,2025-03-06 18:04:34,299.81,Gaming,Medium,Wallet,Success,
T00004348,M00089,2025-10-25 01:45:32,5621.06,Education,Small,UPI,Success,
T00004349,M00012,2025-04-21 06:01:29,7212.4,SaaS,Medium,Net Banking,Success,
T00004350,M00047,2025-12-24 17:59:06,1474.22,Healthcare,Medium,UPI,Success,
T00004351,M00099,2025-05-27 23:12:44,2307.49,Retail,Small,Wallet,Success,
T00004352,M00089,2025-03-26 18:45:13,4912.87,Education,Small,UPI,Success,
T00004353,M00069,2025-02-12 23:10:19,5486.82,Education,Small,Credit Card,Success,
T00004354,M00035,2025-10-29 23:03:18,1756.55,Retail,Small,UPI,Failed,Authentication Failure
T00004355,M00010,2025-08-02 15:01:38,1136.31,Retail,Medium,UPI,Success,
T00004356,M00036,2025-08-21 17:24:04,1094.22,Food Delivery,Medium,UPI,Success,
T00004357,M00039,2025-10-27 05:34:38,1789.5,Gaming,Small,UPI,Success,
T00004358,M00068,2025-09-03 21:07:48,1644.26,Retail,Medium,Debit Card,Success,
T00004359,M00085,2025-05-04 09:52:42,260.53,Gaming,Medium,Wallet,Success,
T00004360,M00027,2025-06-06 21:14:08,1584.95,E-commerce,Large,Credit Card,Success,
T00004361,M00030,2025-06-30 03:59:28,2183.86,E-commerce,Small,UPI,Success,
T00004362,M00005,2025-12-06 04:08:11,41906.32,Travel,Small,Net Banking,Success,
T00004363,M00018,2025-04-23 00:09:20,12631.16,Professional Services,Small,Net Banking,Success,
T00004364,M00018,2025-09-12 20:08:23,8169.14,Professional Services,Small,Net Banking,Success,
T00004365,M00039,2025-12-19 08:28:14,2607.29,Gaming,Small,UPI,Success,
T00004366,M00031,2025-06-12 10:33:18,2105.97,Media,Small,Net Banking,Success,
T00004367,M00084,2025-09-05 03:50:06,506.03,Food Delivery,Small,Net Banking,Success,
T00004368,M00100,2025-07-15 11:40:00,732.16,E-commerce,Small,UPI,Failed,Payment Timeout
T00004369,M00005,2025-08-10 14:14:05,23138.75,Travel,Small,Net Banking,Success,
T00004370,M00067,2025-04-08 01:37:00,145.27,Food Delivery,Medium,Credit Card,Success,
T00004371,M00091,2025-08-31 22:02:13,14913.83,Professional Services,Small,Net Banking,Success,
T00004372,M00072,2025-10-16 12:56:21,889.9,Media,Small,Credit Card,Success,
T00004373,M00077,2025-11-03 18:12:50,5993.88,Professional Services,Medium,Credit Card,Success,
T00004374,M00085,2025-11-27 05:27:15,283.96,Gaming,Medium,Wallet,Success,
T00004375,M00072,2025-06-27 18:42:55,508.11,Media,Small,Credit Card,Success,
T00004376,M00055,2025-12-30 22:47:10,19005.24,SaaS,Medium,Net Banking,Success,
T00004377,M00090,2025-03-19 14:08:02,8254.12,Healthcare,Medium,Debit Card,Success,
T00004378,M00012,2025-03-22 09:26:51,13116.16,SaaS,Medium,Net Banking,Success,
T00004379,M00048,2025-06-28 07:59:17,768.35,Food Delivery,Medium,Credit Card,Failed,Bank Decline
T00004380,M00018,2025-06-29 04:37:03,11365.35,Professional Services,Small,Net Banking,Success,
T00004381,M00027,2025-02-13 04:03:39,1895.3,E-commerce,Large,Credit Card,Success,
T00004382,M00029,2025-12-19 23:21:46,1887.16,Retail,Small,Debit Card,Success,
T00004383,M00070,2025-06-29 12:07:48,1112.42,Food Delivery,Large,Debit Card,Success,
T00004384,M00028,2025-09-22 20:55:14,2085.82,E-commerce,Small,UPI,Success,
T00004385,M00016,2025-12-03 17:36:36,674.74,Retail,Medium,Debit Card,Success,
T00004386,M00084,2025-11-01 02:29:14,400.61,Food Delivery,Small,Net Banking,Success,
T00004387,M00025,2025-04-11 23:38:53,1430.3,Food Delivery,Small,UPI,Success,
T00004388,M00016,2025-08-24 17:26:05,762.43,Retail,Medium,Debit Card,Success,
T00004389,M00070,2025-07-27 10:49:58,1054.72,Food Delivery,Large,Debit Card,Success,
T00004390,M00062,2025-01-24 05:14:54,2914.77,Retail,Medium,Credit Card,Success,
T00004391,M00080,2025-06-04 17:19:36,973.2,Media,Small,Credit Card,Success,
T00004392,M00091,2025-06-05 02:57:07,9846.02,Professional Services,Small,Net Banking,Success,
T00004393,M00046,2025-07-18 16:04:55,10757.07,Professional Services,Small,Net Banking,Success,
T00004394,M00003,2025-02-10 05:50:11,3172.6,Education,Small,Credit Card,Success,
T00004395,M00074,2025-04-12 22:40:08,1080.44,Gaming,Medium,Credit Card,Success,
T00004396,M00030,2025-10-08 09:28:25,1563.13,E-commerce,Small,UPI,Success,
T00004397,M00002,2025-06-10 08:26:31,836.86,Retail,Small,UPI,Success,
T00004398,M00068,2025-07-07 10:04:27,1279.6,Retail,Medium,Debit Card,Success,
T00004399,M00068,2025-02-07 17:16:37,1154.58,Retail,Medium,Debit Card,Success,
T00004400,M00017,2025-10-03 09:07:53,15045.56,Professional Services,Small,Credit Card,Success,
T00004401,M00030,2025-04-06 01:02:03,2612.93,E-commerce,Small,UPI,Success,
T00004402,M00031,2025-05-09 09:59:09,1243.36,Media,Small,Net Banking,Success,
T00004403,M00095,2025-09-29 16:23:14,570.67,E-commerce,Small,Credit Card,Success,
T00004404,M00067,2025-02-24 09:05:24,641.54,Food Delivery,Medium,Credit Card,Success,
T00004405,M00042,2025-04-23 00:21:59,15912.97,Healthcare,Small,Debit Card,Success,
T00004406,M00001,2025-10-05 05:07:38,419.65,Food Delivery,Small,UPI,Success,
T00004407,M00005,2025-10-06 00:04:53,31011.95,Travel,Small,Net Banking,Success,
T00004408,M00062,2025-06-20 19:48:51,5768.07,Retail,Medium,Credit Card,Success,
T00004409,M00010,2025-03-01 23:29:49,1923.61,Retail,Medium,UPI,Success,
T00004410,M00025,2025-04-24 12:44:23,602.65,Food Delivery,Small,UPI,Success,
T00004411,M00002,2025-04-10 22:15:48,878.6,Retail,Small,UPI,Success,
T00004412,M00058,2025-04-28 15:45:35,1327.26,Food Delivery,Small,UPI,Success,
T00004413,M00059,2025-01-05 16:28:11,791.77,Retail,Medium,UPI,Success,
T00004414,M00095,2025-07-20 17:05:33,854.03,E-commerce,Small,Credit Card,Success,
T00004415,M00097,2025-08-29 04:27:53,12004.48,Professional Services,Small,Credit Card,Success,
T00004416,M00065,2025-08-17 00:29:55,797.01,E-commerce,Large,Debit Card,Success,
T00004417,M00003,2025-05-03 01:27:11,2945.89,Education,Small,Credit Card,Success,
T00004418,M00054,2025-09-09 19:18:25,938.23,Media,Small,Credit Card,Success,
T00004419,M00025,2025-07-23 23:33:44,736.06,Food Delivery,Small,UPI,Success,
T00004420,M00081,2025-09-17 17:09:12,446.01,Media,Small,UPI,Success,
T00004421,M00051,2025-05-13 23:05:30,3937.12,Retail,Medium,UPI,Success,
T00004422,M00094,2025-08-25 08:56:50,13986.06,SaaS,Small,UPI,Success,
T00004423,M00065,2025-11-03 12:34:09,1730.24,E-commerce,Large,Debit Card,Success,
T00004424,M00043,2025-08-10 03:16:01,5999.54,Professional Services,Small,Wallet,Success,
T00004425,M00011,2025-12-18 23:20:49,11053.84,Education,Small,UPI,Success,
T00004426,M00010,2025-11-02 21:45:36,2033.82,Retail,Medium,UPI,Success,
T00004427,M00022,2025-03-30 16:34:29,408.27,Food Delivery,Small,Wallet,Success,
T00004428,M00010,2025-09-01 06:29:24,1401.32,Retail,Medium,UPI,Success,
T00004429,M00089,2025-05-08 23:18:11,5882.88,Education,Small,UPI,Failed,Technical Error
T00004430,M00043,2025-07-28 19:59:54,5224.19,Professional Services,Small,Wallet,Success,
T00004431,M00087,2025-11-06 21:07:58,2566.35,Media,Small,Wallet,Success,
T00004432,M00029,2025-04-10 10:45:52,4651.04,Retail,Small,Debit Card,Success,
T00004433,M00015,2025-03-12 22:44:39,1860.38,E-commerce,Medium,UPI,Success,
T00004434,M00043,2025-09-25 19:53:12,3146.96,Professional Services,Small,Wallet,Success,
T00004435,M00022,2025-03-10 21:46:25,579.77,Food Delivery,Small,Wallet,Success,
T00004436,M00082,2025-02-05 11:31:45,7133.9,Education,Large,Debit Card,Success,
T00004437,M00032,2025-10-12 19:11:54,2806.98,Retail,Medium,Credit Card,Success,
T00004438,M00089,2025-07-22 22:35:26,6990.59,Education,Small,UPI,Success,
T00004439,M00066,2025-03-22 16:12:10,1594.2,Education,Large,Net Banking,Success,
T00004440,M00063,2025-06-30 07:19:19,6942.85,Healthcare,Small,Credit Card,Success,
T00004441,M00075,2025-12-09 09:29:13,618.2,E-commerce,Small,Wallet,Success,
T00004442,M00080,2025-03-18 06:49:17,588.31,Media,Small,Credit Card,Success,
T00004443,M00035,2025-06-21 14:47:18,2240.45,Retail,Small,UPI,Success,
T00004444,M00095,2025-03-25 11:53:19,635.08,E-commerce,Small,Credit Card,Success,
T00004445,M00023,2025-04-27 11:50:19,4620.13,Healthcare,Small,Net Banking,Success,
T00004446,M00008,2025-02-13 07:28:41,11561.65,Travel,Small,Credit Card,Success,
T00004447,M00081,2025-06-21 21:43:14,443.86,Media,Small,UPI,Success,
T00004448,M00012,2025-08-27 14:44:48,8629.62,SaaS,Medium,Net Banking,Success,
T00004449,M00057,2025-01-01 04:36:53,9824.91,Healthcare,Medium,Credit Card,Success,
T00004450,M00062,2025-09-03 02:32:28,5556.02,Retail,Medium,Credit Card,Success,
T00004451,M00013,2025-07-17 00:18:47,1836.15,E-commerce,Small,Debit Card,Success,
T00004452,M00092,2025-04-13 14:31:17,4524.27,Healthcare,Medium,Debit Card,Success,
T00004453,M00092,2025-04-07 17:03:11,3331.65,Healthcare,Medium,Debit Card,Success,
T00004454,M00014,2025-09-01 02:00:47,5381.46,E-commerce,Large,Credit Card,Success,
T00004455,M00052,2025-10-21 20:08:13,32754.1,Travel,Medium,Credit Card,Success,
T00004456,M00047,2025-07-17 21:19:51,1482.5,Healthcare,Medium,UPI,Success,
T00004457,M00100,2025-03-05 08:29:23,859.46,E-commerce,Small,UPI,Success,
T00004458,M00063,2025-02-06 17:26:14,7256.25,Healthcare,Small,Credit Card,Success,
T00004459,M00060,2025-06-22 02:54:28,442.31,Food Delivery,Medium,Debit Card,Success,
T00004460,M00002,2025-03-17 04:26:27,1273.93,Retail,Small,UPI,Success,
T00004461,M00096,2025-10-24 06:18:07,1755.07,Gaming,Small,UPI,Success,
T00004462,M00032,2025-10-25 15:33:25,3346.9,Retail,Medium,Credit Card,Success,
T00004463,M00005,2025-02-09 23:15:25,18279.56,Travel,Small,Net Banking,Success,
T00004464,M00007,2025-09-18 22:26:34,1092.95,Gaming,Small,Net Banking,Success,
T00004465,M00004,2025-03-02 17:38:21,2313.03,Education,Medium,UPI,Success,
T00004466,M00082,2025-03-03 08:08:13,8289.64,Education,Large,Debit Card,Success,
T00004467,M00068,2025-03-03 00:34:57,1238.96,Retail,Medium,Debit Card,Success,
T00004468,M00060,2025-08-20 03:56:32,780.26,Food Delivery,Medium,Debit Card,Success,
T00004469,M00058,2025-10-30 19:50:33,1358.55,Food Delivery,Small,UPI,Success,
T00004470,M00020,2025-12-29 20:35:11,6670.45,Healthcare,Small,Net Banking,Success,
T00004471,M00005,2025-04-28 21:55:33,20733.27,Travel,Small,Net Banking,Success,
T00004472,M00032,2025-11-19 00:59:44,3162.36,Retail,Medium,Credit Card,Success,
T00004473,M00060,2025-06-24 15:34:52,509.13,Food Delivery,Medium,Debit Card,Success,
T00004474,M00065,2025-01-03 04:52:18,2056.0,E-commerce,Large,Debit Card,Success,
T00004475,M00036,2025-06-06 22:18:32,1108.94,Food Delivery,Medium,UPI,Success,
T00004476,M00076,2025-02-24 08:14:41,8477.84,Education,Small,Net Banking,Failed,Network Error
T00004477,M00099,2025-01-08 13:33:47,4604.31,Retail,Small,Wallet,Success,
T00004478,M00046,2025-04-10 09:26:03,11296.47,Professional Services,Small,Net Banking,Success,
T00004479,M00100,2025-05-26 01:02:27,925.67,E-commerce,Small,UPI,Success,
T00004480,M00004,2025-08-05 17:34:20,2186.44,Education,Medium,UPI,Success,
T00004481,M00045,2025-03-19 11:01:43,2883.14,Media,Small,Wallet,Success,
T00004482,M00040,2025-04-17 09:31:13,7572.98,Professional Services,Small,Net Banking,Success,
T00004483,M00037,2025-04-05 10:12:31,9086.67,Education,Medium,UPI,Success,
T00004484,M00077,2025-08-19 06:36:13,10745.19,Professional Services,Medium,Credit Card,Success,
T00004485,M00042,2025-01-18 20:45:02,10460.0,Healthcare,Small,Debit Card,Failed,Technical Error
T00004486,M00057,2025-07-09 03:33:15,6973.72,Healthcare,Medium,Credit Card,Success,
T00004487,M00052,2025-08-24 14:53:56,22464.57,Travel,Medium,Credit Card,Success,
T00004488,M00033,2025-05-14 02:07:13,3810.64,E-commerce,Small,UPI,Success,
T00004489,M00002,2025-05-24 11:30:45,712.39,Retail,Small,UPI,Success,
T00004490,M00099,2025-12-09 02:06:52,4641.78,Retail,Small,Wallet,Success,
T00004491,M00098,2025-05-07 00:59:00,17583.2,SaaS,Medium,Credit Card,Success,
T00004492,M00002,2025-12-06 09:48:36,857.47,Retail,Small,UPI,Success,
T00004493,M00060,2025-04-27 01:32:10,387.09,Food Delivery,Medium,Debit Card,Success,
T00004494,M00086,2025-05-08 07:42:35,934.12,Food Delivery,Large,UPI,Success,
T00004495,M00039,2025-10-24 05:41:29,1570.4,Gaming,Small,UPI,Success,
T00004496,M00029,2025-09-25 19:15:34,2773.53,Retail,Small,Debit Card,Success,
T00004497,M00053,2025-10-27 20:30:00,4541.74,Education,Small,Net Banking,Success,
T00004498,M00067,2025-10-15 00:31:19,205.79,Food Delivery,Medium,Credit Card,Success,
T00004499,M00068,2025-11-28 10:34:30,991.5,Retail,Medium,Debit Card,Success,
T00004500,M00071,2025-03-25 10:12:02,3678.15,Retail,Small,Debit Card,Success,
T00004501,M00081,2025-07-01 21:07:06,446.41,Media,Small,UPI,Success,
T00004502,M00029,2025-10-01 10:19:03,5258.51,Retail,Small,Debit Card,Success,
T00004503,M00051,2025-08-23 10:07:01,3810.88,Retail,Medium,UPI,Success,
T00004504,M00082,2025-06-09 12:44:14,6048.77,Education,Large,Debit Card,Success,
T00004505,M00027,2025-11-10 01:04:06,1444.05,E-commerce,Large,Credit Card,Success,
T00004506,M00013,2025-12-21 13:36:39,2447.52,E-commerce,Small,Debit Card,Failed,Network Error
T00004507,M00015,2025-01-07 07:00:24,207.83,E-commerce,Medium,UPI,Failed,Network Error
T00004508,M00088,2025-11-03 20:36:55,411.08,Food Delivery,Small,UPI,Success,
T00004509,M00036,2025-04-20 18:27:20,533.82,Food Delivery,Medium,UPI,Success,
T00004510,M00011,2025-08-08 13:02:28,5967.06,Education,Small,UPI,Success,
T00004511,M00018,2025-08-05 19:38:45,8643.48,Professional Services,Small,Net Banking,Success,
T00004512,M00007,2025-11-25 16:04:53,1884.4,Gaming,Small,Net Banking,Success,
T00004513,M00028,2025-08-11 21:22:15,3204.99,E-commerce,Small,UPI,Failed,Insufficient Funds
T00004514,M00064,2025-10-25 22:01:57,6316.94,Professional Services,Large,Net Banking,Success,
T00004515,M00100,2025-11-14 14:02:10,665.9,E-commerce,Small,UPI,Success,
T00004516,M00027,2025-10-14 23:23:17,2109.8,E-commerce,Large,Credit Card,Success,
T00004517,M00008,2025-05-09 07:49:32,19276.21,Travel,Small,Credit Card,Success,
T00004518,M00038,2025-07-24 22:39:02,3831.69,Education,Small,Debit Card,Success,
T00004519,M00080,2025-10-15 04:15:13,900.71,Media,Small,Credit Card,Success,
T00004520,M00032,2025-08-12 04:56:41,1896.36,Retail,Medium,Credit Card,Success,
T00004521,M00029,2025-08-31 05:12:35,4216.06,Retail,Small,Debit Card,Success,
T00004522,M00010,2025-06-15 21:19:23,1858.11,Retail,Medium,UPI,Success,
T00004523,M00054,2025-11-29 06:32:00,1054.77,Media,Small,Credit Card,Success,
T00004524,M00070,2025-06-27 18:34:12,1637.89,Food Delivery,Large,Debit Card,Success,
T00004525,M00034,2025-03-19 19:13:31,1585.37,Gaming,Medium,Debit Card,Success,
T00004526,M00009,2025-12-08 21:06:00,494.81,Gaming,Small,Credit Card,Success,
T00004527,M00064,2025-08-13 00:41:18,10146.5,Professional Services,Large,Net Banking,Success,
T00004528,M00081,2025-03-12 12:30:39,610.89,Media,Small,UPI,Success,
T00004529,M00078,2025-07-27 03:51:13,7010.6,SaaS,Medium,Net Banking,Success,
T00004530,M00025,2025-07-29 17:52:31,732.66,Food Delivery,Small,UPI,Success,
T00004531,M00072,2025-01-27 21:36:50,763.65,Media,Small,Credit Card,Success,
T00004532,M00073,2025-03-23 02:13:28,4882.53,SaaS,Small,Net Banking,Success,
T00004533,M00036,2025-03-05 09:57:46,677.76,Food Delivery,Medium,UPI,Success,
T00004534,M00035,2025-03-26 08:47:04,2120.04,Retail,Small,UPI,Success,
T00004535,M00035,2025-01-11 14:25:16,2709.48,Retail,Small,UPI,Success,
T00004536,M00007,2025-11-20 22:54:32,4399.82,Gaming,Small,Net Banking,Failed,Insufficient Funds
T00004537,M00076,2025-06-22 09:56:12,10715.21,Education,Small,Net Banking,Success,
T00004538,M00091,2025-01-20 02:42:37,9668.25,Professional Services,Small,Net Banking,Success,
T00004539,M00039,2025-06-05 00:36:37,2294.08,Gaming,Small,UPI,Success,
T00004540,M00073,2025-02-18 09:48:57,5904.76,SaaS,Small,Net Banking,Success,
T00004541,M00078,2025-03-10 00:01:13,7931.6,SaaS,Medium,Net Banking,Success,
T00004542,M00074,2025-03-05 06:10:46,1041.97,Gaming,Medium,Credit Card,Success,
T00004543,M00054,2025-02-16 17:49:15,1430.0,Media,Small,Credit Card,Success,
T00004544,M00044,2025-05-04 01:31:54,12472.16,Professional Services,Small,Net Banking,Success,
T00004545,M00005,2025-03-23 16:23:38,38666.74,Travel,Small,Net Banking,Success,
T00004546,M00082,2025-04-10 03:25:27,6144.4,Education,Large,Debit Card,Success,
T00004547,M00068,2025-06-27 11:07:03,1918.12,Retail,Medium,Debit Card,Success,
T00004548,M00024,2025-11-30 00:24:53,843.26,Gaming,Small,Credit Card,Success,
T00004549,M00001,2025-05-20 23:06:03,586.63,Food Delivery,Small,UPI,Success,
T00004550,M00097,2025-11-26 06:08:41,5885.01,Professional Services,Small,Credit Card,Success,
T00004551,M00035,2025-03-31 01:46:45,2152.08,Retail,Small,UPI,Success,
T00004552,M00030,2025-06-01 08:08:19,2581.23,E-commerce,Small,UPI,Success,
T00004553,M00034,2025-01-07 03:43:58,1857.88,Gaming,Medium,Debit Card,Success,
T00004554,M00047,2025-05-06 13:06:12,1555.73,Healthcare,Medium,UPI,Success,
T00004555,M00033,2025-11-26 02:28:42,4038.13,E-commerce,Small,UPI,Success,
T00004556,M00053,2025-03-02 11:46:21,5855.45,Education,Small,Net Banking,Success,
T00004557,M00016,2025-07-02 10:58:18,1023.83,Retail,Medium,Debit Card,Success,
T00004558,M00021,2025-12-03 10:55:16,2401.38,E-commerce,Small,UPI,Success,
T00004559,M00003,2025-04-24 19:44:46,3253.29,Education,Small,Credit Card,Success,
T00004560,M00002,2025-03-08 23:04:14,1128.19,Retail,Small,UPI,Success,
T00004561,M00092,2025-07-21 09:41:57,6537.45,Healthcare,Medium,Debit Card,Success,
T00004562,M00001,2025-03-12 12:46:17,340.66,Food Delivery,Small,UPI,Success,
T00004563,M00035,2025-12-26 05:12:02,2175.04,Retail,Small,UPI,Success,
T00004564,M00032,2025-04-29 20:43:51,2968.2,Retail,Medium,Credit Card,Success,
T00004565,M00062,2025-05-25 22:19:41,5093.75,Retail,Medium,Credit Card,Success,
T00004566,M00007,2025-11-01 04:35:43,2580.22,Gaming,Small,Net Banking,Success,
T00004567,M00051,2025-01-12 01:36:36,4045.8,Retail,Medium,UPI,Success,
T00004568,M00048,2025-12-21 19:09:15,720.09,Food Delivery,Medium,Credit Card,Success,
T00004569,M00078,2025-07-29 12:16:14,9288.11,SaaS,Medium,Net Banking,Success,
T00004570,M00088,2025-03-03 10:16:31,874.6,Food Delivery,Small,UPI,Success,
T00004571,M00003,2025-05-16 09:48:23,4580.95,Education,Small,Credit Card,Failed,Insufficient Funds
T00004572,M00055,2025-07-04 17:44:46,12081.9,SaaS,Medium,Net Banking,Success,
T00004573,M00078,2025-06-11 04:47:47,16098.45,SaaS,Medium,Net Banking,Success,
T00004574,M00006,2025-08-23 06:53:38,2355.46,Retail,Small,UPI,Success,
T00004575,M00061,2025-01-01 06:43:33,7022.24,SaaS,Medium,UPI,Success,
T00004576,M00096,2025-02-19 18:53:51,2238.66,Gaming,Small,UPI,Success,
T00004577,M00004,2025-07-29 17:02:06,1514.62,Education,Medium,UPI,Success,
T00004578,M00017,2025-07-05 13:19:26,14027.26,Professional Services,Small,Credit Card,Success,
T00004579,M00028,2025-11-19 18:18:51,2628.54,E-commerce,Small,UPI,Success,
T00004580,M00033,2025-02-20 09:53:40,3387.84,E-commerce,Small,UPI,Success,
T00004581,M00046,2025-02-25 09:05:12,14093.87,Professional Services,Small,Net Banking,Success,
T00004582,M00014,2025-06-06 20:02:52,4380.01,E-commerce,Large,Credit Card,Success,
T00004583,M00049,2025-08-27 20:21:04,1690.45,Retail,Medium,Wallet,Success,
T00004584,M00036,2025-09-14 01:46:04,973.67,Food Delivery,Medium,UPI,Success,
T00004585,M00060,2025-10-03 21:58:17,850.07,Food Delivery,Medium,Debit Card,Success,
T00004586,M00053,2025-08-13 03:35:14,3915.55,Education,Small,Net Banking,Failed,Network Error
T00004587,M00034,2025-10-23 02:43:18,1837.67,Gaming,Medium,Debit Card,Success,
T00004588,M00021,2025-02-26 09:33:28,2262.84,E-commerce,Small,UPI,Success,
T00004589,M00020,2025-12-29 23:19:51,10984.99,Healthcare,Small,Net Banking,Success,
T00004590,M00003,2025-09-03 09:33:02,2480.26,Education,Small,Credit Card,Success,
T00004591,M00037,2025-03-18 20:31:32,7597.48,Education,Medium,UPI,Success,
T00004592,M00075,2025-11-21 10:17:50,584.05,E-commerce,Small,Wallet,Success,
T00004593,M00038,2025-03-04 20:52:46,3096.62,Education,Small,Debit Card,Success,
T00004594,M00082,2025-11-30 02:09:40,6648.59,Education,Large,Debit Card,Success,
T00004595,M00066,2025-09-02 04:01:44,2331.37,Education,Large,Net Banking,Success,
T00004596,M00040,2025-03-25 10:25:06,5242.85,Professional Services,Small,Net Banking,Success,
T00004597,M00026,2025-04-13 01:31:00,1500.67,Retail,Medium,Credit Card,Success,
T00004598,M00030,2025-10-26 11:02:31,2471.57,E-commerce,Small,UPI,Success,
T00004599,M00063,2025-05-12 00:19:59,3335.03,Healthcare,Small,Credit Card,Success,
T00004600,M00065,2025-11-10 09:40:40,2327.92,E-commerce,Large,Debit Card,Success,
T00004601,M00031,2025-10-27 19:38:02,990.67,Media,Small,Net Banking,Success,
T00004602,M00057,2025-05-13 23:09:59,8538.44,Healthcare,Medium,Credit Card,Success,
T00004603,M00049,2025-04-13 02:03:50,1826.78,Retail,Medium,Wallet,Success,
T00004604,M00053,2025-07-31 00:05:53,4688.74,Education,Small,Net Banking,Success,
T00004605,M00068,2025-03-30 04:57:32,2313.19,Retail,Medium,Debit Card,Success,
T00004606,M00009,2025-10-04 18:48:07,738.63,Gaming,Small,Credit Card,Success,
T00004607,M00040,2025-12-06 03:48:31,10187.81,Professional Services,Small,Net Banking,Success,
T00004608,M00060,2025-02-02 05:18:38,749.41,Food Delivery,Medium,Debit Card,Failed,Payment Timeout
T00004609,M00060,2025-03-12 22:04:14,253.08,Food Delivery,Medium,Debit Card,Failed,Bank Decline
T00004610,M00009,2025-02-25 00:49:05,1157.15,Gaming,Small,Credit Card,Success,
T00004611,M00096,2025-03-28 03:51:28,1760.25,Gaming,Small,UPI,Success,
T00004612,M00006,2025-07-24 02:42:40,2672.99,Retail,Small,UPI,Success,
T00004613,M00064,2025-02-28 22:36:36,5160.03,Professional Services,Large,Net Banking,Success,
T00004614,M00085,2025-07-27 01:22:35,354.77,Gaming,Medium,Wallet,Success,
T00004615,M00031,2025-03-31 11:42:11,1103.44,Media,Small,Net Banking,Success,
T00004616,M00020,2025-03-03 15:39:19,303.87,Healthcare,Small,Net Banking,Success,
T00004617,M00092,2025-03-06 07:50:05,2677.79,Healthcare,Medium,Debit Card,Success,
T00004618,M00065,2025-12-28 10:16:34,838.31,E-commerce,Large,Debit Card,Success,
T00004619,M00039,2025-03-01 01:13:07,546.19,Gaming,Small,UPI,Success,
T00004620,M00060,2025-03-20 12:36:16,478.46,Food Delivery,Medium,Debit Card,Success,
T00004621,M00001,2025-06-05 16:24:20,310.53,Food Delivery,Small,UPI,Failed,Authentication Failure
T00004622,M00013,2025-07-01 18:06:53,3927.93,E-commerce,Small,Debit Card,Success,
T00004623,M00050,2025-10-08 05:18:41,12082.29,SaaS,Small,Wallet,Success,
T00004624,M00057,2025-08-04 20:02:03,9828.31,Healthcare,Medium,Credit Card,Success,
T00004625,M00012,2025-03-23 01:44:08,14636.21,SaaS,Medium,Net Banking,Failed,Insufficient Funds
T00004626,M00004,2025-10-21 06:41:25,1686.99,Education,Medium,UPI,Success,
T00004627,M00054,2025-02-25 20:14:04,807.56,Media,Small,Credit Card,Failed,Bank Decline
T00004628,M00085,2025-06-01 22:36:17,422.25,Gaming,Medium,Wallet,Success,
T00004629,M00007,2025-09-08 21:56:42,1920.58,Gaming,Small,Net Banking,Success,
T00004630,M00002,2025-05-17 02:01:59,1101.86,Retail,Small,UPI,Success,
T00004631,M00029,2025-04-18 06:32:13,4894.86,Retail,Small,Debit Card,Success,
T00004632,M00037,2025-08-16 13:15:39,8929.56,Education,Medium,UPI,Success,
T00004633,M00044,2025-02-28 23:18:33,15891.89,Professional Services,Small,Net Banking,Success,
T00004634,M00050,2025-05-08 04:14:11,13911.87,SaaS,Small,Wallet,Success,
T00004635,M00061,2025-02-15 13:14:26,5128.1,SaaS,Medium,UPI,Success,
T00004636,M00067,2025-08-21 09:55:32,492.75,Food Delivery,Medium,Credit Card,Success,
T00004637,M00001,2025-09-14 11:34:26,184.53,Food Delivery,Small,UPI,Success,
T00004638,M00060,2025-08-25 21:56:41,714.93,Food Delivery,Medium,Debit Card,Success,
T00004639,M00030,2025-01-28 08:12:03,3529.05,E-commerce,Small,UPI,Success,
T00004640,M00006,2025-12-06 21:47:09,2185.28,Retail,Small,UPI,Success,
T00004641,M00014,2025-01-16 21:52:59,2088.57,E-commerce,Large,Credit Card,Success,
T00004642,M00060,2025-07-01 04:20:04,843.19,Food Delivery,Medium,Debit Card,Success,
T00004643,M00014,2025-03-07 10:07:25,5179.92,E-commerce,Large,Credit Card,Success,
T00004644,M00092,2025-10-22 13:21:18,2987.25,Healthcare,Medium,Debit Card,Success,
T00004645,M00047,2025-07-23 01:12:56,3071.4,Healthcare,Medium,UPI,Success,
T00004646,M00084,2025-08-21 15:31:21,680.98,Food Delivery,Small,Net Banking,Success,
T00004647,M00053,2025-04-04 17:00:35,5498.82,Education,Small,Net Banking,Success,
T00004648,M00061,2025-06-17 22:58:50,5433.79,SaaS,Medium,UPI,Success,
T00004649,M00047,2025-09-05 19:08:57,2358.12,Healthcare,Medium,UPI,Success,
T00004650,M00071,2025-10-12 10:51:36,3468.22,Retail,Small,Debit Card,Success,
T00004651,M00043,2025-04-08 17:44:30,4382.61,Professional Services,Small,Wallet,Success,
T00004652,M00020,2025-04-08 13:48:39,6731.08,Healthcare,Small,Net Banking,Failed,Insufficient Funds
T00004653,M00075,2025-01-06 00:28:48,844.95,E-commerce,Small,Wallet,Success,
T00004654,M00040,2025-07-12 05:30:41,16624.48,Professional Services,Small,Net Banking,Success,
T00004655,M00058,2025-06-18 11:00:06,1303.51,Food Delivery,Small,UPI,Success,
T00004656,M00027,2025-10-03 03:58:11,1400.24,E-commerce,Large,Credit Card,Success,
T00004657,M00054,2025-08-24 14:18:01,1129.11,Media,Small,Credit Card,Success,
T00004658,M00077,2025-12-26 07:53:26,5741.91,Professional Services,Medium,Credit Card,Success,
T00004659,M00005,2025-01-17 08:24:42,17076.53,Travel,Small,Net Banking,Success,
T00004660,M00008,2025-02-08 06:48:06,10564.63,Travel,Small,Credit Card,Success,
T00004661,M00089,2025-02-15 14:55:51,9399.6,Education,Small,UPI,Success,
T00004662,M00033,2025-10-03 11:12:16,3843.14,E-commerce,Small,UPI,Success,
T00004663,M00010,2025-06-13 19:44:03,2332.38,Retail,Medium,UPI,Success,
T00004664,M00082,2025-09-09 07:18:06,3635.89,Education,Large,Debit Card,Success,
T00004665,M00037,2025-11-27 23:23:15,3033.85,Education,Medium,UPI,Success,
T00004666,M00045,2025-06-04 20:05:08,2944.59,Media,Small,Wallet,Success,
T00004667,M00024,2025-09-01 22:29:14,809.72,Gaming,Small,Credit Card,Success,
T00004668,M00015,2025-03-25 21:38:03,1510.45,E-commerce,Medium,UPI,Success,
T00004669,M00027,2025-01-10 09:02:32,1302.21,E-commerce,Large,Credit Card,Success,
T00004670,M00001,2025-06-10 01:27:34,306.67,Food Delivery,Small,UPI,Success,
T00004671,M00064,2025-10-11 03:18:25,3065.24,Professional Services,Large,Net Banking,Success,
T00004672,M00067,2025-09-23 06:07:49,605.1,Food Delivery,Medium,Credit Card,Success,
T00004673,M00050,2025-04-07 14:03:43,10945.01,SaaS,Small,Wallet,Success,
T00004674,M00058,2025-09-29 12:07:31,2129.64,Food Delivery,Small,UPI,Failed,Network Error
T00004675,M00026,2025-10-26 11:58:30,1850.77,Retail,Medium,Credit Card,Success,
T00004676,M00066,2025-08-01 12:59:52,1210.92,Education,Large,Net Banking,Success,
T00004677,M00098,2025-10-15 15:52:07,9181.69,SaaS,Medium,Credit Card,Success,
T00004678,M00062,2025-11-25 01:21:34,4937.9,Retail,Medium,Credit Card,Success,
T00004679,M00077,2025-02-04 12:19:24,6046.08,Professional Services,Medium,Credit Card,Success,
T00004680,M00014,2025-11-21 18:16:52,5301.85,E-commerce,Large,Credit Card,Failed,Network Error
T00004681,M00061,2025-11-18 19:53:11,6207.19,SaaS,Medium,UPI,Success,
T00004682,M00089,2025-06-07 16:48:09,12548.67,Education,Small,UPI,Success,
T00004683,M00095,2025-07-13 02:10:18,391.18,E-commerce,Small,Credit Card,Success,
T00004684,M00031,2025-11-29 10:16:28,1049.59,Media,Small,Net Banking,Success,
T00004685,M00095,2025-05-17 03:46:19,480.93,E-commerce,Small,Credit Card,Success,
T00004686,M00093,2025-03-03 20:00:48,9032.42,SaaS,Small,Net Banking,Failed,Network Error
T00004687,M00011,2025-01-07 04:27:12,9630.86,Education,Small,UPI,Success,
T00004688,M00086,2025-09-29 22:36:02,1417.94,Food Delivery,Large,UPI,Success,
T00004689,M00100,2025-04-26 00:49:06,716.0,E-commerce,Small,UPI,Success,
T00004690,M00033,2025-09-28 03:47:53,2527.31,E-commerce,Small,UPI,Success,
T00004691,M00008,2025-02-06 06:12:45,18618.33,Travel,Small,Credit Card,Success,
T00004692,M00055,2025-06-07 03:29:27,15987.19,SaaS,Medium,Net Banking,Success,
T00004693,M00011,2025-02-26 14:37:56,6810.04,Education,Small,UPI,Success,
T00004694,M00019,2025-12-24 18:44:59,2968.92,E-commerce,Medium,Wallet,Success,
T00004695,M00047,2025-11-25 04:03:33,2565.93,Healthcare,Medium,UPI,Success,
T00004696,M00091,2025-04-25 03:27:38,14552.75,Professional Services,Small,Net Banking,Success,
T00004697,M00038,2025-02-01 22:16:03,2906.62,Education,Small,Debit Card,Success,
T00004698,M00077,2025-04-06 11:59:15,9102.73,Professional Services,Medium,Credit Card,Success,
T00004699,M00029,2025-09-17 05:44:58,4386.86,Retail,Small,Debit Card,Success,
T00004700,M00056,2025-09-27 22:36:24,4910.27,E-commerce,Large,Credit Card,Failed,Bank Decline
T00004701,M00095,2025-12-06 20:51:29,615.46,E-commerce,Small,Credit Card,Success,
T00004702,M00015,2025-01-05 19:44:50,3167.34,E-commerce,Medium,UPI,Success,
T00004703,M00033,2025-01-09 01:37:38,4896.81,E-commerce,Small,UPI,Success,
T00004704,M00045,2025-08-05 01:18:00,1878.0,Media,Small,Wallet,Success,
T00004705,M00048,2025-08-09 14:56:33,810.57,Food Delivery,Medium,Credit Card,Success,
T00004706,M00051,2025-06-05 04:41:55,4501.01,Retail,Medium,UPI,Success,
T00004707,M00003,2025-12-12 02:23:27,5150.32,Education,Small,Credit Card,Success,
T00004708,M00096,2025-11-06 10:41:21,1413.62,Gaming,Small,UPI,Failed,Network Error
T00004709,M00039,2025-06-17 12:08:39,1101.48,Gaming,Small,UPI,Success,
T00004710,M00004,2025-05-05 08:03:29,3067.22,Education,Medium,UPI,Success,
T00004711,M00088,2025-01-30 22:04:08,787.88,Food Delivery,Small,UPI,Success,
T00004712,M00063,2025-09-30 19:10:01,4770.45,Healthcare,Small,Credit Card,Success,
T00004713,M00036,2025-07-29 01:05:26,757.87,Food Delivery,Medium,UPI,Success,
T00004714,M00066,2025-07-17 01:48:45,1412.6,Education,Large,Net Banking,Success,
T00004715,M00067,2025-07-27 21:54:57,407.83,Food Delivery,Medium,Credit Card,Success,
T00004716,M00035,2025-10-07 15:52:36,2869.97,Retail,Small,UPI,Success,
T00004717,M00023,2025-09-30 16:27:39,5523.76,Healthcare,Small,Net Banking,Failed,Authentication Failure
T00004718,M00081,2025-04-15 12:30:19,300.02,Media,Small,UPI,Success,
T00004719,M00064,2025-01-21 15:52:24,5383.13,Professional Services,Large,Net Banking,Success,
T00004720,M00016,2025-01-26 02:39:14,1096.32,Retail,Medium,Debit Card,Failed,Bank Decline
T00004721,M00039,2025-01-09 14:07:42,1268.04,Gaming,Small,UPI,Success,
T00004722,M00006,2025-05-15 23:53:44,2858.76,Retail,Small,UPI,Success,
T00004723,M00042,2025-10-02 07:16:37,12571.85,Healthcare,Small,Debit Card,Success,
T00004724,M00010,2025-10-07 04:20:34,2672.07,Retail,Medium,UPI,Success,
T00004725,M00055,2025-04-08 20:55:21,19130.71,SaaS,Medium,Net Banking,Success,
T00004726,M00034,2025-07-10 14:40:44,1273.79,Gaming,Medium,Debit Card,Success,
T00004727,M00096,2025-10-24 20:23:59,3106.44,Gaming,Small,UPI,Success,
T00004728,M00027,2025-06-25 13:59:12,1100.94,E-commerce,Large,Credit Card,Success,
T00004729,M00100,2025-09-28 18:25:50,618.47,E-commerce,Small,UPI,Success,
T00004730,M00008,2025-12-07 04:37:12,10561.15,Travel,Small,Credit Card,Success,
T00004731,M00070,2025-06-08 02:50:18,1396.62,Food Delivery,Large,Debit Card,Success,
T00004732,M00070,2025-05-03 02:57:59,1468.93,Food Delivery,Large,Debit Card,Success,
T00004733,M00072,2025-08-25 17:49:55,1283.24,Media,Small,Credit Card,Success,
T00004734,M00004,2025-10-28 19:59:24,2431.4,Education,Medium,UPI,Failed,Payment Timeout
T00004735,M00008,2025-01-25 17:03:46,7256.61,Travel,Small,Credit Card,Success,
T00004736,M00025,2025-04-07 14:58:46,1019.0,Food Delivery,Small,UPI,Failed,Bank Decline
T00004737,M00056,2025-11-21 13:39:21,5821.9,E-commerce,Large,Credit Card,Success,
T00004738,M00016,2025-02-16 09:49:17,1416.03,Retail,Medium,Debit Card,Success,
T00004739,M00024,2025-02-06 13:38:53,1121.68,Gaming,Small,Credit Card,Failed,Authentication Failure
T00004740,M00090,2025-11-09 14:20:30,8069.72,Healthcare,Medium,Debit Card,Success,
T00004741,M00012,2025-09-28 11:03:31,4563.48,SaaS,Medium,Net Banking,Success,
T00004742,M00046,2025-05-01 20:33:04,15118.81,Professional Services,Small,Net Banking,Success,
T00004743,M00007,2025-10-02 16:10:06,2344.77,Gaming,Small,Net Banking,Success,
T00004744,M00022,2025-04-12 04:05:16,454.84,Food Delivery,Small,Wallet,Success,
T00004745,M00023,2025-03-30 00:26:23,5354.81,Healthcare,Small,Net Banking,Success,
T00004746,M00017,2025-06-25 10:24:19,14446.11,Professional Services,Small,Credit Card,Success,
T00004747,M00072,2025-07-23 10:47:48,843.71,Media,Small,Credit Card,Success,
T00004748,M00035,2025-08-05 08:48:46,3088.9,Retail,Small,UPI,Success,
T00004749,M00083,2025-05-25 21:58:55,1596.37,Retail,Small,Debit Card,Failed,Insufficient Funds
T00004750,M00046,2025-01-02 19:26:38,13968.75,Professional Services,Small,Net Banking,Success,
T00004751,M00020,2025-04-29 22:35:10,13926.65,Healthcare,Small,Net Banking,Success,
T00004752,M00008,2025-11-30 17:48:10,15444.4,Travel,Small,Credit Card,Success,
T00004753,M00052,2025-03-08 22:49:07,28572.4,Travel,Medium,Credit Card,Success,
T00004754,M00041,2025-03-26 19:23:30,6181.47,E-commerce,Small,Wallet,Failed,Insufficient Funds
T00004755,M00035,2025-12-05 16:32:02,1775.74,Retail,Small,UPI,Success,
T00004756,M00050,2025-03-10 17:05:28,10089.02,SaaS,Small,Wallet,Success,
T00004757,M00080,2025-10-02 07:49:22,1024.54,Media,Small,Credit Card,Success,
T00004758,M00048,2025-11-13 06:23:56,436.36,Food Delivery,Medium,Credit Card,Success,
T00004759,M00015,2025-01-12 18:48:17,1096.64,E-commerce,Medium,UPI,Success,
T00004760,M00017,2025-11-05 05:19:50,5493.62,Professional Services,Small,Credit Card,Success,
T00004761,M00016,2025-11-10 11:41:39,1667.9,Retail,Medium,Debit Card,Success,
T00004762,M00007,2025-09-23 06:19:12,2124.3,Gaming,Small,Net Banking,Success,
T00004763,M00026,2025-07-21 08:39:58,1872.74,Retail,Medium,Credit Card,Success,
T00004764,M00010,2025-03-02 07:03:33,2193.2,Retail,Medium,UPI,Failed,Network Error
T00004765,M00098,2025-06-26 13:48:15,15904.5,SaaS,Medium,Credit Card,Success,
T00004766,M00084,2025-06-23 23:03:43,349.57,Food Delivery,Small,Net Banking,Failed,Technical Error
T00004767,M00011,2025-08-04 07:57:32,8920.23,Education,Small,UPI,Success,
T00004768,M00005,2025-11-14 12:26:57,27448.89,Travel,Small,Net Banking,Success,
T00004769,M00017,2025-11-05 09:07:09,8216.96,Professional Services,Small,Credit Card,Success,
T00004770,M00032,2025-12-24 17:30:14,3092.4,Retail,Medium,Credit Card,Success,
T00004771,M00076,2025-11-24 14:56:04,10718.43,Education,Small,Net Banking,Success,
T00004772,M00086,2025-02-08 08:41:59,843.83,Food Delivery,Large,UPI,Success,
T00004773,M00090,2025-02-05 07:44:52,8011.45,Healthcare,Medium,Debit Card,Success,
T00004774,M00006,2025-08-12 08:11:50,2577.36,Retail,Small,UPI,Success,
T00004775,M00066,2025-07-22 14:20:35,1061.59,Education,Large,Net Banking,Success,
T00004776,M00052,2025-05-05 09:33:55,30428.9,Travel,Medium,Credit Card,Success,
T00004777,M00073,2025-10-24 12:32:47,4883.99,SaaS,Small,Net Banking,Success,
T00004778,M00042,2025-06-18 23:47:16,16634.44,Healthcare,Small,Debit Card,Success,
T00004779,M00042,2025-07-10 11:28:06,11261.55,Healthcare,Small,Debit Card,Success,
T00004780,M00047,2025-08-25 18:28:23,1712.43,Healthcare,Medium,UPI,Success,
T00004781,M00023,2025-07-13 06:06:15,10916.27,Healthcare,Small,Net Banking,Success,
T00004782,M00052,2025-09-29 10:14:08,24068.68,Travel,Medium,Credit Card,Success,
T00004783,M00100,2025-11-19 19:52:43,1199.54,E-commerce,Small,UPI,Success,
T00004784,M00063,2025-08-17 03:36:57,5915.16,Healthcare,Small,Credit Card,Success,
T00004785,M00075,2025-08-10 20:40:05,344.53,E-commerce,Small,Wallet,Success,
T00004786,M00007,2025-07-27 11:57:49,2619.89,Gaming,Small,Net Banking,Success,
T00004787,M00080,2025-04-28 15:39:38,626.65,Media,Small,Credit Card,Success,
T00004788,M00002,2025-11-16 21:52:13,1092.0,Retail,Small,UPI,Success,
T00004789,M00068,2025-12-06 07:31:21,999.23,Retail,Medium,Debit Card,Success,
T00004790,M00035,2025-07-17 13:51:09,2187.28,Retail,Small,UPI,Success,
T00004791,M00096,2025-09-29 12:51:32,2046.57,Gaming,Small,UPI,Success,
T00004792,M00059,2025-03-14 02:53:58,861.99,Retail,Medium,UPI,Success,
T00004793,M00041,2025-10-04 16:08:52,3552.21,E-commerce,Small,Wallet,Success,
T00004794,M00046,2025-08-10 19:27:37,19766.13,Professional Services,Small,Net Banking,Success,
T00004795,M00037,2025-01-07 01:20:04,9273.43,Education,Medium,UPI,Success,
T00004796,M00008,2025-02-15 04:17:01,15026.44,Travel,Small,Credit Card,Success,
T00004797,M00010,2025-01-02 20:10:07,2671.12,Retail,Medium,UPI,Success,
T00004798,M00099,2025-05-09 10:49:11,3189.65,Retail,Small,Wallet,Failed,Authentication Failure
T00004799,M00011,2025-11-18 00:12:41,8063.19,Education,Small,UPI,Success,
T00004800,M00086,2025-03-02 13:21:48,1879.63,Food Delivery,Large,UPI,Success,
T00004801,M00071,2025-04-06 14:30:00,2195.16,Retail,Small,Debit Card,Success,
T00004802,M00009,2025-09-22 05:44:51,679.89,Gaming,Small,Credit Card,Success,
T00004803,M00038,2025-12-02 10:40:18,3892.71,Education,Small,Debit Card,Failed,Technical Error
T00004804,M00086,2025-10-14 01:55:20,961.14,Food Delivery,Large,UPI,Success,
T00004805,M00043,2025-06-08 22:03:07,4680.64,Professional Services,Small,Wallet,Success,
T00004806,M00007,2025-04-18 23:57:20,2101.2,Gaming,Small,Net Banking,Success,
T00004807,M00065,2025-03-15 14:14:07,1724.44,E-commerce,Large,Debit Card,Success,
T00004808,M00083,2025-09-01 07:44:56,1074.41,Retail,Small,Debit Card,Success,
T00004809,M00071,2025-01-17 05:35:53,2348.62,Retail,Small,Debit Card,Success,
T00004810,M00065,2025-03-28 14:16:25,1044.12,E-commerce,Large,Debit Card,Success,
T00004811,M00021,2025-02-14 10:06:08,3988.82,E-commerce,Small,UPI,Success,
T00004812,M00077,2025-03-13 05:01:32,10914.83,Professional Services,Medium,Credit Card,Success,
T00004813,M00037,2025-03-06 23:58:15,8798.28,Education,Medium,UPI,Success,
T00004814,M00071,2025-12-28 10:00:02,2424.41,Retail,Small,Debit Card,Success,
T00004815,M00099,2025-04-21 14:35:29,3230.83,Retail,Small,Wallet,Success,
T00004816,M00047,2025-02-12 03:13:09,1584.16,Healthcare,Medium,UPI,Success,
T00004817,M00095,2025-06-03 08:47:34,736.59,E-commerce,Small,Credit Card,Failed,Payment Timeout
T00004818,M00096,2025-11-25 17:31:33,752.66,Gaming,Small,UPI,Success,
T00004819,M00006,2025-02-19 08:47:52,3061.38,Retail,Small,UPI,Success,
T00004820,M00100,2025-02-13 06:23:06,698.31,E-commerce,Small,UPI,Success,
T00004821,M00089,2025-11-20 13:00:20,6986.84,Education,Small,UPI,Success,
T00004822,M00005,2025-01-27 04:13:01,27219.63,Travel,Small,Net Banking,Success,
T00004823,M00080,2025-08-27 23:12:20,524.49,Media,Small,Credit Card,Success,
T00004824,M00100,2025-10-26 16:46:45,955.88,E-commerce,Small,UPI,Success,
T00004825,M00092,2025-12-29 13:55:40,827.07,Healthcare,Medium,Debit Card,Success,
T00004826,M00095,2025-10-09 12:39:08,566.92,E-commerce,Small,Credit Card,Success,
T00004827,M00094,2025-08-09 21:36:46,13643.38,SaaS,Small,UPI,Success,
T00004828,M00030,2025-04-08 09:38:44,2621.59,E-commerce,Small,UPI,Success,
T00004829,M00099,2025-05-16 23:19:44,1581.11,Retail,Small,Wallet,Success,
T00004830,M00057,2025-05-28 14:10:36,11362.82,Healthcare,Medium,Credit Card,Success,
T00004831,M00025,2025-04-24 07:49:31,880.25,Food Delivery,Small,UPI,Success,
T00004832,M00083,2025-05-11 10:42:32,1561.6,Retail,Small,Debit Card,Success,
T00004833,M00004,2025-06-20 10:34:47,2755.06,Education,Medium,UPI,Success,
T00004834,M00011,2025-08-22 15:52:41,7770.42,Education,Small,UPI,Success,
T00004835,M00031,2025-08-05 06:14:50,2056.6,Media,Small,Net Banking,Success,
T00004836,M00093,2025-02-13 06:00:16,9352.46,SaaS,Small,Net Banking,Success,
T00004837,M00045,2025-06-09 04:46:12,2425.35,Media,Small,Wallet,Success,
T00004838,M00085,2025-10-09 04:54:31,410.86,Gaming,Medium,Wallet,Success,
T00004839,M00088,2025-05-24 20:07:07,1109.32,Food Delivery,Small,UPI,Success,
T00004840,M00088,2025-01-03 07:00:25,787.04,Food Delivery,Small,UPI,Success,
T00004841,M00095,2025-08-07 12:51:10,737.74,E-commerce,Small,Credit Card,Success,
T00004842,M00080,2025-11-29 19:50:49,877.15,Media,Small,Credit Card,Success,
T00004843,M00014,2025-09-02 00:03:19,5335.1,E-commerce,Large,Credit Card,Success,
T00004844,M00014,2025-11-17 00:13:18,4223.42,E-commerce,Large,Credit Card,Success,
T00004845,M00022,2025-12-30 23:26:20,303.98,Food Delivery,Small,Wallet,Success,
T00004846,M00033,2025-05-31 04:55:51,3509.96,E-commerce,Small,UPI,Success,
T00004847,M00022,2025-10-18 12:30:44,425.85,Food Delivery,Small,Wallet,Success,
T00004848,M00048,2025-09-05 06:27:05,1022.28,Food Delivery,Medium,Credit Card,Success,
T00004849,M00082,2025-12-24 01:40:34,8185.08,Education,Large,Debit Card,Success,
T00004850,M00049,2025-03-28 22:20:18,1161.42,Retail,Medium,Wallet,Success,
T00004851,M00014,2025-09-05 10:08:20,3542.66,E-commerce,Large,Credit Card,Success,
T00004852,M00084,2025-04-10 21:22:47,98.27,Food Delivery,Small,Net Banking,Success,
T00004853,M00084,2025-05-23 22:44:11,409.76,Food Delivery,Small,Net Banking,Success,
T00004854,M00075,2025-01-17 12:38:25,400.75,E-commerce,Small,Wallet,Success,
T00004855,M00031,2025-10-04 00:04:19,2444.96,Media,Small,Net Banking,Failed,Bank Decline
T00004856,M00008,2025-11-23 06:37:44,8304.96,Travel,Small,Credit Card,Success,
T00004857,M00028,2025-03-22 19:38:28,3038.53,E-commerce,Small,UPI,Success,
T00004858,M00046,2025-10-12 20:14:34,12281.53,Professional Services,Small,Net Banking,Success,
T00004859,M00008,2025-05-31 20:32:59,10199.48,Travel,Small,Credit Card,Success,
T00004860,M00008,2025-02-21 16:43:07,14740.96,Travel,Small,Credit Card,Success,
T00004861,M00066,2025-03-21 23:16:03,1527.74,Education,Large,Net Banking,Success,
T00004862,M00009,2025-12-06 06:35:57,1193.54,Gaming,Small,Credit Card,Success,
T00004863,M00034,2025-11-01 12:34:55,796.83,Gaming,Medium,Debit Card,Success,
T00004864,M00079,2025-10-24 16:46:40,132.27,Food Delivery,Large,Credit Card,Success,
T00004865,M00054,2025-05-26 13:32:39,854.18,Media,Small,Credit Card,Success,
T00004866,M00051,2025-02-12 04:41:35,3190.91,Retail,Medium,UPI,Success,
T00004867,M00094,2025-06-25 15:55:34,9586.89,SaaS,Small,UPI,Success,
T00004868,M00047,2025-08-31 04:20:12,2581.79,Healthcare,Medium,UPI,Success,
T00004869,M00070,2025-03-19 10:38:00,1223.38,Food Delivery,Large,Debit Card,Success,
T00004870,M00028,2025-05-30 05:50:49,3224.05,E-commerce,Small,UPI,Success,
T00004871,M00025,2025-06-17 16:31:00,1274.33,Food Delivery,Small,UPI,Success,
T00004872,M00006,2025-05-30 21:30:26,4307.33,Retail,Small,UPI,Success,
T00004873,M00078,2025-03-08 22:19:57,12137.2,SaaS,Medium,Net Banking,Success,
T00004874,M00061,2025-03-02 12:40:48,11998.23,SaaS,Medium,UPI,Success,
T00004875,M00062,2025-08-12 08:01:58,4420.15,Retail,Medium,Credit Card,Success,
T00004876,M00048,2025-07-01 23:28:47,610.61,Food Delivery,Medium,Credit Card,Success,
T00004877,M00100,2025-10-14 18:59:56,1038.51,E-commerce,Small,UPI,Success,
T00004878,M00030,2025-12-29 08:22:43,3892.64,E-commerce,Small,UPI,Success,
T00004879,M00024,2025-07-26 01:26:22,772.69,Gaming,Small,Credit Card,Success,
T00004880,M00098,2025-11-02 15:01:11,4623.4,SaaS,Medium,Credit Card,Success,
T00004881,M00087,2025-01-09 08:04:41,3003.17,Media,Small,Wallet,Success,
T00004882,M00062,2025-11-28 02:48:59,4390.02,Retail,Medium,Credit Card,Success,
T00004883,M00073,2025-12-28 18:47:35,4620.83,SaaS,Small,Net Banking,Success,
T00004884,M00078,2025-03-24 17:24:51,11555.92,SaaS,Medium,Net Banking,Success,
T00004885,M00029,2025-01-26 15:22:47,2345.89,Retail,Small,Debit Card,Success,
T00004886,M00003,2025-11-18 15:53:29,6210.75,Education,Small,Credit Card,Success,
T00004887,M00044,2025-05-12 12:10:27,14115.35,Professional Services,Small,Net Banking,Success,
T00004888,M00085,2025-08-07 05:10:17,315.21,Gaming,Medium,Wallet,Success,
T00004889,M00095,2025-12-08 23:25:35,681.24,E-commerce,Small,Credit Card,Success,
T00004890,M00095,2025-08-29 02:52:12,724.12,E-commerce,Small,Credit Card,Success,
T00004891,M00014,2025-08-07 03:05:18,2653.7,E-commerce,Large,Credit Card,Failed,Technical Error
T00004892,M00032,2025-11-26 07:53:00,2375.31,Retail,Medium,Credit Card,Success,
T00004893,M00078,2025-02-14 00:35:45,11947.13,SaaS,Medium,Net Banking,Success,
T00004894,M00045,2025-10-21 11:23:15,2197.06,Media,Small,Wallet,Success,
T00004895,M00006,2025-12-08 20:21:18,2613.84,Retail,Small,UPI,Success,
T00004896,M00081,2025-01-08 17:59:09,514.91,Media,Small,UPI,Success,
T00004897,M00003,2025-11-14 15:51:44,3274.4,Education,Small,Credit Card,Success,
T00004898,M00056,2025-06-23 17:26:58,6138.58,E-commerce,Large,Credit Card,Success,
T00004899,M00071,2025-07-10 23:36:03,3601.88,Retail,Small,Debit Card,Success,
T00004900,M00007,2025-02-03 00:21:19,2579.35,Gaming,Small,Net Banking,Success,
T00004901,M00016,2025-01-27 18:06:04,1203.58,Retail,Medium,Debit Card,Success,
T00004902,M00100,2025-12-23 00:51:35,970.2,E-commerce,Small,UPI,Success,
T00004903,M00079,2025-12-30 03:06:02,261.94,Food Delivery,Large,Credit Card,Failed,Network Error
T00004904,M00087,2025-04-24 12:53:40,1069.7,Media,Small,Wallet,Success,
T00004905,M00052,2025-11-02 11:25:53,33407.67,Travel,Medium,Credit Card,Success,
T00004906,M00066,2025-01-07 04:42:58,1816.68,Education,Large,Net Banking,Success,
T00004907,M00095,2025-08-18 06:12:24,485.91,E-commerce,Small,Credit Card,Success,
T00004908,M00066,2025-03-16 13:47:07,1646.02,Education,Large,Net Banking,Success,
T00004909,M00024,2025-07-22 02:46:26,863.05,Gaming,Small,Credit Card,Success,
T00004910,M00053,2025-03-06 19:27:08,4066.01,Education,Small,Net Banking,Success,
T00004911,M00051,2025-04-03 17:48:50,3540.96,Retail,Medium,UPI,Failed,Network Error
T00004912,M00032,2025-01-16 17:04:29,2071.06,Retail,Medium,Credit Card,Success,
T00004913,M00057,2025-10-23 01:31:25,7456.65,Healthcare,Medium,Credit Card,Success,
T00004914,M00058,2025-01-13 04:25:30,888.56,Food Delivery,Small,UPI,Success,
T00004915,M00091,2025-12-26 20:01:36,11175.09,Professional Services,Small,Net Banking,Success,
T00004916,M00033,2025-05-28 20:06:43,2643.64,E-commerce,Small,UPI,Success,
T00004917,M00001,2025-07-02 13:50:42,358.82,Food Delivery,Small,UPI,Success,
T00004918,M00069,2025-09-28 15:10:10,6977.37,Education,Small,Credit Card,Success,
T00004919,M00062,2025-05-23 10:46:00,5071.33,Retail,Medium,Credit Card,Success,
T00004920,M00038,2025-06-08 03:19:58,1428.45,Education,Small,Debit Card,Success,
T00004921,M00092,2025-02-21 09:29:57,6385.45,Healthcare,Medium,Debit Card,Success,
T00004922,M00008,2025-07-09 20:13:47,11551.72,Travel,Small,Credit Card,Success,
T00004923,M00073,2025-02-02 08:28:09,6248.14,SaaS,Small,Net Banking,Success,
T00004924,M00093,2025-09-16 17:38:40,4617.76,SaaS,Small,Net Banking,Success,
T00004925,M00072,2025-12-01 13:34:03,741.97,Media,Small,Credit Card,Success,
T00004926,M00035,2025-11-10 02:34:37,1895.68,Retail,Small,UPI,Success,
T00004927,M00012,2025-04-05 08:33:39,13488.47,SaaS,Medium,Net Banking,Success,
T00004928,M00064,2025-11-08 06:07:16,8847.29,Professional Services,Large,Net Banking,Success,
T00004929,M00059,2025-02-03 22:30:23,837.18,Retail,Medium,UPI,Success,
T00004930,M00087,2025-11-10 09:39:25,1821.79,Media,Small,Wallet,Success,
T00004931,M00029,2025-12-19 23:40:06,3571.91,Retail,Small,Debit Card,Success,
T00004932,M00097,2025-12-05 09:33:53,6418.02,Professional Services,Small,Credit Card,Failed,Technical Error
T00004933,M00078,2025-12-06 04:41:29,10260.48,SaaS,Medium,Net Banking,Success,
T00004934,M00098,2025-01-22 19:30:32,16460.89,SaaS,Medium,Credit Card,Success,
T00004935,M00048,2025-03-19 11:40:24,1211.37,Food Delivery,Medium,Credit Card,Success,
T00004936,M00008,2025-10-06 22:36:58,9192.48,Travel,Small,Credit Card,Failed,Insufficient Funds
T00004937,M00043,2025-06-18 03:34:01,5581.27,Professional Services,Small,Wallet,Success,
T00004938,M00088,2025-01-31 20:10:23,537.8,Food Delivery,Small,UPI,Success,
T00004939,M00034,2025-08-31 21:37:57,1004.57,Gaming,Medium,Debit Card,Success,
T00004940,M00033,2025-07-12 08:32:02,3776.51,E-commerce,Small,UPI,Success,
T00004941,M00076,2025-03-14 06:15:01,4009.91,Education,Small,Net Banking,Success,
T00004942,M00012,2025-12-01 08:09:34,11716.42,SaaS,Medium,Net Banking,Success,
T00004943,M00035,2025-03-13 19:39:08,1678.02,Retail,Small,UPI,Failed,Network Error
T00004944,M00088,2025-02-25 21:10:40,677.77,Food Delivery,Small,UPI,Success,
T00004945,M00093,2025-08-12 11:26:03,10333.43,SaaS,Small,Net Banking,Success,
T00004946,M00049,2025-01-30 10:19:06,1330.6,Retail,Medium,Wallet,Success,
T00004947,M00071,2025-11-26 13:40:38,1570.37,Retail,Small,Debit Card,Success,
T00004948,M00002,2025-09-04 17:23:47,1695.59,Retail,Small,UPI,Success,
T00004949,M00011,2025-04-26 05:37:34,5274.51,Education,Small,UPI,Success,
T00004950,M00087,2025-06-15 15:29:07,1481.55,Media,Small,Wallet,Success,
T00004951,M00023,2025-05-14 21:23:13,6965.89,Healthcare,Small,Net Banking,Success,
T00004952,M00046,2025-09-23 10:58:15,8749.5,Professional Services,Small,Net Banking,Success,
T00004953,M00048,2025-10-20 22:33:30,801.67,Food Delivery,Medium,Credit Card,Success,
T00004954,M00064,2025-12-17 13:42:46,8534.76,Professional Services,Large,Net Banking,Success,
T00004955,M00067,2025-08-29 17:22:39,523.02,Food Delivery,Medium,Credit Card,Success,
T00004956,M00058,2025-12-15 23:55:44,957.11,Food Delivery,Small,UPI,Success,
T00004957,M00091,2025-01-05 15:50:17,24739.54,Professional Services,Small,Net Banking,Success,
T00004958,M00093,2025-10-27 13:50:22,6628.84,SaaS,Small,Net Banking,Success,
T00004959,M00012,2025-05-21 09:14:08,9309.17,SaaS,Medium,Net Banking,Failed,Payment Timeout
T00004960,M00036,2025-04-12 22:05:34,526.78,Food Delivery,Medium,UPI,Success,
T00004961,M00100,2025-05-04 21:53:30,373.18,E-commerce,Small,UPI,Success,
T00004962,M00089,2025-07-14 01:29:39,8886.79,Education,Small,UPI,Success,
T00004963,M00061,2025-07-09 22:37:31,4535.79,SaaS,Medium,UPI,Success,
T00004964,M00004,2025-08-17 01:22:19,4250.15,Education,Medium,UPI,Success,
T00004965,M00083,2025-09-26 07:19:29,1255.43,Retail,Small,Debit Card,Success,
T00004966,M00059,2025-12-25 15:08:26,1033.11,Retail,Medium,UPI,Success,
T00004967,M00071,2025-06-06 14:29:05,986.37,Retail,Small,Debit Card,Success,
T00004968,M00082,2025-02-25 04:18:30,7410.32,Education,Large,Debit Card,Success,
T00004969,M00058,2025-05-30 17:43:06,1321.23,Food Delivery,Small,UPI,Success,
T00004970,M00012,2025-05-04 00:04:37,11060.56,SaaS,Medium,Net Banking,Success,
T00004971,M00042,2025-12-04 23:19:21,7865.42,Healthcare,Small,Debit Card,Success,
T00004972,M00094,2025-11-04 08:09:02,9037.16,SaaS,Small,UPI,Success,
T00004973,M00092,2025-12-18 14:35:18,5238.32,Healthcare,Medium,Debit Card,Success,
T00004974,M00023,2025-02-06 20:01:50,9773.7,Healthcare,Small,Net Banking,Success,
T00004975,M00022,2025-07-03 10:02:43,481.06,Food Delivery,Small,Wallet,Success,
T00004976,M00011,2025-06-02 07:51:58,9018.68,Education,Small,UPI,Success,
T00004977,M00007,2025-11-19 06:05:34,4033.11,Gaming,Small,Net Banking,Success,
T00004978,M00064,2025-07-08 22:49:57,7001.05,Professional Services,Large,Net Banking,Success,
T00004979,M00029,2025-07-13 20:17:34,1378.09,Retail,Small,Debit Card,Success,
T00004980,M00070,2025-09-16 13:36:18,1473.38,Food Delivery,Large,Debit Card,Success,
T00004981,M00020,2025-02-11 04:05:55,10538.69,Healthcare,Small,Net Banking,Success,
T00004982,M00060,2025-04-23 08:40:30,654.3,Food Delivery,Medium,Debit Card,Success,
T00004983,M00089,2025-07-21 11:13:07,11644.98,Education,Small,UPI,Success,
T00004984,M00054,2025-01-06 00:52:00,795.18,Media,Small,Credit Card,Failed,Technical Error
T00004985,M00086,2025-03-03 14:16:53,975.13,Food Delivery,Large,UPI,Success,
T00004986,M00019,2025-08-26 12:46:28,5672.75,E-commerce,Medium,Wallet,Success,
T00004987,M00056,2025-02-20 06:21:25,3599.45,E-commerce,Large,Credit Card,Success,
T00004988,M00086,2025-09-25 09:25:12,1072.22,Food Delivery,Large,UPI,Success,
T00004989,M00099,2025-05-24 12:37:08,2923.54,Retail,Small,Wallet,Success,
T00004990,M00008,2025-05-24 16:43:45,11999.39,Travel,Small,Credit Card,Success,
T00004991,M00052,2025-03-23 08:16:16,35312.57,Travel,Medium,Credit Card,Success,
T00004992,M00036,2025-12-17 12:24:49,725.73,Food Delivery,Medium,UPI,Success,
T00004993,M00031,2025-12-22 15:17:45,2190.57,Media,Small,Net Banking,Success,
T00004994,M00062,2025-05-13 08:05:18,3412.78,Retail,Medium,Credit Card,Success,
T00004995,M00086,2025-05-09 13:42:34,896.62,Food Delivery,Large,UPI,Failed,Technical Error
T00004996,M00006,2025-08-11 05:59:21,1289.49,Retail,Small,UPI,Failed,Bank Decline
T00004997,M00094,2025-10-03 00:00:57,9496.89,SaaS,Small,UPI,Success,
T00004998,M00030,2025-07-09 17:58:10,2268.04,E-commerce,Small,UPI,Success,
T00004999,M00059,2025-12-12 20:35:36,1105.11,Retail,Medium,UPI,Success,
T00005000,M00029,2025-10-19 08:17:57,4281.65,Retail,Small,Debit Card,Success,
T00005001,M00018,2025-05-05 22:02:28,10528.78,Professional Services,Small,Net Banking,Success,
T00005002,M00015,2025-12-12 23:53:18,2595.23,E-commerce,Medium,UPI,Success,
T00005003,M00056,2025-10-10 15:50:15,4763.86,E-commerce,Large,Credit Card,Success,
T00005004,M00071,2025-11-04 07:16:43,3495.71,Retail,Small,Debit Card,Success,
T00005005,M00078,2025-10-04 11:27:35,17826.89,SaaS,Medium,Net Banking,Success,
T00005006,M00015,2025-04-06 18:20:40,3227.51,E-commerce,Medium,UPI,Success,
T00005007,M00032,2025-01-02 04:27:29,1969.89,Retail,Medium,Credit Card,Success,
T00005008,M00047,2025-02-26 17:56:20,2507.99,Healthcare,Medium,UPI,Success,
T00005009,M00001,2025-05-05 06:56:55,282.49,Food Delivery,Small,UPI,Success,
T00005010,M00021,2025-03-19 16:40:43,2754.17,E-commerce,Small,UPI,Success,
T00005011,M00030,2025-09-08 19:40:47,3247.15,E-commerce,Small,UPI,Success,
T00005012,M00011,2025-04-25 19:22:26,12048.12,Education,Small,UPI,Success,
T00005013,M00044,2025-10-13 15:18:32,19358.83,Professional Services,Small,Net Banking,Success,
T00005014,M00100,2025-04-07 09:38:18,534.28,E-commerce,Small,UPI,Success,
T00005015,M00076,2025-06-14 06:33:53,6299.04,Education,Small,Net Banking,Success,
T00005016,M00041,2025-03-21 07:39:18,1964.74,E-commerce,Small,Wallet,Success,
T00005017,M00012,2025-01-10 19:39:40,15258.27,SaaS,Medium,Net Banking,Success,
T00005018,M00063,2025-05-24 03:53:45,5366.11,Healthcare,Small,Credit Card,Success,
T00005019,M00079,2025-12-20 08:00:44,311.93,Food Delivery,Large,Credit Card,Success,
T00005020,M00048,2025-03-02 23:08:41,747.8,Food Delivery,Medium,Credit Card,Success,
T00005021,M00008,2025-10-22 13:22:27,10045.34,Travel,Small,Credit Card,Success,
T00005022,M00054,2025-03-18 19:26:58,1616.0,Media,Small,Credit Card,Success,
T00005023,M00045,2025-06-26 01:22:27,2347.15,Media,Small,Wallet,Success,
T00005024,M00034,2025-01-07 14:02:36,2099.59,Gaming,Medium,Debit Card,Success,
T00005025,M00003,2025-12-03 23:54:05,3489.52,Education,Small,Credit Card,Success,
T00005026,M00066,2025-11-20 00:58:42,1967.08,Education,Large,Net Banking,Success,
T00005027,M00016,2025-08-02 15:33:23,1336.49,Retail,Medium,Debit Card,Success,
T00005028,M00015,2025-03-11 03:03:56,2330.41,E-commerce,Medium,UPI,Success,
T00005029,M00096,2025-11-21 16:46:05,1753.66,Gaming,Small,UPI,Success,
T00005030,M00022,2025-10-21 19:00:38,236.36,Food Delivery,Small,Wallet,Success,
T00005031,M00065,2025-12-10 00:34:34,786.79,E-commerce,Large,Debit Card,Success,
T00005032,M00026,2025-07-12 21:21:41,1691.23,Retail,Medium,Credit Card,Success,
T00005033,M00023,2025-01-27 08:49:26,7849.53,Healthcare,Small,Net Banking,Success,
T00005034,M00073,2025-10-05 05:35:58,4392.64,SaaS,Small,Net Banking,Success,
T00005035,M00060,2025-10-21 01:56:13,484.04,Food Delivery,Medium,Debit Card,Success,
T00005036,M00034,2025-05-14 10:20:00,1839.18,Gaming,Medium,Debit Card,Success,
T00005037,M00002,2025-07-11 06:01:11,841.29,Retail,Small,UPI,Success,
T00005038,M00013,2025-11-03 16:48:17,2580.58,E-commerce,Small,Debit Card,Success,
T00005039,M00087,2025-03-02 04:33:20,1647.88,Media,Small,Wallet,Success,
T00005040,M00029,2025-03-03 18:33:03,3944.06,Retail,Small,Debit Card,Success,
T00005041,M00015,2025-12-20 23:05:27,2541.44,E-commerce,Medium,UPI,Success,
T00005042,M00064,2025-09-23 10:53:10,6585.61,Professional Services,Large,Net Banking,Success,
T00005043,M00002,2025-01-21 09:10:40,655.22,Retail,Small,UPI,Success,
T00005044,M00053,2025-01-17 09:06:27,2690.83,Education,Small,Net Banking,Success,
T00005045,M00043,2025-04-01 08:36:03,9028.79,Professional Services,Small,Wallet,Success,
T00005046,M00097,2025-05-05 01:34:25,5596.88,Professional Services,Small,Credit Card,Success,
T00005047,M00059,2025-10-21 14:05:11,651.82,Retail,Medium,UPI,Success,
T00005048,M00071,2025-04-23 11:38:05,2042.76,Retail,Small,Debit Card,Success,
T00005049,M00085,2025-09-18 01:30:59,385.27,Gaming,Medium,Wallet,Success,
T00005050,M00028,2025-03-19 17:17:40,1637.85,E-commerce,Small,UPI,Success,
T00005051,M00092,2025-03-23 02:29:53,4608.51,Healthcare,Medium,Debit Card,Success,
T00005052,M00031,2025-02-01 07:30:07,2306.56,Media,Small,Net Banking,Success,
T00005053,M00034,2025-05-23 23:06:38,660.57,Gaming,Medium,Debit Card,Success,
T00005054,M00050,2025-03-01 03:07:38,11605.2,SaaS,Small,Wallet,Success,
T00005055,M00080,2025-12-22 10:17:18,561.84,Media,Small,Credit Card,Success,
T00005056,M00025,2025-05-26 08:44:03,782.83,Food Delivery,Small,UPI,Success,
T00005057,M00005,2025-03-04 02:02:02,31607.17,Travel,Small,Net Banking,Success,
T00005058,M00098,2025-03-18 00:43:52,6728.18,SaaS,Medium,Credit Card,Success,
T00005059,M00003,2025-04-12 02:33:42,2736.6,Education,Small,Credit Card,Success,
T00005060,M00003,2025-06-23 00:45:57,5270.44,Education,Small,Credit Card,Success,
T00005061,M00028,2025-09-10 23:34:06,1779.99,E-commerce,Small,UPI,Success,
T00005062,M00073,2025-02-13 18:22:46,2167.64,SaaS,Small,Net Banking,Success,
T00005063,M00065,2025-11-09 11:44:57,2336.74,E-commerce,Large,Debit Card,Success,
T00005064,M00089,2025-10-23 01:28:11,11075.19,Education,Small,UPI,Success,
T00005065,M00024,2025-10-18 05:05:22,705.9,Gaming,Small,Credit Card,Success,
T00005066,M00090,2025-08-19 09:34:00,13337.31,Healthcare,Medium,Debit Card,Success,
T00005067,M00035,2025-05-21 04:11:20,1104.21,Retail,Small,UPI,Success,
T00005068,M00093,2025-12-12 17:19:33,7776.81,SaaS,Small,Net Banking,Success,
T00005069,M00027,2025-04-08 23:54:36,1615.22,E-commerce,Large,Credit Card,Success,
T00005070,M00084,2025-11-19 04:18:47,445.07,Food Delivery,Small,Net Banking,Success,
T00005071,M00085,2025-05-10 16:28:19,494.86,Gaming,Medium,Wallet,Success,
T00005072,M00088,2025-05-08 03:12:18,1158.63,Food Delivery,Small,UPI,Success,
T00005073,M00056,2025-06-01 18:05:41,4213.38,E-commerce,Large,Credit Card,Success,
T00005074,M00039,2025-08-06 19:18:47,1759.69,Gaming,Small,UPI,Success,
T00005075,M00011,2025-11-05 17:57:59,11753.35,Education,Small,UPI,Success,
T00005076,M00019,2025-08-28 08:59:15,4422.51,E-commerce,Medium,Wallet,Success,
T00005077,M00030,2025-01-01 02:31:24,3229.11,E-commerce,Small,UPI,Success,
T00005078,M00064,2025-04-17 12:01:16,5217.92,Professional Services,Large,Net Banking,Failed,Network Error
T00005079,M00075,2025-06-22 20:15:56,419.9,E-commerce,Small,Wallet,Success,
T00005080,M00062,2025-01-21 19:00:31,5372.42,Retail,Medium,Credit Card,Success,
T00005081,M00063,2025-09-08 19:01:56,5549.1,Healthcare,Small,Credit Card,Success,
T00005082,M00095,2025-01-30 13:17:55,746.92,E-commerce,Small,Credit Card,Success,
T00005083,M00049,2025-09-11 20:14:08,2181.87,Retail,Medium,Wallet,Success,
T00005084,M00080,2025-04-28 07:18:40,849.86,Media,Small,Credit Card,Success,
T00005085,M00081,2025-06-27 10:52:27,672.98,Media,Small,UPI,Success,
T00005086,M00019,2025-03-21 11:37:30,3411.54,E-commerce,Medium,Wallet,Success,
T00005087,M00051,2025-09-05 06:33:55,3752.1,Retail,Medium,UPI,Success,
T00005088,M00029,2025-12-28 13:57:01,2241.21,Retail,Small,Debit Card,Failed,Bank Decline
T00005089,M00010,2025-01-06 13:41:46,2676.93,Retail,Medium,UPI,Success,
T00005090,M00080,2025-12-11 06:13:10,1040.9,Media,Small,Credit Card,Success,
T00005091,M00013,2025-08-05 11:45:44,2405.41,E-commerce,Small,Debit Card,Success,
T00005092,M00041,2025-01-25 13:50:53,4739.32,E-commerce,Small,Wallet,Success,
T00005093,M00082,2025-03-01 12:48:41,6889.1,Education,Large,Debit Card,Success,
T00005094,M00089,2025-01-15 10:22:01,10004.03,Education,Small,UPI,Success,
T00005095,M00082,2025-11-19 12:21:58,5292.69,Education,Large,Debit Card,Success,
T00005096,M00024,2025-12-15 12:26:59,851.52,Gaming,Small,Credit Card,Success,
T00005097,M00092,2025-01-25 11:17:52,7029.22,Healthcare,Medium,Debit Card,Success,
T00005098,M00057,2025-10-07 04:21:42,8333.23,Healthcare,Medium,Credit Card,Success,
T00005099,M00003,2025-11-08 10:37:55,3943.45,Education,Small,Credit Card,Failed,Bank Decline
T00005100,M00015,2025-04-02 04:40:01,3203.64,E-commerce,Medium,UPI,Success,
T00005101,M00097,2025-11-11 17:02:45,10436.39,Professional Services,Small,Credit Card,Success,
T00005102,M00019,2025-11-21 10:25:20,4675.71,E-commerce,Medium,Wallet,Success,
T00005103,M00100,2025-08-06 01:44:21,938.69,E-commerce,Small,UPI,Success,
T00005104,M00010,2025-11-26 12:11:18,1757.69,Retail,Medium,UPI,Success,
T00005105,M00022,2025-04-22 06:31:58,304.36,Food Delivery,Small,Wallet,Success,
T00005106,M00013,2025-07-03 11:47:16,3169.55,E-commerce,Small,Debit Card,Success,
T00005107,M00091,2025-05-25 23:06:17,14434.19,Professional Services,Small,Net Banking,Success,
T00005108,M00078,2025-02-26 13:58:56,9910.68,SaaS,Medium,Net Banking,Success,
T00005109,M00060,2025-09-06 06:50:24,527.85,Food Delivery,Medium,Debit Card,Success,
T00005110,M00070,2025-07-01 13:16:05,1307.84,Food Delivery,Large,Debit Card,Failed,Network Error
T00005111,M00099,2025-02-27 08:02:27,5081.89,Retail,Small,Wallet,Success,
T00005112,M00030,2025-07-30 14:18:34,1392.88,E-commerce,Small,UPI,Success,
T00005113,M00093,2025-06-17 15:50:28,8474.33,SaaS,Small,Net Banking,Success,
T00005114,M00049,2025-12-26 03:00:23,1616.59,Retail,Medium,Wallet,Success,
T00005115,M00035,2025-07-01 04:36:33,1231.35,Retail,Small,UPI,Success,
T00005116,M00046,2025-12-12 12:59:10,15403.32,Professional Services,Small,Net Banking,Success,
T00005117,M00080,2025-07-16 15:33:03,1382.77,Media,Small,Credit Card,Success,
T00005118,M00026,2025-05-13 16:24:27,1017.34,Retail,Medium,Credit Card,Success,
T00005119,M00081,2025-11-20 02:55:26,421.12,Media,Small,UPI,Success,
T00005120,M00046,2025-11-14 00:04:40,5737.33,Professional Services,Small,Net Banking,Success,
T00005121,M00036,2025-11-17 06:37:33,822.96,Food Delivery,Medium,UPI,Success,
T00005122,M00037,2025-02-13 10:47:48,6392.43,Education,Medium,UPI,Failed,Payment Timeout
T00005123,M00064,2025-01-17 07:16:02,4774.9,Professional Services,Large,Net Banking,Success,
T00005124,M00062,2025-08-02 18:33:08,4046.98,Retail,Medium,Credit Card,Success,
T00005125,M00043,2025-03-05 23:07:58,5127.54,Professional Services,Small,Wallet,Success,
T00005126,M00095,2025-07-09 23:29:16,315.12,E-commerce,Small,Credit Card,Success,
T00005127,M00035,2025-10-12 05:22:48,2197.78,Retail,Small,UPI,Success,
T00005128,M00028,2025-07-23 03:50:28,1766.54,E-commerce,Small,UPI,Success,
T00005129,M00013,2025-06-02 13:09:31,2558.77,E-commerce,Small,Debit Card,Success,
T00005130,M00028,2025-10-19 21:05:53,2993.32,E-commerce,Small,UPI,Failed,Bank Decline
T00005131,M00048,2025-09-06 17:36:25,676.83,Food Delivery,Medium,Credit Card,Success,
T00005132,M00011,2025-10-20 13:26:28,6377.97,Education,Small,UPI,Success,
T00005133,M00097,2025-01-01 05:33:22,11784.01,Professional Services,Small,Credit Card,Success,
T00005134,M00006,2025-07-12 07:37:32,1689.75,Retail,Small,UPI,Success,
T00005135,M00003,2025-01-29 01:00:53,3783.69,Education,Small,Credit Card,Success,
T00005136,M00087,2025-04-28 14:50:14,1426.87,Media,Small,Wallet,Success,
T00005137,M00026,2025-07-30 11:29:50,917.32,Retail,Medium,Credit Card,Success,
T00005138,M00036,2025-01-07 07:10:52,375.42,Food Delivery,Medium,UPI,Success,
T00005139,M00036,2025-02-17 00:30:20,989.08,Food Delivery,Medium,UPI,Success,
T00005140,M00002,2025-01-27 00:41:20,1421.38,Retail,Small,UPI,Success,
T00005141,M00003,2025-02-16 04:43:18,3112.87,Education,Small,Credit Card,Success,
T00005142,M00025,2025-09-29 00:08:23,1269.13,Food Delivery,Small,UPI,Success,
T00005143,M00018,2025-05-14 06:34:20,6812.58,Professional Services,Small,Net Banking,Success,
T00005144,M00027,2025-08-18 00:18:59,1805.39,E-commerce,Large,Credit Card,Success,
T00005145,M00092,2025-09-04 16:40:32,4120.25,Healthcare,Medium,Debit Card,Success,
T00005146,M00003,2025-01-13 05:46:09,3904.3,Education,Small,Credit Card,Success,
T00005147,M00068,2025-05-17 12:11:20,2163.49,Retail,Medium,Debit Card,Success,
T00005148,M00027,2025-05-30 00:51:30,1737.38,E-commerce,Large,Credit Card,Success,
T00005149,M00093,2025-10-26 22:56:18,9734.07,SaaS,Small,Net Banking,Success,
T00005150,M00056,2025-05-17 08:04:08,6229.84,E-commerce,Large,Credit Card,Failed,Technical Error
T00005151,M00054,2025-07-10 10:00:21,1267.41,Media,Small,Credit Card,Failed,Insufficient Funds
T00005152,M00058,2025-07-04 10:07:33,1389.39,Food Delivery,Small,UPI,Success,
T00005153,M00087,2025-02-05 17:57:26,2666.73,Media,Small,Wallet,Success,
T00005154,M00039,2025-12-25 04:33:38,2444.86,Gaming,Small,UPI,Success,
T00005155,M00017,2025-05-28 12:28:08,10699.07,Professional Services,Small,Credit Card,Failed,Insufficient Funds
T00005156,M00096,2025-05-06 09:23:23,1324.86,Gaming,Small,UPI,Success,
T00005157,M00010,2025-10-29 19:41:28,1775.9,Retail,Medium,UPI,Success,
T00005158,M00090,2025-02-06 21:01:59,6354.16,Healthcare,Medium,Debit Card,Success,
T00005159,M00086,2025-02-19 20:37:37,706.39,Food Delivery,Large,UPI,Success,
T00005160,M00004,2025-07-16 15:00:25,1567.91,Education,Medium,UPI,Success,
T00005161,M00055,2025-07-14 23:39:21,14445.43,SaaS,Medium,Net Banking,Success,
T00005162,M00045,2025-11-08 04:43:43,3130.08,Media,Small,Wallet,Success,
T00005163,M00043,2025-09-11 20:56:49,5088.47,Professional Services,Small,Wallet,Success,
T00005164,M00070,2025-07-20 16:19:53,878.23,Food Delivery,Large,Debit Card,Success,
T00005165,M00022,2025-12-17 09:41:20,181.96,Food Delivery,Small,Wallet,Success,
T00005166,M00085,2025-08-22 10:50:51,486.12,Gaming,Medium,Wallet,Success,
T00005167,M00001,2025-02-12 14:14:27,265.01,Food Delivery,Small,UPI,Success,
T00005168,M00033,2025-07-07 05:55:41,1096.65,E-commerce,Small,UPI,Success,
T00005169,M00061,2025-01-03 05:03:28,5016.49,SaaS,Medium,UPI,Success,
T00005170,M00089,2025-03-10 14:19:33,10215.77,Education,Small,UPI,Success,
T00005171,M00038,2025-01-18 00:56:29,2993.36,Education,Small,Debit Card,Success,
T00005172,M00098,2025-08-15 15:15:53,14258.88,SaaS,Medium,Credit Card,Success,
T00005173,M00052,2025-03-30 19:56:29,21650.97,Travel,Medium,Credit Card,Failed,Insufficient Funds
T00005174,M00078,2025-02-09 10:24:00,6132.72,SaaS,Medium,Net Banking,Success,
T00005175,M00009,2025-02-21 06:19:11,774.32,Gaming,Small,Credit Card,Success,
T00005176,M00066,2025-06-20 03:21:45,415.12,Education,Large,Net Banking,Success,
T00005177,M00070,2025-11-05 11:45:38,1113.18,Food Delivery,Large,Debit Card,Success,
T00005178,M00022,2025-09-27 10:47:50,390.62,Food Delivery,Small,Wallet,Success,
T00005179,M00068,2025-07-31 01:38:38,1880.96,Retail,Medium,Debit Card,Success,
T00005180,M00093,2025-08-05 10:14:26,8575.65,SaaS,Small,Net Banking,Success,
T00005181,M00097,2025-01-26 23:54:45,8836.91,Professional Services,Small,Credit Card,Failed,Network Error
T00005182,M00050,2025-07-04 07:49:49,13112.39,SaaS,Small,Wallet,Success,
T00005183,M00085,2025-12-24 00:15:32,425.58,Gaming,Medium,Wallet,Success,
T00005184,M00091,2025-01-10 08:42:53,28891.04,Professional Services,Small,Net Banking,Success,
T00005185,M00046,2025-08-10 12:42:20,14892.61,Professional Services,Small,Net Banking,Success,
T00005186,M00096,2025-08-01 00:19:58,2017.11,Gaming,Small,UPI,Success,
T00005187,M00023,2025-04-13 03:23:59,1513.24,Healthcare,Small,Net Banking,Success,
T00005188,M00065,2025-08-15 01:45:23,1677.87,E-commerce,Large,Debit Card,Success,
T00005189,M00094,2025-08-06 08:28:14,13916.96,SaaS,Small,UPI,Success,
T00005190,M00034,2025-10-17 23:12:33,1586.74,Gaming,Medium,Debit Card,Success,
T00005191,M00007,2025-01-05 08:19:55,2222.59,Gaming,Small,Net Banking,Success,
T00005192,M00002,2025-07-23 17:16:57,1159.78,Retail,Small,UPI,Success,
T00005193,M00004,2025-08-16 09:56:04,1565.43,Education,Medium,UPI,Success,
T00005194,M00068,2025-05-05 02:13:40,1412.61,Retail,Medium,Debit Card,Success,
T00005195,M00070,2025-12-01 05:14:23,900.81,Food Delivery,Large,Debit Card,Success,
T00005196,M00073,2025-07-05 17:51:00,4068.32,SaaS,Small,Net Banking,Success,
T00005197,M00013,2025-02-08 11:11:06,2860.91,E-commerce,Small,Debit Card,Success,
T00005198,M00091,2025-11-30 11:35:49,22882.01,Professional Services,Small,Net Banking,Success,
T00005199,M00066,2025-02-26 17:51:58,1064.49,Education,Large,Net Banking,Success,
T00005200,M00056,2025-10-23 08:32:30,2394.21,E-commerce,Large,Credit Card,Success,
T00005201,M00030,2025-07-19 09:05:28,2881.92,E-commerce,Small,UPI,Success,
T00005202,M00072,2025-09-01 11:30:47,863.44,Media,Small,Credit Card,Success,
T00005203,M00020,2025-11-23 03:13:57,4261.77,Healthcare,Small,Net Banking,Success,
T00005204,M00055,2025-06-07 19:50:34,6540.4,SaaS,Medium,Net Banking,Success,
T00005205,M00056,2025-06-17 17:19:47,6178.13,E-commerce,Large,Credit Card,Success,
T00005206,M00058,2025-03-16 19:12:54,1501.82,Food Delivery,Small,UPI,Success,
T00005207,M00048,2025-12-28 11:29:53,584.24,Food Delivery,Medium,Credit Card,Success,
T00005208,M00014,2025-03-29 06:33:07,4813.12,E-commerce,Large,Credit Card,Success,
T00005209,M00041,2025-02-19 10:46:03,1218.11,E-commerce,Small,Wallet,Success,
T00005210,M00003,2025-06-07 21:09:04,4537.12,Education,Small,Credit Card,Success,
T00005211,M00040,2025-10-21 09:07:10,10721.82,Professional Services,Small,Net Banking,Success,
T00005212,M00092,2025-07-13 01:37:11,3671.76,Healthcare,Medium,Debit Card,Success,
T00005213,M00064,2025-06-18 01:26:36,5849.05,Professional Services,Large,Net Banking,Success,
T00005214,M00002,2025-10-01 14:10:37,752.98,Retail,Small,UPI,Success,
T00005215,M00084,2025-02-26 12:45:10,423.27,Food Delivery,Small,Net Banking,Success,
T00005216,M00058,2025-04-20 01:33:27,1284.29,Food Delivery,Small,UPI,Success,
T00005217,M00062,2025-11-10 08:01:37,5413.6,Retail,Medium,Credit Card,Success,
T00005218,M00049,2025-08-24 01:45:59,1412.21,Retail,Medium,Wallet,Success,
T00005219,M00004,2025-04-30 16:05:25,2522.32,Education,Medium,UPI,Success,
T00005220,M00064,2025-10-22 03:38:40,5738.52,Professional Services,Large,Net Banking,Success,
T00005221,M00020,2025-09-25 08:50:05,5725.46,Healthcare,Small,Net Banking,Success,
T00005222,M00018,2025-08-21 18:16:16,6417.36,Professional Services,Small,Net Banking,Success,
T00005223,M00068,2025-08-11 21:57:25,1747.55,Retail,Medium,Debit Card,Success,
T00005224,M00091,2025-05-13 23:29:33,20659.75,Professional Services,Small,Net Banking,Success,
T00005225,M00079,2025-08-28 08:57:13,198.79,Food Delivery,Large,Credit Card,Success,
T00005226,M00090,2025-04-16 08:14:39,7719.67,Healthcare,Medium,Debit Card,Success,
T00005227,M00066,2025-08-19 20:31:29,1118.7,Education,Large,Net Banking,Success,
T00005228,M00036,2025-12-19 07:52:52,841.21,Food Delivery,Medium,UPI,Success,
T00005229,M00006,2025-03-16 06:44:01,2833.29,Retail,Small,UPI,Success,
T00005230,M00065,2025-07-21 01:03:01,1826.64,E-commerce,Large,Debit Card,Success,
T00005231,M00084,2025-04-19 04:00:52,406.63,Food Delivery,Small,Net Banking,Success,
T00005232,M00075,2025-10-26 09:12:21,772.39,E-commerce,Small,Wallet,Success,
T00005233,M00054,2025-11-02 14:22:40,1303.13,Media,Small,Credit Card,Success,
T00005234,M00071,2025-09-24 20:16:03,3676.62,Retail,Small,Debit Card,Success,
T00005235,M00004,2025-10-04 18:06:34,1556.73,Education,Medium,UPI,Success,
T00005236,M00003,2025-08-14 22:17:38,3853.86,Education,Small,Credit Card,Success,
T00005237,M00090,2025-02-15 12:29:00,8372.39,Healthcare,Medium,Debit Card,Success,
T00005238,M00067,2025-03-21 21:34:41,204.1,Food Delivery,Medium,Credit Card,Success,
T00005239,M00079,2025-09-04 00:07:41,256.95,Food Delivery,Large,Credit Card,Success,
T00005240,M00099,2025-07-12 23:57:45,3537.78,Retail,Small,Wallet,Success,
T00005241,M00087,2025-06-02 02:15:30,1434.87,Media,Small,Wallet,Success,
T00005242,M00023,2025-07-28 17:00:40,7377.59,Healthcare,Small,Net Banking,Success,
T00005243,M00059,2025-04-09 22:12:56,668.21,Retail,Medium,UPI,Failed,Payment Timeout
T00005244,M00037,2025-06-02 15:46:48,6209.36,Education,Medium,UPI,Success,
T00005245,M00021,2025-03-15 08:56:14,2921.72,E-commerce,Small,UPI,Success,
T00005246,M00051,2025-12-30 00:30:39,3002.6,Retail,Medium,UPI,Failed,Payment Timeout
T00005247,M00097,2025-11-15 21:44:58,6795.28,Professional Services,Small,Credit Card,Success,
T00005248,M00071,2025-01-20 19:17:22,3645.06,Retail,Small,Debit Card,Failed,Technical Error
T00005249,M00015,2025-07-10 03:01:34,1592.2,E-commerce,Medium,UPI,Success,
T00005250,M00043,2025-02-16 09:18:21,4267.07,Professional Services,Small,Wallet,Success,
T00005251,M00067,2025-02-17 17:39:56,337.59,Food Delivery,Medium,Credit Card,Success,
T00005252,M00032,2025-11-26 00:14:26,3766.31,Retail,Medium,Credit Card,Success,
T00005253,M00045,2025-02-11 17:36:53,1987.8,Media,Small,Wallet,Success,
T00005254,M00016,2025-12-26 12:35:41,943.23,Retail,Medium,Debit Card,Success,
T00005255,M00038,2025-06-14 09:06:19,3782.74,Education,Small,Debit Card,Success,
T00005256,M00041,2025-01-04 19:51:55,7161.15,E-commerce,Small,Wallet,Success,
T00005257,M00065,2025-08-31 11:27:25,1440.45,E-commerce,Large,Debit Card,Success,
T00005258,M00061,2025-03-27 14:37:38,6107.65,SaaS,Medium,UPI,Success,
T00005259,M00073,2025-08-10 14:32:12,3996.53,SaaS,Small,Net Banking,Success,
T00005260,M00069,2025-04-02 19:03:23,2063.13,Education,Small,Credit Card,Success,
T00005261,M00049,2025-08-04 00:57:12,810.57,Retail,Medium,Wallet,Success,
T00005262,M00020,2025-11-17 10:40:11,6308.9,Healthcare,Small,Net Banking,Success,
T00005263,M00083,2025-07-30 09:06:54,699.65,Retail,Small,Debit Card,Success,
T00005264,M00054,2025-10-15 13:33:04,492.3,Media,Small,Credit Card,Success,
T00005265,M00024,2025-04-15 18:03:28,865.25,Gaming,Small,Credit Card,Success,
T00005266,M00024,2025-06-07 19:56:35,700.97,Gaming,Small,Credit Card,Success,
T00005267,M00056,2025-06-28 10:54:43,2519.31,E-commerce,Large,Credit Card,Success,
T00005268,M00082,2025-04-19 12:51:20,3867.27,Education,Large,Debit Card,Success,
T00005269,M00046,2025-04-03 17:30:16,11722.7,Professional Services,Small,Net Banking,Success,
T00005270,M00030,2025-11-26 22:44:54,1853.43,E-commerce,Small,UPI,Success,
T00005271,M00080,2025-03-24 20:55:06,844.16,Media,Small,Credit Card,Success,
T00005272,M00080,2025-06-22 11:37:12,1250.76,Media,Small,Credit Card,Success,
T00005273,M00005,2025-10-15 01:30:41,36414.88,Travel,Small,Net Banking,Success,
T00005274,M00031,2025-01-09 22:37:24,1065.59,Media,Small,Net Banking,Success,
T00005275,M00059,2025-04-16 12:38:41,916.62,Retail,Medium,UPI,Success,
T00005276,M00054,2025-12-06 20:57:30,1402.54,Media,Small,Credit Card,Success,
T00005277,M00073,2025-05-06 02:00:12,5371.47,SaaS,Small,Net Banking,Success,
T00005278,M00001,2025-06-21 17:30:16,399.08,Food Delivery,Small,UPI,Success,
T00005279,M00068,2025-05-25 20:14:56,1594.77,Retail,Medium,Debit Card,Success,
T00005280,M00022,2025-09-23 08:37:00,454.02,Food Delivery,Small,Wallet,Success,
T00005281,M00050,2025-11-03 01:20:39,9916.03,SaaS,Small,Wallet,Success,
T00005282,M00082,2025-04-17 11:11:11,7240.44,Education,Large,Debit Card,Success,
T00005283,M00068,2025-04-23 21:19:22,1834.32,Retail,Medium,Debit Card,Success,
T00005284,M00009,2025-01-10 10:16:06,668.57,Gaming,Small,Credit Card,Success,
T00005285,M00036,2025-08-07 18:25:17,875.04,Food Delivery,Medium,UPI,Success,
T00005286,M00067,2025-11-07 17:28:42,756.97,Food Delivery,Medium,Credit Card,Success,
T00005287,M00096,2025-08-11 00:13:29,1423.0,Gaming,Small,UPI,Success,
T00005288,M00098,2025-10-09 05:49:57,14743.89,SaaS,Medium,Credit Card,Success,
T00005289,M00061,2025-06-14 17:15:03,9612.1,SaaS,Medium,UPI,Success,
T00005290,M00099,2025-05-23 08:54:38,4767.75,Retail,Small,Wallet,Success,
T00005291,M00053,2025-04-11 22:03:44,3459.53,Education,Small,Net Banking,Success,
T00005292,M00035,2025-09-08 11:55:08,1958.07,Retail,Small,UPI,Success,
T00005293,M00038,2025-07-26 04:41:14,3902.73,Education,Small,Debit Card,Failed,Network Error
T00005294,M00015,2025-01-19 15:11:32,1021.58,E-commerce,Medium,UPI,Success,
T00005295,M00053,2025-02-04 22:36:16,4023.81,Education,Small,Net Banking,Success,
T00005296,M00007,2025-08-03 16:41:36,2454.33,Gaming,Small,Net Banking,Success,
T00005297,M00059,2025-01-31 18:42:48,629.6,Retail,Medium,UPI,Success,
T00005298,M00097,2025-02-25 00:07:29,7009.21,Professional Services,Small,Credit Card,Success,
T00005299,M00019,2025-04-19 03:56:00,5267.88,E-commerce,Medium,Wallet,Success,
T00005300,M00024,2025-03-06 17:05:34,704.71,Gaming,Small,Credit Card,Success,
T00005301,M00015,2025-04-01 00:40:41,2859.19,E-commerce,Medium,UPI,Success,
T00005302,M00041,2025-11-01 03:01:40,3113.74,E-commerce,Small,Wallet,Success,
T00005303,M00056,2025-12-03 15:13:38,5783.95,E-commerce,Large,Credit Card,Success,
T00005304,M00045,2025-06-14 09:06:23,2396.81,Media,Small,Wallet,Success,
T00005305,M00044,2025-04-02 17:57:54,26762.39,Professional Services,Small,Net Banking,Success,
T00005306,M00067,2025-01-30 22:08:04,559.82,Food Delivery,Medium,Credit Card,Success,
T00005307,M00055,2025-02-09 10:08:40,12302.18,SaaS,Medium,Net Banking,Success,
T00005308,M00041,2025-10-30 13:21:32,6777.7,E-commerce,Small,Wallet,Success,
T00005309,M00016,2025-10-23 11:43:54,885.47,Retail,Medium,Debit Card,Success,
T00005310,M00014,2025-03-14 13:09:53,4440.07,E-commerce,Large,Credit Card,Success,
T00005311,M00035,2025-01-04 09:31:23,1750.45,Retail,Small,UPI,Success,
T00005312,M00078,2025-11-12 20:33:33,15230.48,SaaS,Medium,Net Banking,Success,
T00005313,M00045,2025-07-15 22:22:17,3177.94,Media,Small,Wallet,Success,
T00005314,M00043,2025-07-02 04:01:13,4309.75,Professional Services,Small,Wallet,Success,
T00005315,M00048,2025-02-21 09:02:28,774.54,Food Delivery,Medium,Credit Card,Success,
T00005316,M00011,2025-11-01 03:33:23,10426.97,Education,Small,UPI,Success,
T00005317,M00009,2025-04-06 10:55:07,442.74,Gaming,Small,Credit Card,Success,
T00005318,M00095,2025-03-04 22:45:33,653.77,E-commerce,Small,Credit Card,Success,
T00005319,M00038,2025-10-21 00:34:35,5868.27,Education,Small,Debit Card,Success,
T00005320,M00046,2025-04-22 12:55:16,16936.98,Professional Services,Small,Net Banking,Success,
T00005321,M00036,2025-11-07 05:42:37,428.7,Food Delivery,Medium,UPI,Success,
T00005322,M00033,2025-10-10 01:00:00,4156.0,E-commerce,Small,UPI,Success,
T00005323,M00077,2025-07-23 21:49:40,4403.25,Professional Services,Medium,Credit Card,Success,
T00005324,M00056,2025-11-02 09:38:12,5370.2,E-commerce,Large,Credit Card,Success,
T00005325,M00012,2025-10-06 23:33:42,12428.39,SaaS,Medium,Net Banking,Success,
T00005326,M00036,2025-12-30 20:15:44,636.01,Food Delivery,Medium,UPI,Success,
T00005327,M00013,2025-07-15 09:43:17,2665.34,E-commerce,Small,Debit Card,Success,
T00005328,M00073,2025-01-29 12:17:48,3485.45,SaaS,Small,Net Banking,Success,
T00005329,M00097,2025-05-23 17:21:36,7864.38,Professional Services,Small,Credit Card,Success,
T00005330,M00067,2025-05-29 13:49:55,452.77,Food Delivery,Medium,Credit Card,Success,
T00005331,M00025,2025-05-26 02:25:21,1504.23,Food Delivery,Small,UPI,Success,
T00005332,M00062,2025-03-25 17:15:43,4472.09,Retail,Medium,Credit Card,Success,
T00005333,M00031,2025-09-05 22:49:10,1714.88,Media,Small,Net Banking,Success,
T00005334,M00099,2025-10-22 16:07:13,2853.83,Retail,Small,Wallet,Success,
T00005335,M00082,2025-09-10 01:46:59,6998.02,Education,Large,Debit Card,Success,
T00005336,M00035,2025-12-16 17:18:06,1356.76,Retail,Small,UPI,Success,
T00005337,M00060,2025-06-20 12:01:09,587.14,Food Delivery,Medium,Debit Card,Success,
T00005338,M00063,2025-05-25 07:15:23,6487.23,Healthcare,Small,Credit Card,Success,
T00005339,M00086,2025-06-29 22:15:45,1715.57,Food Delivery,Large,UPI,Success,
T00005340,M00091,2025-02-26 12:30:27,26632.41,Professional Services,Small,Net Banking,Success,
T00005341,M00043,2025-12-25 08:37:22,6516.73,Professional Services,Small,Wallet,Success,
T00005342,M00068,2025-12-20 04:08:53,1741.03,Retail,Medium,Debit Card,Success,
T00005343,M00020,2025-09-11 18:25:40,9197.7,Healthcare,Small,Net Banking,Success,
T00005344,M00080,2025-11-15 21:09:10,723.61,Media,Small,Credit Card,Success,
T00005345,M00039,2025-07-05 06:58:11,3587.67,Gaming,Small,UPI,Success,
T00005346,M00004,2025-01-27 07:31:42,2533.71,Education,Medium,UPI,Success,
T00005347,M00059,2025-03-17 03:21:28,707.31,Retail,Medium,UPI,Success,
T00005348,M00060,2025-02-09 08:12:35,786.04,Food Delivery,Medium,Debit Card,Success,
T00005349,M00031,2025-10-04 03:58:45,1546.34,Media,Small,Net Banking,Success,
T00005350,M00099,2025-09-02 22:18:44,4077.85,Retail,Small,Wallet,Success,
T00005351,M00002,2025-01-10 08:59:58,685.33,Retail,Small,UPI,Success,
T00005352,M00077,2025-05-15 17:34:56,8298.77,Professional Services,Medium,Credit Card,Success,
T00005353,M00078,2025-04-21 15:42:49,8321.43,SaaS,Medium,Net Banking,Success,
T00005354,M00058,2025-12-10 03:07:29,1961.44,Food Delivery,Small,UPI,Success,
T00005355,M00094,2025-07-09 07:59:10,7807.73,SaaS,Small,UPI,Success,
T00005356,M00088,2025-08-01 19:38:04,781.56,Food Delivery,Small,UPI,Success,
T00005357,M00062,2025-08-08 22:46:11,1.0,Retail,Medium,Credit Card,Success,
T00005358,M00092,2025-11-17 06:52:55,4231.23,Healthcare,Medium,Debit Card,Success,
T00005359,M00006,2025-09-14 13:23:23,2968.39,Retail,Small,UPI,Success,
T00005360,M00085,2025-02-25 21:43:30,217.39,Gaming,Medium,Wallet,Success,
T00005361,M00001,2025-12-22 08:22:11,433.84,Food Delivery,Small,UPI,Success,
T00005362,M00050,2025-03-27 12:45:45,16697.18,SaaS,Small,Wallet,Success,
T00005363,M00044,2025-04-28 15:19:42,17627.91,Professional Services,Small,Net Banking,Success,
T00005364,M00100,2025-03-17 05:04:54,713.41,E-commerce,Small,UPI,Success,
T00005365,M00089,2025-11-17 18:09:07,9541.21,Education,Small,UPI,Success,
T00005366,M00020,2025-12-22 18:24:10,6685.62,Healthcare,Small,Net Banking,Success,
T00005367,M00064,2025-01-26 17:17:31,8160.18,Professional Services,Large,Net Banking,Success,
T00005368,M00037,2025-11-02 15:29:05,7744.95,Education,Medium,UPI,Success,
T00005369,M00071,2025-07-01 20:56:02,3045.83,Retail,Small,Debit Card,Success,
T00005370,M00003,2025-02-14 08:45:58,3764.15,Education,Small,Credit Card,Success,
T00005371,M00073,2025-06-28 11:50:27,4379.04,SaaS,Small,Net Banking,Success,
T00005372,M00029,2025-05-25 12:22:33,3058.71,Retail,Small,Debit Card,Success,
T00005373,M00021,2025-04-11 05:30:40,1787.92,E-commerce,Small,UPI,Success,
T00005374,M00019,2025-10-16 04:58:44,3832.71,E-commerce,Medium,Wallet,Success,
T00005375,M00020,2025-09-16 05:42:14,7800.2,Healthcare,Small,Net Banking,Success,
T00005376,M00089,2025-10-06 06:51:41,8920.58,Education,Small,UPI,Success,
T00005377,M00096,2025-09-23 02:18:23,1580.79,Gaming,Small,UPI,Success,
T00005378,M00024,2025-03-29 20:19:35,1143.29,Gaming,Small,Credit Card,Success,
T00005379,M00050,2025-06-18 11:59:34,8802.09,SaaS,Small,Wallet,Success,
T00005380,M00099,2025-07-13 17:50:46,4365.16,Retail,Small,Wallet,Failed,Authentication Failure
T00005381,M00027,2025-01-20 22:01:31,1979.36,E-commerce,Large,Credit Card,Success,
T00005382,M00033,2025-02-11 08:37:19,3725.54,E-commerce,Small,UPI,Success,
T00005383,M00056,2025-08-04 13:06:22,5352.42,E-commerce,Large,Credit Card,Success,
T00005384,M00086,2025-04-07 14:24:22,1714.17,Food Delivery,Large,UPI,Success,
T00005385,M00081,2025-03-01 12:28:13,607.37,Media,Small,UPI,Success,
T00005386,M00084,2025-06-10 06:07:49,331.22,Food Delivery,Small,Net Banking,Success,
T00005387,M00084,2025-06-12 20:04:49,321.5,Food Delivery,Small,Net Banking,Success,
T00005388,M00055,2025-08-30 23:19:22,11775.66,SaaS,Medium,Net Banking,Success,
T00005389,M00011,2025-12-27 13:24:25,5398.59,Education,Small,UPI,Success,
T00005390,M00060,2025-01-23 02:22:29,329.2,Food Delivery,Medium,Debit Card,Success,
T00005391,M00089,2025-11-13 12:55:03,5542.95,Education,Small,UPI,Failed,Network Error
T00005392,M00077,2025-05-24 20:11:33,8619.87,Professional Services,Medium,Credit Card,Success,
T00005393,M00035,2025-04-02 12:43:06,1.0,Retail,Small,UPI,Success,
T00005394,M00068,2025-06-03 22:12:00,1616.61,Retail,Medium,Debit Card,Success,
T00005395,M00026,2025-06-07 09:50:05,1404.62,Retail,Medium,Credit Card,Success,
T00005396,M00049,2025-11-09 10:45:30,1580.32,Retail,Medium,Wallet,Success,
T00005397,M00047,2025-03-03 19:46:37,1126.06,Healthcare,Medium,UPI,Success,
T00005398,M00090,2025-02-09 02:13:03,7120.35,Healthcare,Medium,Debit Card,Success,
T00005399,M00097,2025-11-06 05:04:07,7175.69,Professional Services,Small,Credit Card,Success,
T00005400,M00061,2025-12-15 04:44:36,6673.37,SaaS,Medium,UPI,Success,
T00005401,M00024,2025-11-05 04:47:20,945.67,Gaming,Small,Credit Card,Failed,Insufficient Funds
T00005402,M00052,2025-07-02 23:58:41,14688.65,Travel,Medium,Credit Card,Success,
T00005403,M00063,2025-02-21 20:09:16,4238.95,Healthcare,Small,Credit Card,Success,
T00005404,M00071,2025-12-23 13:09:32,4108.02,Retail,Small,Debit Card,Success,
T00005405,M00067,2025-05-19 17:48:57,483.76,Food Delivery,Medium,Credit Card,Success,
T00005406,M00096,2025-05-01 07:14:28,1515.89,Gaming,Small,UPI,Success,
T00005407,M00068,2025-01-16 02:58:04,1669.41,Retail,Medium,Debit Card,Success,
T00005408,M00056,2025-01-01 01:59:10,4911.8,E-commerce,Large,Credit Card,Success,
T00005409,M00041,2025-03-16 15:52:57,5157.81,E-commerce,Small,Wallet,Success,
T00005410,M00010,2025-07-10 10:29:14,744.37,Retail,Medium,UPI,Success,
T00005411,M00082,2025-08-19 10:36:38,5517.54,Education,Large,Debit Card,Success,
T00005412,M00048,2025-08-26 23:07:20,1177.56,Food Delivery,Medium,Credit Card,Success,
T00005413,M00022,2025-01-26 05:18:29,178.11,Food Delivery,Small,Wallet,Success,
T00005414,M00044,2025-10-29 09:32:41,17290.55,Professional Services,Small,Net Banking,Success,
T00005415,M00001,2025-02-07 07:54:18,299.98,Food Delivery,Small,UPI,Success,
T00005416,M00036,2025-06-02 18:41:34,864.32,Food Delivery,Medium,UPI,Success,
T00005417,M00091,2025-09-16 06:19:45,20149.19,Professional Services,Small,Net Banking,Success,
T00005418,M00082,2025-07-17 15:04:01,8342.7,Education,Large,Debit Card,Success,
T00005419,M00056,2025-09-11 18:57:46,4514.44,E-commerce,Large,Credit Card,Success,
T00005420,M00057,2025-04-02 07:31:28,6978.98,Healthcare,Medium,Credit Card,Success,
T00005421,M00001,2025-11-25 23:45:26,344.34,Food Delivery,Small,UPI,Success,
T00005422,M00066,2025-02-27 18:10:45,1884.94,Education,Large,Net Banking,Success,
T00005423,M00063,2025-01-15 06:58:44,6725.25,Healthcare,Small,Credit Card,Success,
T00005424,M00036,2025-02-11 19:35:56,1024.63,Food Delivery,Medium,UPI,Failed,Bank Decline
T00005425,M00097,2025-02-27 23:49:36,6971.14,Professional Services,Small,Credit Card,Success,
T00005426,M00050,2025-05-05 06:09:13,9104.8,SaaS,Small,Wallet,Success,
T00005427,M00030,2025-10-07 02:12:53,1791.63,E-commerce,Small,UPI,Success,
T00005428,M00098,2025-09-17 12:43:18,12284.98,SaaS,Medium,Credit Card,Success,
T00005429,M00070,2025-08-03 10:08:00,1097.71,Food Delivery,Large,Debit Card,Success,
T00005430,M00068,2025-12-14 19:30:01,1109.83,Retail,Medium,Debit Card,Success,
T00005431,M00068,2025-01-14 03:22:32,1193.17,Retail,Medium,Debit Card,Success,
T00005432,M00090,2025-01-19 23:53:40,11363.97,Healthcare,Medium,Debit Card,Success,
T00005433,M00012,2025-11-28 07:09:58,11770.04,SaaS,Medium,Net Banking,Success,
T00005434,M00069,2025-06-30 00:10:11,4750.52,Education,Small,Credit Card,Success,
T00005435,M00026,2025-06-04 08:52:18,1973.53,Retail,Medium,Credit Card,Success,
T00005436,M00050,2025-11-13 19:37:54,4985.46,SaaS,Small,Wallet,Success,
T00005437,M00075,2025-10-02 17:18:06,452.43,E-commerce,Small,Wallet,Success,
T00005438,M00047,2025-08-09 00:48:12,1882.28,Healthcare,Medium,UPI,Success,
T00005439,M00062,2025-03-13 10:38:56,6479.72,Retail,Medium,Credit Card,Failed,Authentication Failure
T00005440,M00032,2025-02-06 04:50:21,2731.45,Retail,Medium,Credit Card,Success,
T00005441,M00014,2025-05-10 22:17:25,5352.0,E-commerce,Large,Credit Card,Success,
T00005442,M00002,2025-08-23 12:57:34,1382.21,Retail,Small,UPI,Success,
T00005443,M00053,2025-04-18 21:51:51,5911.83,Education,Small,Net Banking,Success,
T00005444,M00049,2025-10-27 08:56:07,1064.38,Retail,Medium,Wallet,Success,
T00005445,M00092,2025-05-21 02:13:27,3840.04,Healthcare,Medium,Debit Card,Success,
T00005446,M00083,2025-01-02 01:30:48,751.12,Retail,Small,Debit Card,Success,
T00005447,M00029,2025-10-27 15:32:06,4756.1,Retail,Small,Debit Card,Success,
T00005448,M00033,2025-05-10 03:17:29,2755.8,E-commerce,Small,UPI,Success,
T00005449,M00064,2025-11-30 03:02:02,7589.33,Professional Services,Large,Net Banking,Success,
T00005450,M00008,2025-12-12 11:32:45,8960.76,Travel,Small,Credit Card,Success,
T00005451,M00026,2025-08-18 07:44:42,1202.55,Retail,Medium,Credit Card,Success,
T00005452,M00050,2025-10-11 23:56:25,8778.07,SaaS,Small,Wallet,Success,
T00005453,M00091,2025-06-26 16:27:52,23817.4,Professional Services,Small,Net Banking,Success,
T00005454,M00053,2025-10-21 12:19:13,3843.76,Education,Small,Net Banking,Success,
T00005455,M00077,2025-04-21 11:35:55,6477.01,Professional Services,Medium,Credit Card,Success,
T00005456,M00052,2025-11-04 12:28:03,31261.45,Travel,Medium,Credit Card,Success,
T00005457,M00083,2025-11-19 03:59:31,2356.7,Retail,Small,Debit Card,Success,
T00005458,M00081,2025-08-25 10:03:31,224.13,Media,Small,UPI,Success,
T00005459,M00052,2025-12-25 11:49:04,20742.0,Travel,Medium,Credit Card,Success,
T00005460,M00063,2025-04-27 14:50:08,6811.53,Healthcare,Small,Credit Card,Success,
T00005461,M00063,2025-11-27 22:45:03,6026.32,Healthcare,Small,Credit Card,Success,
T00005462,M00020,2025-04-09 16:46:27,8927.64,Healthcare,Small,Net Banking,Success,
T00005463,M00021,2025-01-02 15:56:21,2459.35,E-commerce,Small,UPI,Success,
T00005464,M00077,2025-06-24 11:18:46,7513.31,Professional Services,Medium,Credit Card,Success,
T00005465,M00017,2025-01-01 20:58:31,3372.9,Professional Services,Small,Credit Card,Success,
T00005466,M00046,2025-04-17 06:27:37,18289.45,Professional Services,Small,Net Banking,Success,
T00005467,M00011,2025-12-16 07:53:26,5186.97,Education,Small,UPI,Success,
T00005468,M00062,2025-10-12 13:43:33,3869.89,Retail,Medium,Credit Card,Success,
T00005469,M00001,2025-09-06 13:24:55,427.71,Food Delivery,Small,UPI,Success,
T00005470,M00001,2025-07-12 20:58:45,191.1,Food Delivery,Small,UPI,Failed,Bank Decline
T00005471,M00070,2025-07-27 10:04:46,986.73,Food Delivery,Large,Debit Card,Success,
T00005472,M00013,2025-04-02 04:48:21,1918.93,E-commerce,Small,Debit Card,Failed,Authentication Failure
T00005473,M00046,2025-08-06 18:36:45,13437.09,Professional Services,Small,Net Banking,Success,
T00005474,M00079,2025-01-06 12:27:33,191.66,Food Delivery,Large,Credit Card,Success,
T00005475,M00007,2025-01-31 22:38:32,2640.78,Gaming,Small,Net Banking,Success,
T00005476,M00015,2025-02-08 15:02:01,2656.76,E-commerce,Medium,UPI,Success,
T00005477,M00088,2025-10-19 01:00:35,666.93,Food Delivery,Small,UPI,Success,
T00005478,M00080,2025-04-10 20:16:32,648.97,Media,Small,Credit Card,Success,
T00005479,M00041,2025-12-18 20:06:30,2522.37,E-commerce,Small,Wallet,Success,
T00005480,M00046,2025-10-25 03:10:50,16821.09,Professional Services,Small,Net Banking,Failed,Network Error
T00005481,M00026,2025-07-30 14:47:04,1483.6,Retail,Medium,Credit Card,Success,
T00005482,M00037,2025-03-02 10:00:16,4341.28,Education,Medium,UPI,Success,
T00005483,M00088,2025-11-28 06:49:06,1149.47,Food Delivery,Small,UPI,Success,
T00005484,M00025,2025-10-27 04:05:02,799.6,Food Delivery,Small,UPI,Success,
T00005485,M00037,2025-04-15 21:03:31,8270.92,Education,Medium,UPI,Success,
T00005486,M00001,2025-02-17 03:53:38,369.2,Food Delivery,Small,UPI,Success,
T00005487,M00076,2025-11-21 08:32:49,8149.37,Education,Small,Net Banking,Success,
T00005488,M00031,2025-09-17 10:11:46,1148.27,Media,Small,Net Banking,Success,
T00005489,M00080,2025-11-02 01:21:45,1156.01,Media,Small,Credit Card,Success,
T00005490,M00098,2025-05-31 15:18:35,15000.1,SaaS,Medium,Credit Card,Success,
T00005491,M00063,2025-07-31 18:36:21,7238.6,Healthcare,Small,Credit Card,Success,
T00005492,M00062,2025-08-29 22:00:22,3556.46,Retail,Medium,Credit Card,Success,
T00005493,M00067,2025-11-05 02:11:00,567.11,Food Delivery,Medium,Credit Card,Success,
T00005494,M00066,2025-05-13 20:36:51,107.58,Education,Large,Net Banking,Success,
T00005495,M00095,2025-11-13 14:22:55,535.36,E-commerce,Small,Credit Card,Failed,Technical Error
T00005496,M00076,2025-05-17 11:07:23,6269.14,Education,Small,Net Banking,Success,
T00005497,M00067,2025-11-28 11:15:16,316.92,Food Delivery,Medium,Credit Card,Success,
T00005498,M00017,2025-07-19 00:05:53,14176.96,Professional Services,Small,Credit Card,Success,
T00005499,M00019,2025-06-06 07:11:36,4863.27,E-commerce,Medium,Wallet,Success,
T00005500,M00001,2025-10-28 09:12:04,453.64,Food Delivery,Small,UPI,Success,
T00005501,M00042,2025-09-28 19:49:00,18416.56,Healthcare,Small,Debit Card,Success,
T00005502,M00031,2025-09-13 03:55:24,2374.74,Media,Small,Net Banking,Failed,Authentication Failure
T00005503,M00093,2025-08-05 11:52:58,7358.71,SaaS,Small,Net Banking,Success,
T00005504,M00038,2025-03-19 07:52:06,2268.23,Education,Small,Debit Card,Success,
T00005505,M00052,2025-01-15 03:04:52,24072.66,Travel,Medium,Credit Card,Success,
T00005506,M00099,2025-09-16 02:20:12,4278.91,Retail,Small,Wallet,Success,
T00005507,M00061,2025-09-09 22:28:44,5919.97,SaaS,Medium,UPI,Success,
T00005508,M00010,2025-05-03 09:35:56,2789.48,Retail,Medium,UPI,Success,
T00005509,M00097,2025-02-03 02:21:25,7926.37,Professional Services,Small,Credit Card,Success,
T00005510,M00012,2025-10-25 12:48:14,11791.78,SaaS,Medium,Net Banking,Success,
T00005511,M00046,2025-02-22 17:28:15,8634.43,Professional Services,Small,Net Banking,Success,
T00005512,M00009,2025-10-23 18:28:38,861.23,Gaming,Small,Credit Card,Success,
T00005513,M00020,2025-08-31 16:55:26,10152.48,Healthcare,Small,Net Banking,Success,
T00005514,M00059,2025-04-06 13:14:11,416.49,Retail,Medium,UPI,Success,
T00005515,M00045,2025-11-16 07:07:45,2375.15,Media,Small,Wallet,Success,
T00005516,M00083,2025-04-27 14:06:52,1633.37,Retail,Small,Debit Card,Success,
T00005517,M00073,2025-02-23 04:10:55,3237.29,SaaS,Small,Net Banking,Failed,Network Error
T00005518,M00081,2025-05-13 00:28:53,206.01,Media,Small,UPI,Success,
T00005519,M00044,2025-01-29 21:25:57,19483.05,Professional Services,Small,Net Banking,Success,
T00005520,M00032,2025-10-14 20:30:56,2547.73,Retail,Medium,Credit Card,Success,
T00005521,M00025,2025-01-09 19:52:47,1391.84,Food Delivery,Small,UPI,Success,
T00005522,M00099,2025-02-06 03:32:00,4417.57,Retail,Small,Wallet,Success,
T00005523,M00073,2025-12-28 17:22:24,2376.63,SaaS,Small,Net Banking,Success,
T00005524,M00085,2025-02-14 00:43:26,387.28,Gaming,Medium,Wallet,Success,
T00005525,M00083,2025-04-13 14:31:15,1620.08,Retail,Small,Debit Card,Success,
T00005526,M00065,2025-08-12 20:32:35,1116.62,E-commerce,Large,Debit Card,Success,
T00005527,M00060,2025-11-07 20:00:14,639.86,Food Delivery,Medium,Debit Card,Success,
T00005528,M00093,2025-10-23 09:37:35,7404.56,SaaS,Small,Net Banking,Success,
T00005529,M00079,2025-07-30 05:20:26,259.79,Food Delivery,Large,Credit Card,Success,
T00005530,M00091,2025-12-30 04:46:57,16034.12,Professional Services,Small,Net Banking,Success,
T00005531,M00026,2025-09-26 03:45:38,656.21,Retail,Medium,Credit Card,Success,
T00005532,M00087,2025-02-09 00:07:43,1530.64,Media,Small,Wallet,Success,
T00005533,M00060,2025-10-20 03:57:43,729.32,Food Delivery,Medium,Debit Card,Success,
T00005534,M00005,2025-02-06 02:31:10,22426.67,Travel,Small,Net Banking,Success,
T00005535,M00068,2025-04-15 11:42:39,1471.27,Retail,Medium,Debit Card,Success,
T00005536,M00074,2025-08-17 11:23:35,887.35,Gaming,Medium,Credit Card,Success,
T00005537,M00057,2025-12-13 04:28:20,6564.19,Healthcare,Medium,Credit Card,Success,
T00005538,M00004,2025-07-30 11:28:28,2190.01,Education,Medium,UPI,Success,
T00005539,M00055,2025-03-03 16:11:16,8871.81,SaaS,Medium,Net Banking,Success,
T00005540,M00028,2025-02-01 20:22:41,1861.02,E-commerce,Small,UPI,Success,
T00005541,M00013,2025-03-13 21:31:45,1865.22,E-commerce,Small,Debit Card,Success,
T00005542,M00060,2025-09-02 23:50:40,405.79,Food Delivery,Medium,Debit Card,Success,
T00005543,M00020,2025-07-02 15:39:35,9272.55,Healthcare,Small,Net Banking,Success,
T00005544,M00072,2025-11-16 07:13:56,1271.42,Media,Small,Credit Card,Success,
T00005545,M00044,2025-07-17 22:36:12,15533.91,Professional Services,Small,Net Banking,Success,
T00005546,M00062,2025-12-06 20:16:08,5554.31,Retail,Medium,Credit Card,Success,
T00005547,M00057,2025-11-05 14:46:38,9140.99,Healthcare,Medium,Credit Card,Success,
T00005548,M00011,2025-04-03 09:29:52,3167.17,Education,Small,UPI,Success,
T00005549,M00054,2025-03-23 22:43:57,759.27,Media,Small,Credit Card,Success,
T00005550,M00081,2025-04-24 16:13:13,345.92,Media,Small,UPI,Success,
T00005551,M00042,2025-06-07 02:24:18,12897.49,Healthcare,Small,Debit Card,Success,
T00005552,M00070,2025-04-15 14:37:09,1077.42,Food Delivery,Large,Debit Card,Success,
T00005553,M00029,2025-11-29 11:48:10,5585.09,Retail,Small,Debit Card,Success,
T00005554,M00011,2025-08-24 01:23:38,5170.11,Education,Small,UPI,Success,
T00005555,M00012,2025-02-14 12:14:57,8978.48,SaaS,Medium,Net Banking,Success,
T00005556,M00073,2025-02-19 18:49:37,4400.47,SaaS,Small,Net Banking,Success,
T00005557,M00094,2025-11-13 07:11:20,10522.47,SaaS,Small,UPI,Success,
T00005558,M00050,2025-02-21 10:30:36,10586.09,SaaS,Small,Wallet,Success,
T00005559,M00087,2025-03-31 15:43:50,2813.89,Media,Small,Wallet,Success,
T00005560,M00033,2025-09-23 15:58:38,4005.04,E-commerce,Small,UPI,Success,
T00005561,M00065,2025-03-26 17:10:18,1474.09,E-commerce,Large,Debit Card,Success,
T00005562,M00066,2025-03-23 15:15:08,1728.13,Education,Large,Net Banking,Success,
T00005563,M00041,2025-11-19 07:53:15,3998.97,E-commerce,Small,Wallet,Success,
T00005564,M00051,2025-06-23 15:02:11,2699.47,Retail,Medium,UPI,Success,
T00005565,M00021,2025-10-09 07:05:51,2439.69,E-commerce,Small,UPI,Success,
T00005566,M00007,2025-06-09 15:58:47,2592.49,Gaming,Small,Net Banking,Success,
T00005567,M00002,2025-07-21 12:10:51,794.73,Retail,Small,UPI,Success,
T00005568,M00024,2025-09-04 15:06:34,578.06,Gaming,Small,Credit Card,Success,
T00005569,M00023,2025-06-01 03:42:35,4571.22,Healthcare,Small,Net Banking,Success,
T00005570,M00012,2025-09-15 05:06:59,15889.32,SaaS,Medium,Net Banking,Success,
T00005571,M00076,2025-07-09 21:00:15,10018.44,Education,Small,Net Banking,Success,
T00005572,M00090,2025-06-18 06:35:13,8338.83,Healthcare,Medium,Debit Card,Success,
T00005573,M00036,2025-01-24 20:19:56,955.97,Food Delivery,Medium,UPI,Success,
T00005574,M00048,2025-07-23 14:39:44,335.94,Food Delivery,Medium,Credit Card,Success,
T00005575,M00096,2025-06-10 13:12:28,2028.69,Gaming,Small,UPI,Success,
T00005576,M00029,2025-03-10 18:19:10,4750.3,Retail,Small,Debit Card,Success,
T00005577,M00060,2025-01-06 08:19:24,294.26,Food Delivery,Medium,Debit Card,Success,
T00005578,M00053,2025-06-26 11:35:08,4581.69,Education,Small,Net Banking,Success,
T00005579,M00037,2025-09-08 04:50:43,7465.5,Education,Medium,UPI,Success,
T00005580,M00063,2025-11-23 00:24:30,5966.97,Healthcare,Small,Credit Card,Success,
T00005581,M00041,2025-06-01 16:36:30,4268.42,E-commerce,Small,Wallet,Success,
T00005582,M00062,2025-02-21 20:11:11,5700.13,Retail,Medium,Credit Card,Success,
T00005583,M00065,2025-04-02 00:57:42,1237.63,E-commerce,Large,Debit Card,Failed,Payment Timeout
T00005584,M00010,2025-07-17 22:43:37,1501.15,Retail,Medium,UPI,Success,
T00005585,M00004,2025-02-26 04:37:43,2860.66,Education,Medium,UPI,Success,
T00005586,M00008,2025-09-25 22:24:26,18119.13,Travel,Small,Credit Card,Success,
T00005587,M00075,2025-12-01 18:26:41,415.63,E-commerce,Small,Wallet,Success,
T00005588,M00092,2025-01-08 21:12:20,2421.79,Healthcare,Medium,Debit Card,Success,
T00005589,M00084,2025-12-10 15:00:50,628.06,Food Delivery,Small,Net Banking,Success,
T00005590,M00011,2025-04-05 20:59:12,10350.65,Education,Small,UPI,Success,
T00005591,M00019,2025-09-17 14:22:36,7145.77,E-commerce,Medium,Wallet,Success,
T00005592,M00072,2025-12-26 00:19:06,655.21,Media,Small,Credit Card,Success,
T00005593,M00050,2025-03-13 01:11:30,5098.79,SaaS,Small,Wallet,Success,
T00005594,M00044,2025-01-08 14:24:21,6180.49,Professional Services,Small,Net Banking,Success,
T00005595,M00037,2025-09-25 19:53:23,7511.29,Education,Medium,UPI,Success,
T00005596,M00049,2025-07-06 19:25:27,996.41,Retail,Medium,Wallet,Success,
T00005597,M00055,2025-02-12 02:58:42,12438.38,SaaS,Medium,Net Banking,Success,
T00005598,M00098,2025-09-28 07:26:28,6211.41,SaaS,Medium,Credit Card,Success,
T00005599,M00007,2025-08-16 15:42:31,3237.98,Gaming,Small,Net Banking,Success,
T00005600,M00050,2025-08-22 15:03:37,15459.82,SaaS,Small,Wallet,Success,
T00005601,M00061,2025-05-19 14:25:57,10290.45,SaaS,Medium,UPI,Success,
T00005602,M00077,2025-04-06 02:29:05,9110.21,Professional Services,Medium,Credit Card,Success,
T00005603,M00008,2025-11-30 03:14:32,11458.93,Travel,Small,Credit Card,Success,
T00005604,M00069,2025-05-10 11:47:06,8528.92,Education,Small,Credit Card,Success,
T00005605,M00010,2025-06-17 07:33:47,2062.47,Retail,Medium,UPI,Success,
T00005606,M00022,2025-08-08 11:39:47,408.69,Food Delivery,Small,Wallet,Success,
T00005607,M00033,2025-03-31 19:54:48,3721.76,E-commerce,Small,UPI,Success,
T00005608,M00051,2025-07-27 18:22:53,3996.89,Retail,Medium,UPI,Failed,Insufficient Funds
T00005609,M00094,2025-02-09 20:26:33,7633.59,SaaS,Small,UPI,Success,
T00005610,M00066,2025-02-22 17:00:49,387.77,Education,Large,Net Banking,Success,
T00005611,M00047,2025-03-25 07:35:57,1721.89,Healthcare,Medium,UPI,Success,
T00005612,M00036,2025-12-23 14:16:35,974.38,Food Delivery,Medium,UPI,Success,
T00005613,M00090,2025-02-16 17:04:01,13265.07,Healthcare,Medium,Debit Card,Success,
T00005614,M00040,2025-12-13 20:19:15,12275.67,Professional Services,Small,Net Banking,Success,
T00005615,M00062,2025-05-13 08:37:09,5807.92,Retail,Medium,Credit Card,Success,
T00005616,M00026,2025-04-08 05:07:13,1418.9,Retail,Medium,Credit Card,Success,
T00005617,M00021,2025-07-28 12:11:15,2644.14,E-commerce,Small,UPI,Success,
T00005618,M00050,2025-07-04 20:45:27,3504.0,SaaS,Small,Wallet,Success,
T00005619,M00081,2025-07-30 03:11:09,537.28,Media,Small,UPI,Success,
T00005620,M00042,2025-12-26 17:04:21,14212.91,Healthcare,Small,Debit Card,Success,
T00005621,M00076,2025-11-14 07:36:05,11772.34,Education,Small,Net Banking,Success,
T00005622,M00002,2025-02-08 20:56:22,897.67,Retail,Small,UPI,Success,
T00005623,M00074,2025-08-15 08:49:40,1113.47,Gaming,Medium,Credit Card,Success,
T00005624,M00052,2025-09-28 10:43:24,34299.15,Travel,Medium,Credit Card,Success,
T00005625,M00090,2025-05-19 14:32:45,9350.73,Healthcare,Medium,Debit Card,Success,
T00005626,M00048,2025-10-14 23:03:13,468.62,Food Delivery,Medium,Credit Card,Success,
T00005627,M00081,2025-09-01 13:59:16,257.32,Media,Small,UPI,Success,
T00005628,M00069,2025-11-16 08:31:20,5328.88,Education,Small,Credit Card,Success,
T00005629,M00005,2025-10-14 09:45:54,29737.7,Travel,Small,Net Banking,Success,
T00005630,M00001,2025-03-18 18:10:54,401.56,Food Delivery,Small,UPI,Success,
T00005631,M00007,2025-06-28 23:28:51,3855.46,Gaming,Small,Net Banking,Success,
T00005632,M00021,2025-01-13 05:30:59,3017.72,E-commerce,Small,UPI,Success,
T00005633,M00082,2025-12-21 06:42:16,6167.7,Education,Large,Debit Card,Success,
T00005634,M00091,2025-10-23 13:53:50,12278.1,Professional Services,Small,Net Banking,Success,
T00005635,M00016,2025-09-24 17:03:53,592.57,Retail,Medium,Debit Card,Success,
T00005636,M00091,2025-03-03 18:37:45,20378.74,Professional Services,Small,Net Banking,Success,
T00005637,M00046,2025-01-03 23:02:58,14357.1,Professional Services,Small,Net Banking,Success,
T00005638,M00048,2025-11-24 08:28:09,812.31,Food Delivery,Medium,Credit Card,Success,
T00005639,M00046,2025-02-12 03:31:15,15923.46,Professional Services,Small,Net Banking,Success,
T00005640,M00041,2025-06-11 04:34:22,4854.5,E-commerce,Small,Wallet,Success,
T00005641,M00063,2025-03-31 00:49:52,4699.45,Healthcare,Small,Credit Card,Success,
T00005642,M00006,2025-10-05 04:22:26,2756.61,Retail,Small,UPI,Success,
T00005643,M00009,2025-09-20 23:25:06,297.27,Gaming,Small,Credit Card,Success,
T00005644,M00087,2025-12-23 04:20:40,1647.29,Media,Small,Wallet,Success,
T00005645,M00054,2025-05-09 04:16:56,1110.16,Media,Small,Credit Card,Failed,Payment Timeout
T00005646,M00063,2025-09-14 12:27:40,4407.02,Healthcare,Small,Credit Card,Success,
T00005647,M00094,2025-06-24 09:31:45,7366.83,SaaS,Small,UPI,Success,
T00005648,M00036,2025-04-19 10:06:11,1021.38,Food Delivery,Medium,UPI,Success,
T00005649,M00095,2025-08-24 10:57:05,640.53,E-commerce,Small,Credit Card,Success,
T00005650,M00038,2025-01-08 18:40:19,4743.12,Education,Small,Debit Card,Success,
T00005651,M00083,2025-04-25 18:34:42,1158.77,Retail,Small,Debit Card,Failed,Payment Timeout
T00005652,M00033,2025-02-14 19:07:00,5082.98,E-commerce,Small,UPI,Success,
T00005653,M00076,2025-02-19 05:39:55,9024.82,Education,Small,Net Banking,Success,
T00005654,M00036,2025-11-29 21:27:27,751.38,Food Delivery,Medium,UPI,Success,
T00005655,M00038,2025-07-06 03:36:06,2113.06,Education,Small,Debit Card,Success,
T00005656,M00006,2025-11-14 04:14:10,4218.21,Retail,Small,UPI,Success,
T00005657,M00029,2025-07-21 03:41:06,5175.99,Retail,Small,Debit Card,Success,
T00005658,M00044,2025-04-04 09:27:47,23621.19,Professional Services,Small,Net Banking,Success,
T00005659,M00035,2025-07-17 10:46:49,2363.1,Retail,Small,UPI,Success,
T00005660,M00042,2025-07-29 07:52:15,6997.78,Healthcare,Small,Debit Card,Success,
T00005661,M00070,2025-05-12 16:45:09,986.02,Food Delivery,Large,Debit Card,Success,
T00005662,M00015,2025-08-02 04:11:17,2171.03,E-commerce,Medium,UPI,Success,
T00005663,M00068,2025-03-11 05:58:12,1982.43,Retail,Medium,Debit Card,Success,
T00005664,M00066,2025-02-24 06:12:51,1653.44,Education,Large,Net Banking,Success,
T00005665,M00059,2025-03-27 15:16:54,781.42,Retail,Medium,UPI,Success,
T00005666,M00065,2025-06-21 18:58:44,1324.81,E-commerce,Large,Debit Card,Success,
T00005667,M00014,2025-10-07 23:27:35,3582.07,E-commerce,Large,Credit Card,Success,
T00005668,M00052,2025-06-28 23:53:31,22428.11,Travel,Medium,Credit Card,Success,
T00005669,M00006,2025-04-18 07:24:27,4234.48,Retail,Small,UPI,Success,
T00005670,M00092,2025-01-05 11:27:49,4356.21,Healthcare,Medium,Debit Card,Success,
T00005671,M00020,2025-10-29 02:21:33,8197.77,Healthcare,Small,Net Banking,Success,
T00005672,M00041,2025-01-12 18:51:30,4202.06,E-commerce,Small,Wallet,Success,
T00005673,M00032,2025-03-06 01:12:08,2735.09,Retail,Medium,Credit Card,Success,
T00005674,M00024,2025-02-02 02:11:30,373.12,Gaming,Small,Credit Card,Success,
T00005675,M00077,2025-07-06 17:11:35,8637.37,Professional Services,Medium,Credit Card,Success,
T00005676,M00071,2025-07-29 08:08:10,2531.54,Retail,Small,Debit Card,Success,
T00005677,M00006,2025-01-23 05:35:09,3715.87,Retail,Small,UPI,Success,
T00005678,M00075,2025-10-07 07:40:00,302.95,E-commerce,Small,Wallet,Success,
T00005679,M00043,2025-05-18 05:20:16,4372.4,Professional Services,Small,Wallet,Success,
T00005680,M00016,2025-07-15 17:48:27,1435.46,Retail,Medium,Debit Card,Success,
T00005681,M00024,2025-10-20 06:04:54,781.06,Gaming,Small,Credit Card,Success,
T00005682,M00060,2025-02-27 10:56:03,691.12,Food Delivery,Medium,Debit Card,Success,
T00005683,M00005,2025-08-12 20:17:51,19158.32,Travel,Small,Net Banking,Success,
T00005684,M00036,2025-10-26 06:09:31,807.36,Food Delivery,Medium,UPI,Success,
T00005685,M00022,2025-03-10 05:52:31,460.94,Food Delivery,Small,Wallet,Success,
T00005686,M00036,2025-01-17 11:45:15,669.89,Food Delivery,Medium,UPI,Success,
T00005687,M00046,2025-07-02 02:13:33,18120.73,Professional Services,Small,Net Banking,Success,
T00005688,M00054,2025-08-21 17:03:26,1058.92,Media,Small,Credit Card,Success,
T00005689,M00034,2025-09-15 02:37:59,1487.23,Gaming,Medium,Debit Card,Success,
T00005690,M00077,2025-05-13 14:54:34,9356.38,Professional Services,Medium,Credit Card,Success,
T00005691,M00036,2025-10-09 03:13:47,544.64,Food Delivery,Medium,UPI,Success,
T00005692,M00034,2025-08-07 15:33:15,1455.81,Gaming,Medium,Debit Card,Success,
T00005693,M00038,2025-06-10 09:10:54,3666.54,Education,Small,Debit Card,Success,
T00005694,M00010,2025-05-05 21:54:21,2334.79,Retail,Medium,UPI,Success,
T00005695,M00071,2025-01-20 00:41:37,1656.7,Retail,Small,Debit Card,Success,
T00005696,M00090,2025-05-26 18:17:14,13126.31,Healthcare,Medium,Debit Card,Success,
T00005697,M00023,2025-08-03 14:04:37,6534.83,Healthcare,Small,Net Banking,Success,
T00005698,M00002,2025-03-22 17:55:20,544.08,Retail,Small,UPI,Success,
T00005699,M00037,2025-08-22 20:00:07,8945.95,Education,Medium,UPI,Success,
T00005700,M00085,2025-11-02 10:55:39,288.82,Gaming,Medium,Wallet,Failed,Payment Timeout
T00005701,M00021,2025-10-30 09:12:23,1438.87,E-commerce,Small,UPI,Success,
T00005702,M00014,2025-03-13 18:08:52,1812.99,E-commerce,Large,Credit Card,Success,
T00005703,M00083,2025-01-24 13:52:28,1557.1,Retail,Small,Debit Card,Success,
T00005704,M00007,2025-06-02 02:41:24,3230.65,Gaming,Small,Net Banking,Success,
T00005705,M00083,2025-07-25 06:41:00,2000.63,Retail,Small,Debit Card,Success,
T00005706,M00046,2025-01-02 22:20:23,17551.34,Professional Services,Small,Net Banking,Success,
T00005707,M00023,2025-10-12 18:42:41,6976.82,Healthcare,Small,Net Banking,Success,
T00005708,M00084,2025-07-03 22:39:40,665.14,Food Delivery,Small,Net Banking,Success,
T00005709,M00011,2025-12-28 12:36:53,7400.96,Education,Small,UPI,Success,
T00005710,M00064,2025-03-14 21:20:30,9365.34,Professional Services,Large,Net Banking,Success,
T00005711,M00046,2025-01-25 22:04:11,11334.05,Professional Services,Small,Net Banking,Success,
T00005712,M00018,2025-02-24 22:53:04,9136.58,Professional Services,Small,Net Banking,Success,
T00005713,M00089,2025-08-29 10:11:39,6093.32,Education,Small,UPI,Success,
T00005714,M00063,2025-09-08 13:34:12,2818.17,Healthcare,Small,Credit Card,Success,
T00005715,M00078,2025-10-11 17:14:09,11919.77,SaaS,Medium,Net Banking,Success,
T00005716,M00050,2025-12-08 13:01:54,14822.79,SaaS,Small,Wallet,Success,
T00005717,M00039,2025-10-06 10:50:29,2617.94,Gaming,Small,UPI,Success,
T00005718,M00022,2025-06-17 08:10:37,560.26,Food Delivery,Small,Wallet,Success,
T00005719,M00089,2025-05-01 05:32:29,9437.69,Education,Small,UPI,Success,
T00005720,M00053,2025-01-16 20:05:11,3986.71,Education,Small,Net Banking,Success,
T00005721,M00005,2025-04-24 06:08:41,35232.48,Travel,Small,Net Banking,Success,
T00005722,M00057,2025-10-19 09:14:14,8453.5,Healthcare,Medium,Credit Card,Success,
T00005723,M00021,2025-04-23 20:41:56,2845.14,E-commerce,Small,UPI,Success,
T00005724,M00061,2025-03-30 23:10:17,7516.71,SaaS,Medium,UPI,Success,
T00005725,M00076,2025-05-24 07:46:23,5804.94,Education,Small,Net Banking,Success,
T00005726,M00076,2025-12-03 02:44:48,10622.04,Education,Small,Net Banking,Success,
T00005727,M00044,2025-01-10 00:50:13,12687.01,Professional Services,Small,Net Banking,Success,
T00005728,M00098,2025-11-04 14:50:56,8366.15,SaaS,Medium,Credit Card,Success,
T00005729,M00099,2025-04-23 20:35:43,1025.32,Retail,Small,Wallet,Success,
T00005730,M00071,2025-12-22 20:17:48,2472.59,Retail,Small,Debit Card,Success,
T00005731,M00060,2025-10-27 19:54:19,603.27,Food Delivery,Medium,Debit Card,Success,
T00005732,M00048,2025-09-28 20:17:47,866.8,Food Delivery,Medium,Credit Card,Success,
T00005733,M00027,2025-03-11 07:19:03,1779.24,E-commerce,Large,Credit Card,Success,
T00005734,M00019,2025-02-22 03:20:11,3670.88,E-commerce,Medium,Wallet,Success,
T00005735,M00001,2025-11-20 00:30:11,325.62,Food Delivery,Small,UPI,Success,
T00005736,M00077,2025-04-23 12:09:51,4396.89,Professional Services,Medium,Credit Card,Success,
T00005737,M00087,2025-01-23 08:09:25,2349.11,Media,Small,Wallet,Success,
T00005738,M00020,2025-03-25 22:30:35,8393.77,Healthcare,Small,Net Banking,Success,
T00005739,M00069,2025-10-25 02:44:58,7193.97,Education,Small,Credit Card,Success,
T00005740,M00050,2025-08-17 00:22:10,9879.06,SaaS,Small,Wallet,Success,
T00005741,M00019,2025-10-03 07:13:20,6272.0,E-commerce,Medium,Wallet,Success,
T00005742,M00096,2025-11-09 23:58:47,2278.67,Gaming,Small,UPI,Success,
T00005743,M00099,2025-02-06 17:30:06,3909.03,Retail,Small,Wallet,Success,
T00005744,M00050,2025-12-08 05:06:47,8147.44,SaaS,Small,Wallet,Success,
T00005745,M00087,2025-07-31 09:58:11,3348.62,Media,Small,Wallet,Success,
T00005746,M00009,2025-02-05 12:05:02,1007.94,Gaming,Small,Credit Card,Success,
T00005747,M00045,2025-03-18 21:24:07,2154.94,Media,Small,Wallet,Success,
T00005748,M00034,2025-03-29 15:50:26,1522.72,Gaming,Medium,Debit Card,Success,
T00005749,M00085,2025-06-07 22:13:26,535.19,Gaming,Medium,Wallet,Failed,Payment Timeout
T00005750,M00033,2025-10-23 16:19:47,2496.09,E-commerce,Small,UPI,Success,
T00005751,M00024,2025-10-22 12:47:05,1555.01,Gaming,Small,Credit Card,Success,
T00005752,M00017,2025-07-14 10:42:30,8350.29,Professional Services,Small,Credit Card,Success,
T00005753,M00099,2025-10-30 11:59:54,1839.25,Retail,Small,Wallet,Success,
T00005754,M00023,2025-01-05 03:28:10,5808.17,Healthcare,Small,Net Banking,Success,
T00005755,M00082,2025-03-23 01:15:29,9320.38,Education,Large,Debit Card,Success,
T00005756,M00090,2025-02-11 10:56:34,634.85,Healthcare,Medium,Debit Card,Success,
T00005757,M00057,2025-06-11 04:17:30,11037.74,Healthcare,Medium,Credit Card,Success,
T00005758,M00003,2025-12-25 23:20:50,4565.41,Education,Small,Credit Card,Success,
T00005759,M00034,2025-09-25 08:19:20,1143.68,Gaming,Medium,Debit Card,Success,
T00005760,M00036,2025-04-13 11:36:23,1063.5,Food Delivery,Medium,UPI,Success,
T00005761,M00023,2025-11-16 15:17:50,8291.37,Healthcare,Small,Net Banking,Success,
T00005762,M00079,2025-06-11 08:50:32,230.54,Food Delivery,Large,Credit Card,Success,
T00005763,M00100,2025-12-09 15:27:26,598.61,E-commerce,Small,UPI,Success,
T00005764,M00079,2025-11-04 14:44:39,201.5,Food Delivery,Large,Credit Card,Success,
T00005765,M00083,2025-12-11 01:02:12,1954.35,Retail,Small,Debit Card,Success,
T00005766,M00031,2025-02-17 20:03:41,1871.73,Media,Small,Net Banking,Success,
T00005767,M00057,2025-09-06 06:36:01,10191.18,Healthcare,Medium,Credit Card,Success,
T00005768,M00027,2025-03-29 17:01:10,1204.12,E-commerce,Large,Credit Card,Success,
T00005769,M00065,2025-07-25 18:55:08,654.72,E-commerce,Large,Debit Card,Success,
T00005770,M00072,2025-10-21 19:17:18,940.53,Media,Small,Credit Card,Failed,Bank Decline
T00005771,M00064,2025-03-08 06:06:49,8370.06,Professional Services,Large,Net Banking,Success,
T00005772,M00078,2025-08-22 18:42:59,10975.08,SaaS,Medium,Net Banking,Success,
T00005773,M00009,2025-01-29 13:05:02,822.01,Gaming,Small,Credit Card,Success,
T00005774,M00083,2025-01-30 19:18:42,1951.3,Retail,Small,Debit Card,Success,
T00005775,M00004,2025-12-29 15:26:26,3098.47,Education,Medium,UPI,Success,
T00005776,M00048,2025-02-20 12:10:36,844.35,Food Delivery,Medium,Credit Card,Success,
T00005777,M00012,2025-06-08 03:49:32,11600.2,SaaS,Medium,Net Banking,Success,
T00005778,M00019,2025-01-09 06:06:12,4500.54,E-commerce,Medium,Wallet,Success,
T00005779,M00044,2025-05-12 01:39:06,16027.34,Professional Services,Small,Net Banking,Success,
T00005780,M00074,2025-11-04 02:09:20,1801.77,Gaming,Medium,Credit Card,Success,
T00005781,M00004,2025-07-21 16:35:33,1980.31,Education,Medium,UPI,Success,
T00005782,M00022,2025-10-31 00:59:10,356.59,Food Delivery,Small,Wallet,Success,
T00005783,M00045,2025-01-17 08:56:45,4043.56,Media,Small,Wallet,Success,
T00005784,M00093,2025-12-10 16:12:49,5586.98,SaaS,Small,Net Banking,Success,
T00005785,M00012,2025-06-01 16:33:36,7193.72,SaaS,Medium,Net Banking,Success,
T00005786,M00033,2025-10-24 05:12:59,5017.84,E-commerce,Small,UPI,Success,
T00005787,M00028,2025-03-01 19:18:27,2241.05,E-commerce,Small,UPI,Success,
T00005788,M00020,2025-03-24 15:56:16,7577.69,Healthcare,Small,Net Banking,Success,
T00005789,M00041,2025-03-10 03:51:16,4569.65,E-commerce,Small,Wallet,Success,
T00005790,M00037,2025-01-21 05:09:37,5581.12,Education,Medium,UPI,Success,
T00005791,M00052,2025-07-17 16:55:49,17148.53,Travel,Medium,Credit Card,Success,
T00005792,M00098,2025-09-01 06:16:07,10679.16,SaaS,Medium,Credit Card,Success,
T00005793,M00055,2025-06-14 20:22:49,13587.56,SaaS,Medium,Net Banking,Success,
T00005794,M00017,2025-03-23 21:20:40,6108.62,Professional Services,Small,Credit Card,Failed,Network Error
T00005795,M00077,2025-04-23 18:43:54,7638.51,Professional Services,Medium,Credit Card,Success,
T00005796,M00060,2025-12-15 02:41:07,539.59,Food Delivery,Medium,Debit Card,Success,
T00005797,M00013,2025-11-05 06:51:29,1646.68,E-commerce,Small,Debit Card,Success,
T00005798,M00067,2025-04-26 21:39:53,487.8,Food Delivery,Medium,Credit Card,Success,
T00005799,M00076,2025-12-02 02:11:34,6225.72,Education,Small,Net Banking,Success,
T00005800,M00029,2025-02-23 00:13:41,2752.97,Retail,Small,Debit Card,Success,
T00005801,M00027,2025-03-24 07:37:02,1640.68,E-commerce,Large,Credit Card,Success,
T00005802,M00010,2025-01-21 17:43:38,2525.51,Retail,Medium,UPI,Success,
T00005803,M00030,2025-05-24 21:53:45,1444.74,E-commerce,Small,UPI,Success,
T00005804,M00051,2025-01-19 10:39:02,4342.56,Retail,Medium,UPI,Success,
T00005805,M00071,2025-08-08 05:09:54,2383.03,Retail,Small,Debit Card,Success,
T00005806,M00024,2025-08-11 22:52:59,775.17,Gaming,Small,Credit Card,Success,
T00005807,M00080,2025-01-07 03:01:03,735.1,Media,Small,Credit Card,Success,
T00005808,M00018,2025-11-10 12:48:46,5477.94,Professional Services,Small,Net Banking,Success,
T00005809,M00093,2025-10-21 16:28:09,4819.9,SaaS,Small,Net Banking,Failed,Authentication Failure
T00005810,M00095,2025-10-25 17:29:43,447.24,E-commerce,Small,Credit Card,Success,
T00005811,M00047,2025-11-10 19:45:31,1054.2,Healthcare,Medium,UPI,Success,
T00005812,M00011,2025-08-03 15:31:26,10107.88,Education,Small,UPI,Success,
T00005813,M00079,2025-10-22 23:00:11,143.01,Food Delivery,Large,Credit Card,Success,
T00005814,M00060,2025-11-28 17:44:28,421.55,Food Delivery,Medium,Debit Card,Success,
T00005815,M00011,2025-12-12 07:29:29,6161.92,Education,Small,UPI,Success,
T00005816,M00097,2025-08-13 23:16:37,7103.83,Professional Services,Small,Credit Card,Success,
T00005817,M00020,2025-08-09 21:14:19,8510.76,Healthcare,Small,Net Banking,Success,
T00005818,M00028,2025-01-09 06:16:55,2981.27,E-commerce,Small,UPI,Success,
T00005819,M00055,2025-12-11 14:35:36,11124.03,SaaS,Medium,Net Banking,Failed,Bank Decline
T00005820,M00042,2025-03-10 00:16:14,13718.28,Healthcare,Small,Debit Card,Success,
T00005821,M00058,2025-02-12 01:56:26,1694.53,Food Delivery,Small,UPI,Success,
T00005822,M00094,2025-04-25 08:18:06,17220.4,SaaS,Small,UPI,Success,
T00005823,M00100,2025-10-29 11:20:57,915.97,E-commerce,Small,UPI,Success,
T00005824,M00073,2025-01-22 06:31:00,3733.33,SaaS,Small,Net Banking,Success,
T00005825,M00081,2025-09-29 17:28:04,592.2,Media,Small,UPI,Success,
T00005826,M00029,2025-09-06 15:27:51,4328.75,Retail,Small,Debit Card,Success,
T00005827,M00006,2025-10-24 15:03:13,1498.85,Retail,Small,UPI,Success,
T00005828,M00068,2025-03-09 13:00:06,1948.99,Retail,Medium,Debit Card,Success,
T00005829,M00033,2025-05-01 04:45:55,406.54,E-commerce,Small,UPI,Success,
T00005830,M00040,2025-08-24 15:08:36,7959.11,Professional Services,Small,Net Banking,Success,
T00005831,M00078,2025-09-18 06:13:07,8608.61,SaaS,Medium,Net Banking,Success,
T00005832,M00006,2025-12-15 22:49:51,1469.08,Retail,Small,UPI,Success,
T00005833,M00049,2025-02-23 19:07:42,1139.1,Retail,Medium,Wallet,Success,
T00005834,M00093,2025-11-14 23:31:02,4806.6,SaaS,Small,Net Banking,Failed,Insufficient Funds
T00005835,M00080,2025-12-15 10:59:00,656.3,Media,Small,Credit Card,Success,
T00005836,M00055,2025-02-25 07:47:19,16459.99,SaaS,Medium,Net Banking,Success,
T00005837,M00042,2025-08-08 21:59:55,7797.08,Healthcare,Small,Debit Card,Success,
T00005838,M00006,2025-11-26 16:59:24,2747.13,Retail,Small,UPI,Success,
T00005839,M00022,2025-06-07 18:20:48,315.86,Food Delivery,Small,Wallet,Success,
T00005840,M00080,2025-06-18 14:31:48,671.93,Media,Small,Credit Card,Success,
T00005841,M00089,2025-02-06 07:27:31,8202.35,Education,Small,UPI,Success,
T00005842,M00056,2025-06-08 00:48:55,3507.29,E-commerce,Large,Credit Card,Success,
T00005843,M00096,2025-12-25 15:17:03,1747.43,Gaming,Small,UPI,Success,
T00005844,M00071,2025-06-15 10:10:38,2515.49,Retail,Small,Debit Card,Success,
T00005845,M00040,2025-11-19 13:53:07,11738.49,Professional Services,Small,Net Banking,Success,
T00005846,M00089,2025-07-25 06:01:12,6529.57,Education,Small,UPI,Success,
T00005847,M00008,2025-05-11 19:41:33,20768.24,Travel,Small,Credit Card,Success,
T00005848,M00098,2025-03-16 13:57:03,11137.6,SaaS,Medium,Credit Card,Success,
T00005849,M00071,2025-06-04 19:52:41,2069.11,Retail,Small,Debit Card,Success,
T00005850,M00053,2025-05-01 16:19:54,3980.03,Education,Small,Net Banking,Success,
T00005851,M00084,2025-04-16 14:18:18,392.77,Food Delivery,Small,Net Banking,Success,
T00005852,M00072,2025-03-05 18:52:43,816.44,Media,Small,Credit Card,Success,
T00005853,M00001,2025-03-28 21:21:30,551.25,Food Delivery,Small,UPI,Success,
T00005854,M00019,2025-08-22 04:03:47,4663.68,E-commerce,Medium,Wallet,Success,
T00005855,M00017,2025-12-10 18:58:36,1841.42,Professional Services,Small,Credit Card,Success,
T00005856,M00075,2025-10-24 10:02:33,994.33,E-commerce,Small,Wallet,Success,
T00005857,M00066,2025-03-20 11:19:24,2109.26,Education,Large,Net Banking,Success,
T00005858,M00041,2025-05-11 00:56:38,5359.13,E-commerce,Small,Wallet,Success,
T00005859,M00058,2025-11-16 17:56:35,1483.75,Food Delivery,Small,UPI,Success,
T00005860,M00074,2025-07-24 23:34:04,980.64,Gaming,Medium,Credit Card,Success,
T00005861,M00062,2025-09-09 18:27:21,4057.65,Retail,Medium,Credit Card,Success,
T00005862,M00043,2025-11-30 03:37:07,6580.61,Professional Services,Small,Wallet,Success,
T00005863,M00035,2025-01-22 02:19:55,965.41,Retail,Small,UPI,Success,
T00005864,M00077,2025-07-22 15:36:01,8786.48,Professional Services,Medium,Credit Card,Success,
T00005865,M00098,2025-08-15 04:56:36,16709.53,SaaS,Medium,Credit Card,Success,
T00005866,M00044,2025-01-20 12:49:20,13157.06,Professional Services,Small,Net Banking,Success,
T00005867,M00014,2025-03-27 15:18:33,3297.88,E-commerce,Large,Credit Card,Success,
T00005868,M00083,2025-06-21 03:09:05,1288.6,Retail,Small,Debit Card,Success,
T00005869,M00072,2025-04-20 07:46:44,800.0,Media,Small,Credit Card,Failed,Bank Decline
T00005870,M00028,2025-10-09 23:00:29,2504.68,E-commerce,Small,UPI,Success,
T00005871,M00070,2025-12-02 03:53:41,982.32,Food Delivery,Large,Debit Card,Success,
T00005872,M00032,2025-01-08 13:24:12,2888.62,Retail,Medium,Credit Card,Success,
T00005873,M00003,2025-02-05 18:09:00,4106.85,Education,Small,Credit Card,Success,
T00005874,M00081,2025-07-04 03:17:56,279.46,Media,Small,UPI,Success,
T00005875,M00074,2025-12-25 11:49:22,1239.49,Gaming,Medium,Credit Card,Success,
T00005876,M00009,2025-08-22 17:09:56,852.45,Gaming,Small,Credit Card,Success,
T00005877,M00022,2025-10-30 01:03:39,404.03,Food Delivery,Small,Wallet,Success,
T00005878,M00015,2025-07-27 04:54:58,2884.23,E-commerce,Medium,UPI,Success,
T00005879,M00049,2025-03-17 20:02:04,1597.16,Retail,Medium,Wallet,Success,
T00005880,M00046,2025-02-21 12:32:01,18157.32,Professional Services,Small,Net Banking,Failed,Network Error
T00005881,M00085,2025-05-19 23:40:24,396.87,Gaming,Medium,Wallet,Success,
T00005882,M00002,2025-06-05 20:30:06,756.26,Retail,Small,UPI,Success,
T00005883,M00080,2025-07-31 12:50:09,1030.98,Media,Small,Credit Card,Success,
T00005884,M00058,2025-12-16 04:20:57,1195.45,Food Delivery,Small,UPI,Success,
T00005885,M00067,2025-09-21 07:43:22,686.48,Food Delivery,Medium,Credit Card,Success,
T00005886,M00046,2025-02-13 17:41:41,17193.03,Professional Services,Small,Net Banking,Success,
T00005887,M00001,2025-06-13 20:23:20,391.77,Food Delivery,Small,UPI,Success,
T00005888,M00089,2025-02-21 09:38:59,10498.94,Education,Small,UPI,Success,
T00005889,M00074,2025-08-01 02:08:24,797.74,Gaming,Medium,Credit Card,Success,
T00005890,M00007,2025-03-26 18:16:19,2593.83,Gaming,Small,Net Banking,Success,
T00005891,M00008,2025-12-13 04:27:18,12157.67,Travel,Small,Credit Card,Success,
T00005892,M00077,2025-01-20 02:25:48,5967.19,Professional Services,Medium,Credit Card,Success,
T00005893,M00085,2025-03-07 12:20:17,485.72,Gaming,Medium,Wallet,Success,
T00005894,M00087,2025-06-03 15:09:08,1506.31,Media,Small,Wallet,Success,
T00005895,M00081,2025-01-17 16:48:02,485.92,Media,Small,UPI,Success,
T00005896,M00050,2025-01-21 13:03:53,11723.81,SaaS,Small,Wallet,Success,
T00005897,M00070,2025-03-21 13:42:58,868.72,Food Delivery,Large,Debit Card,Success,
T00005898,M00045,2025-07-27 10:56:07,1244.02,Media,Small,Wallet,Success,
T00005899,M00031,2025-02-25 01:25:20,2412.61,Media,Small,Net Banking,Success,
T00005900,M00070,2025-07-19 09:08:56,820.61,Food Delivery,Large,Debit Card,Success,
T00005901,M00019,2025-03-14 11:41:18,7005.48,E-commerce,Medium,Wallet,Success,
T00005902,M00027,2025-12-08 01:14:40,2005.67,E-commerce,Large,Credit Card,Success,
T00005903,M00013,2025-11-15 16:52:16,1270.71,E-commerce,Small,Debit Card,Success,
T00005904,M00052,2025-03-17 02:28:57,17321.85,Travel,Medium,Credit Card,Success,
T00005905,M00022,2025-12-28 09:41:09,489.97,Food Delivery,Small,Wallet,Success,
T00005906,M00025,2025-10-13 06:28:59,1086.24,Food Delivery,Small,UPI,Success,
T00005907,M00065,2025-11-01 15:05:13,1438.04,E-commerce,Large,Debit Card,Success,
T00005908,M00065,2025-06-15 10:47:55,896.13,E-commerce,Large,Debit Card,Success,
T00005909,M00049,2025-03-31 22:56:12,1826.45,Retail,Medium,Wallet,Success,
T00005910,M00046,2025-11-26 08:38:30,10171.71,Professional Services,Small,Net Banking,Success,
T00005911,M00007,2025-07-31 01:53:48,2633.17,Gaming,Small,Net Banking,Success,
T00005912,M00070,2025-03-30 21:34:47,864.06,Food Delivery,Large,Debit Card,Success,
T00005913,M00065,2025-06-24 14:58:44,1605.38,E-commerce,Large,Debit Card,Success,
T00005914,M00020,2025-08-17 14:15:27,8347.9,Healthcare,Small,Net Banking,Success,
T00005915,M00085,2025-09-05 06:00:34,244.54,Gaming,Medium,Wallet,Failed,Authentication Failure
T00005916,M00052,2025-07-05 18:16:37,29532.24,Travel,Medium,Credit Card,Success,
T00005917,M00095,2025-06-06 09:03:25,707.86,E-commerce,Small,Credit Card,Success,
T00005918,M00017,2025-07-21 06:41:42,7826.07,Professional Services,Small,Credit Card,Success,
T00005919,M00097,2025-02-26 21:53:26,7519.6,Professional Services,Small,Credit Card,Success,
T00005920,M00094,2025-05-27 01:39:46,11166.12,SaaS,Small,UPI,Success,
T00005921,M00012,2025-02-02 18:13:20,9648.29,SaaS,Medium,Net Banking,Success,
T00005922,M00001,2025-05-16 15:44:51,322.5,Food Delivery,Small,UPI,Success,
T00005923,M00059,2025-03-03 20:00:41,1024.33,Retail,Medium,UPI,Success,
T00005924,M00050,2025-05-23 03:44:41,13848.07,SaaS,Small,Wallet,Success,
T00005925,M00020,2025-05-11 02:54:06,5796.19,Healthcare,Small,Net Banking,Success,
T00005926,M00055,2025-04-13 21:07:37,12081.86,SaaS,Medium,Net Banking,Success,
T00005927,M00093,2025-02-28 09:16:30,6800.21,SaaS,Small,Net Banking,Success,
T00005928,M00009,2025-03-09 15:47:56,516.15,Gaming,Small,Credit Card,Success,
T00005929,M00010,2025-08-10 14:32:51,2449.22,Retail,Medium,UPI,Failed,Payment Timeout
T00005930,M00091,2025-01-16 07:33:32,22215.86,Professional Services,Small,Net Banking,Success,
T00005931,M00020,2025-07-27 11:39:34,8769.51,Healthcare,Small,Net Banking,Success,
T00005932,M00078,2025-08-25 11:55:49,10012.7,SaaS,Medium,Net Banking,Success,
T00005933,M00076,2025-11-01 05:20:41,7276.14,Education,Small,Net Banking,Success,
T00005934,M00093,2025-12-13 11:41:17,6973.03,SaaS,Small,Net Banking,Success,
T00005935,M00049,2025-11-27 10:42:22,1389.92,Retail,Medium,Wallet,Success,
T00005936,M00020,2025-10-11 08:42:28,9069.13,Healthcare,Small,Net Banking,Success,
T00005937,M00031,2025-11-23 21:48:29,366.18,Media,Small,Net Banking,Success,
T00005938,M00079,2025-09-26 12:22:30,184.9,Food Delivery,Large,Credit Card,Success,
T00005939,M00075,2025-04-24 08:24:11,499.44,E-commerce,Small,Wallet,Success,
T00005940,M00012,2025-11-25 14:33:17,8542.51,SaaS,Medium,Net Banking,Success,
T00005941,M00055,2025-07-18 22:06:09,11750.36,SaaS,Medium,Net Banking,Success,
T00005942,M00020,2025-05-15 16:13:04,8174.44,Healthcare,Small,Net Banking,Success,
T00005943,M00035,2025-07-31 22:13:18,443.99,Retail,Small,UPI,Success,
T00005944,M00026,2025-01-14 21:40:31,1689.38,Retail,Medium,Credit Card,Success,
T00005945,M00099,2025-06-21 10:11:52,6670.45,Retail,Small,Wallet,Success,
T00005946,M00070,2025-07-31 06:09:27,1555.72,Food Delivery,Large,Debit Card,Success,
T00005947,M00093,2025-06-01 15:41:17,4464.45,SaaS,Small,Net Banking,Failed,Bank Decline
T00005948,M00061,2025-01-11 04:22:06,8466.85,SaaS,Medium,UPI,Success,
T00005949,M00087,2025-06-25 13:00:18,1728.07,Media,Small,Wallet,Failed,Insufficient Funds
T00005950,M00029,2025-10-07 09:22:31,6219.12,Retail,Small,Debit Card,Success,
T00005951,M00066,2025-06-29 04:36:55,951.77,Education,Large,Net Banking,Success,
T00005952,M00058,2025-02-28 05:19:42,1419.88,Food Delivery,Small,UPI,Success,
T00005953,M00053,2025-08-12 03:35:36,5518.09,Education,Small,Net Banking,Success,
T00005954,M00070,2025-03-01 18:35:41,929.95,Food Delivery,Large,Debit Card,Success,
T00005955,M00082,2025-02-20 06:54:40,5383.36,Education,Large,Debit Card,Success,
T00005956,M00096,2025-10-19 04:18:41,2311.84,Gaming,Small,UPI,Success,
T00005957,M00008,2025-09-07 20:02:35,7709.57,Travel,Small,Credit Card,Success,
T00005958,M00096,2025-09-07 22:18:56,1549.86,Gaming,Small,UPI,Success,
T00005959,M00084,2025-08-31 19:17:16,449.81,Food Delivery,Small,Net Banking,Success,
T00005960,M00047,2025-12-09 22:20:50,1211.64,Healthcare,Medium,UPI,Success,
T00005961,M00083,2025-12-14 11:21:51,2107.77,Retail,Small,Debit Card,Success,
T00005962,M00024,2025-10-10 14:32:57,514.41,Gaming,Small,Credit Card,Success,
T00005963,M00069,2025-09-24 06:22:15,6076.06,Education,Small,Credit Card,Success,
T00005964,M00019,2025-03-07 05:07:28,4755.91,E-commerce,Medium,Wallet,Success,
T00005965,M00075,2025-07-30 09:39:47,719.05,E-commerce,Small,Wallet,Success,
T00005966,M00084,2025-04-15 04:56:47,603.83,Food Delivery,Small,Net Banking,Success,
T00005967,M00078,2025-12-29 19:39:45,8771.25,SaaS,Medium,Net Banking,Success,
T00005968,M00016,2025-02-24 12:11:44,965.5,Retail,Medium,Debit Card,Success,
T00005969,M00020,2025-11-13 14:27:44,7236.97,Healthcare,Small,Net Banking,Success,
T00005970,M00010,2025-02-21 16:33:44,1716.6,Retail,Medium,UPI,Success,
T00005971,M00082,2025-10-15 03:20:22,5103.73,Education,Large,Debit Card,Success,
T00005972,M00027,2025-12-03 11:10:49,1419.36,E-commerce,Large,Credit Card,Success,
T00005973,M00037,2025-03-17 13:30:12,2755.96,Education,Medium,UPI,Success,
T00005974,M00031,2025-02-10 00:59:09,1396.95,Media,Small,Net Banking,Success,
T00005975,M00011,2025-03-05 20:31:11,7165.07,Education,Small,UPI,Success,
T00005976,M00055,2025-03-14 11:15:17,19090.45,SaaS,Medium,Net Banking,Success,
T00005977,M00080,2025-05-12 05:20:37,697.54,Media,Small,Credit Card,Success,
T00005978,M00086,2025-05-14 08:15:36,355.23,Food Delivery,Large,UPI,Success,
T00005979,M00059,2025-08-12 11:31:25,1093.43,Retail,Medium,UPI,Success,
T00005980,M00049,2025-09-27 18:07:10,2369.4,Retail,Medium,Wallet,Success,
T00005981,M00053,2025-07-25 17:32:35,2719.93,Education,Small,Net Banking,Success,
T00005982,M00064,2025-12-01 03:58:37,5581.5,Professional Services,Large,Net Banking,Failed,Payment Timeout
T00005983,M00023,2025-02-11 05:57:17,5205.16,Healthcare,Small,Net Banking,Success,
T00005984,M00036,2025-09-08 19:29:11,765.64,Food Delivery,Medium,UPI,Success,
T00005985,M00048,2025-04-13 01:56:00,1294.2,Food Delivery,Medium,Credit Card,Success,
T00005986,M00074,2025-01-07 01:42:16,848.7,Gaming,Medium,Credit Card,Success,
T00005987,M00037,2025-10-21 14:19:04,3966.0,Education,Medium,UPI,Success,
T00005988,M00010,2025-03-29 01:45:28,2027.41,Retail,Medium,UPI,Success,
T00005989,M00056,2025-04-30 01:53:57,4408.15,E-commerce,Large,Credit Card,Success,
T00005990,M00071,2025-07-18 23:04:37,2347.81,Retail,Small,Debit Card,Success,
T00005991,M00034,2025-01-29 22:28:48,1710.2,Gaming,Medium,Debit Card,Success,
T00005992,M00084,2025-07-08 01:31:43,390.67,Food Delivery,Small,Net Banking,Success,
T00005993,M00011,2025-03-19 08:11:31,3960.05,Education,Small,UPI,Success,
T00005994,M00038,2025-04-15 12:30:31,3011.33,Education,Small,Debit Card,Success,
T00005995,M00018,2025-02-03 09:40:22,8952.38,Professional Services,Small,Net Banking,Success,
T00005996,M00089,2025-05-07 07:30:44,6373.58,Education,Small,UPI,Success,
T00005997,M00043,2025-02-11 18:11:00,4627.75,Professional Services,Small,Wallet,Success,
T00005998,M00078,2025-10-11 02:08:35,16185.71,SaaS,Medium,Net Banking,Success,
T00005999,M00069,2025-08-29 13:02:08,9370.26,Education,Small,Credit Card,Success,
T00006000,M00053,2025-11-25 12:07:48,2689.17,Education,Small,Net Banking,Failed,Insufficient Funds
T00006001,M00033,2025-04-03 11:42:28,4425.59,E-commerce,Small,UPI,Success,
T00006002,M00070,2025-01-07 05:39:35,781.53,Food Delivery,Large,Debit Card,Failed,Network Error
T00006003,M00004,2025-11-25 18:55:52,2826.31,Education,Medium,UPI,Success,
T00006004,M00029,2025-04-21 02:12:50,6089.8,Retail,Small,Debit Card,Failed,Insufficient Funds
T00006005,M00017,2025-01-14 16:00:53,11044.05,Professional Services,Small,Credit Card,Success,
T00006006,M00078,2025-07-25 12:36:51,10666.68,SaaS,Medium,Net Banking,Failed,Insufficient Funds
T00006007,M00084,2025-09-28 07:55:31,299.11,Food Delivery,Small,Net Banking,Success,
T00006008,M00078,2025-10-12 11:24:41,10664.78,SaaS,Medium,Net Banking,Success,
T00006009,M00014,2025-10-22 06:52:47,2978.03,E-commerce,Large,Credit Card,Success,
T00006010,M00028,2025-11-25 01:11:42,2427.26,E-commerce,Small,UPI,Success,
T00006011,M00020,2025-08-05 15:07:03,9945.72,Healthcare,Small,Net Banking,Success,
T00006012,M00036,2025-02-23 03:31:56,672.83,Food Delivery,Medium,UPI,Success,
T00006013,M00092,2025-08-05 11:24:21,5285.12,Healthcare,Medium,Debit Card,Success,
T00006014,M00068,2025-01-23 16:02:23,729.04,Retail,Medium,Debit Card,Failed,Payment Timeout
T00006015,M00083,2025-07-16 16:21:27,891.41,Retail,Small,Debit Card,Success,
T00006016,M00064,2025-04-19 13:29:01,9815.44,Professional Services,Large,Net Banking,Success,
T00006017,M00098,2025-03-07 02:03:02,15461.25,SaaS,Medium,Credit Card,Success,
T00006018,M00029,2025-10-15 16:46:26,5572.95,Retail,Small,Debit Card,Success,
T00006019,M00073,2025-04-19 14:11:20,2919.34,SaaS,Small,Net Banking,Success,
T00006020,M00052,2025-05-22 06:01:14,22951.6,Travel,Medium,Credit Card,Success,
T00006021,M00011,2025-05-04 05:42:16,8388.51,Education,Small,UPI,Success,
T00006022,M00067,2025-07-14 23:16:10,227.62,Food Delivery,Medium,Credit Card,Success,
T00006023,M00035,2025-08-27 14:27:36,3181.76,Retail,Small,UPI,Success,
T00006024,M00006,2025-06-16 06:14:56,1933.97,Retail,Small,UPI,Failed,Insufficient Funds
T00006025,M00089,2025-02-22 20:46:46,7962.24,Education,Small,UPI,Success,
T00006026,M00022,2025-03-02 13:29:43,408.94,Food Delivery,Small,Wallet,Success,
T00006027,M00087,2025-05-25 15:59:06,1400.16,Media,Small,Wallet,Success,
T00006028,M00016,2025-01-29 06:03:43,704.95,Retail,Medium,Debit Card,Failed,Bank Decline
T00006029,M00036,2025-09-07 13:56:12,1243.83,Food Delivery,Medium,UPI,Success,
T00006030,M00037,2025-11-07 10:07:43,4101.2,Education,Medium,UPI,Success,
T00006031,M00082,2025-05-04 06:10:02,6654.63,Education,Large,Debit Card,Success,
T00006032,M00009,2025-01-14 02:56:20,820.77,Gaming,Small,Credit Card,Success,
T00006033,M00007,2025-09-03 23:52:56,2199.44,Gaming,Small,Net Banking,Success,
T00006034,M00074,2025-02-08 23:30:37,759.29,Gaming,Medium,Credit Card,Success,
T00006035,M00024,2025-04-21 10:27:17,996.79,Gaming,Small,Credit Card,Success,
T00006036,M00053,2025-08-16 17:57:23,2978.55,Education,Small,Net Banking,Success,
T00006037,M00066,2025-10-06 08:28:39,977.75,Education,Large,Net Banking,Success,
T00006038,M00003,2025-12-30 18:14:23,4230.55,Education,Small,Credit Card,Success,
T00006039,M00072,2025-06-24 09:01:26,1240.29,Media,Small,Credit Card,Success,
T00006040,M00048,2025-04-24 15:51:54,520.47,Food Delivery,Medium,Credit Card,Success,
T00006041,M00087,2025-02-28 03:20:55,1875.36,Media,Small,Wallet,Success,
T00006042,M00093,2025-10-14 21:38:04,5963.91,SaaS,Small,Net Banking,Success,
T00006043,M00021,2025-12-23 23:56:53,2311.9,E-commerce,Small,UPI,Failed,Payment Timeout
T00006044,M00028,2025-03-26 19:59:44,2704.43,E-commerce,Small,UPI,Success,
T00006045,M00024,2025-03-09 03:18:05,701.38,Gaming,Small,Credit Card,Success,
T00006046,M00085,2025-02-21 22:24:52,196.19,Gaming,Medium,Wallet,Success,
T00006047,M00014,2025-01-25 10:24:56,5022.13,E-commerce,Large,Credit Card,Success,
T00006048,M00047,2025-09-08 13:12:51,2167.11,Healthcare,Medium,UPI,Success,
T00006049,M00016,2025-04-29 09:35:21,939.93,Retail,Medium,Debit Card,Success,
T00006050,M00095,2025-12-10 21:17:30,535.12,E-commerce,Small,Credit Card,Success,
T00006051,M00050,2025-04-06 01:13:16,8397.21,SaaS,Small,Wallet,Success,
T00006052,M00086,2025-08-03 15:57:57,1328.77,Food Delivery,Large,UPI,Success,
T00006053,M00085,2025-01-10 09:47:49,206.18,Gaming,Medium,Wallet,Success,
T00006054,M00040,2025-10-02 05:57:02,11265.13,Professional Services,Small,Net Banking,Success,
T00006055,M00056,2025-06-27 02:29:02,5339.34,E-commerce,Large,Credit Card,Success,
T00006056,M00100,2025-06-30 07:13:48,824.48,E-commerce,Small,UPI,Success,
T00006057,M00041,2025-10-18 00:55:42,6150.68,E-commerce,Small,Wallet,Success,
T00006058,M00061,2025-02-22 16:30:17,7527.41,SaaS,Medium,UPI,Success,
T00006059,M00074,2025-12-02 01:17:54,985.67,Gaming,Medium,Credit Card,Success,
T00006060,M00033,2025-02-05 01:02:32,3893.49,E-commerce,Small,UPI,Success,
T00006061,M00010,2025-10-29 04:21:07,2551.62,Retail,Medium,UPI,Success,
T00006062,M00015,2025-09-13 10:00:07,1351.72,E-commerce,Medium,UPI,Success,
T00006063,M00012,2025-10-11 07:57:25,11564.29,SaaS,Medium,Net Banking,Success,
T00006064,M00080,2025-10-06 22:56:22,839.71,Media,Small,Credit Card,Success,
T00006065,M00079,2025-02-16 23:08:49,208.45,Food Delivery,Large,Credit Card,Success,
T00006066,M00057,2025-03-25 12:35:02,8403.16,Healthcare,Medium,Credit Card,Success,
T00006067,M00063,2025-11-02 17:20:39,4765.44,Healthcare,Small,Credit Card,Success,
T00006068,M00032,2025-08-15 05:48:02,2118.12,Retail,Medium,Credit Card,Failed,Insufficient Funds
T00006069,M00087,2025-05-07 12:53:12,2017.36,Media,Small,Wallet,Failed,Payment Timeout
T00006070,M00042,2025-03-25 03:32:33,11451.61,Healthcare,Small,Debit Card,Success,
T00006071,M00016,2025-12-09 08:43:21,1082.21,Retail,Medium,Debit Card,Success,
T00006072,M00092,2025-05-07 23:26:19,4947.66,Healthcare,Medium,Debit Card,Success,
T00006073,M00069,2025-08-16 06:14:33,8110.0,Education,Small,Credit Card,Success,
T00006074,M00008,2025-02-25 20:59:35,15496.03,Travel,Small,Credit Card,Success,
T00006075,M00057,2025-03-06 16:29:14,8579.83,Healthcare,Medium,Credit Card,Failed,Payment Timeout
T00006076,M00098,2025-11-29 07:41:33,14877.53,SaaS,Medium,Credit Card,Success,
T00006077,M00056,2025-03-20 21:50:07,3430.71,E-commerce,Large,Credit Card,Success,
T00006078,M00018,2025-02-17 10:34:53,13264.32,Professional Services,Small,Net Banking,Success,
T00006079,M00074,2025-09-08 08:10:04,549.17,Gaming,Medium,Credit Card,Success,
T00006080,M00020,2025-03-04 17:51:50,9451.94,Healthcare,Small,Net Banking,Success,
T00006081,M00037,2025-04-23 13:31:50,7239.77,Education,Medium,UPI,Success,
T00006082,M00051,2025-12-03 02:25:18,4041.96,Retail,Medium,UPI,Success,
T00006083,M00011,2025-11-11 20:51:47,9883.52,Education,Small,UPI,Success,
T00006084,M00052,2025-02-15 05:39:43,22157.73,Travel,Medium,Credit Card,Success,
T00006085,M00055,2025-06-23 12:43:36,7045.14,SaaS,Medium,Net Banking,Success,
T00006086,M00042,2025-01-02 01:03:17,6397.3,Healthcare,Small,Debit Card,Success,
T00006087,M00068,2025-03-09 16:52:43,1238.4,Retail,Medium,Debit Card,Success,
T00006088,M00024,2025-09-16 22:17:08,872.6,Gaming,Small,Credit Card,Success,
T00006089,M00084,2025-07-01 22:50:20,435.0,Food Delivery,Small,Net Banking,Success,
T00006090,M00097,2025-03-25 04:50:07,2486.72,Professional Services,Small,Credit Card,Success,
T00006091,M00078,2025-12-14 17:34:18,13967.45,SaaS,Medium,Net Banking,Failed,Payment Timeout
T00006092,M00055,2025-04-05 09:10:39,11166.26,SaaS,Medium,Net Banking,Success,
T00006093,M00092,2025-01-11 21:42:33,5255.15,Healthcare,Medium,Debit Card,Success,
T00006094,M00015,2025-11-05 01:28:23,1189.44,E-commerce,Medium,UPI,Success,
T00006095,M00055,2025-10-11 04:39:55,15104.1,SaaS,Medium,Net Banking,Success,
T00006096,M00064,2025-03-09 06:57:33,3295.65,Professional Services,Large,Net Banking,Success,
T00006097,M00083,2025-01-18 06:26:58,1515.81,Retail,Small,Debit Card,Success,
T00006098,M00006,2025-09-24 10:07:08,4592.46,Retail,Small,UPI,Success,
T00006099,M00067,2025-07-21 09:55:33,207.54,Food Delivery,Medium,Credit Card,Success,
T00006100,M00018,2025-09-23 11:35:19,7968.44,Professional Services,Small,Net Banking,Success,
T00006101,M00024,2025-10-15 09:07:26,730.78,Gaming,Small,Credit Card,Success,
T00006102,M00083,2025-05-19 18:52:35,619.15,Retail,Small,Debit Card,Success,
T00006103,M00013,2025-09-05 13:15:05,812.88,E-commerce,Small,Debit Card,Success,
T00006104,M00044,2025-12-25 06:45:54,12940.12,Professional Services,Small,Net Banking,Success,
T00006105,M00044,2025-11-12 23:24:01,15555.98,Professional Services,Small,Net Banking,Success,
T00006106,M00062,2025-04-28 07:48:32,3400.72,Retail,Medium,Credit Card,Success,
T00006107,M00014,2025-05-31 15:02:03,2588.35,E-commerce,Large,Credit Card,Success,
T00006108,M00038,2025-08-11 20:41:28,1812.7,Education,Small,Debit Card,Success,
T00006109,M00049,2025-06-28 17:30:45,2198.07,Retail,Medium,Wallet,Success,
T00006110,M00079,2025-03-23 13:49:15,289.54,Food Delivery,Large,Credit Card,Success,
T00006111,M00016,2025-08-10 13:35:44,1507.77,Retail,Medium,Debit Card,Success,
T00006112,M00016,2025-02-27 22:47:17,650.86,Retail,Medium,Debit Card,Success,
T00006113,M00057,2025-03-07 01:01:38,10731.57,Healthcare,Medium,Credit Card,Success,
T00006114,M00018,2025-05-16 05:54:08,4221.24,Professional Services,Small,Net Banking,Success,
T00006115,M00092,2025-02-05 21:55:48,3919.57,Healthcare,Medium,Debit Card,Success,
T00006116,M00004,2025-10-13 09:58:14,2763.77,Education,Medium,UPI,Success,
T00006117,M00097,2025-01-23 00:22:35,6174.3,Professional Services,Small,Credit Card,Success,
T00006118,M00063,2025-06-11 09:31:38,4339.98,Healthcare,Small,Credit Card,Failed,Insufficient Funds
T00006119,M00017,2025-03-23 17:13:46,9249.5,Professional Services,Small,Credit Card,Success,
T00006120,M00007,2025-02-14 17:27:48,1994.14,Gaming,Small,Net Banking,Success,
T00006121,M00093,2025-01-19 19:16:26,4776.45,SaaS,Small,Net Banking,Success,
T00006122,M00017,2025-03-03 03:07:00,6839.54,Professional Services,Small,Credit Card,Success,
T00006123,M00042,2025-09-24 17:18:32,16570.45,Healthcare,Small,Debit Card,Success,
T00006124,M00078,2025-10-20 07:17:53,8505.53,SaaS,Medium,Net Banking,Success,
T00006125,M00080,2025-01-21 18:41:18,1098.8,Media,Small,Credit Card,Success,
T00006126,M00002,2025-02-15 00:34:56,1236.12,Retail,Small,UPI,Success,
T00006127,M00080,2025-06-06 09:24:05,1209.16,Media,Small,Credit Card,Success,
T00006128,M00004,2025-08-28 19:35:28,2934.11,Education,Medium,UPI,Success,
T00006129,M00050,2025-06-23 09:35:52,14159.12,SaaS,Small,Wallet,Success,
T00006130,M00036,2025-07-25 12:05:02,1038.55,Food Delivery,Medium,UPI,Success,
T00006131,M00042,2025-12-29 02:37:13,9941.41,Healthcare,Small,Debit Card,Success,
T00006132,M00091,2025-03-25 03:27:22,28828.19,Professional Services,Small,Net Banking,Success,
T00006133,M00019,2025-08-11 02:20:37,5133.87,E-commerce,Medium,Wallet,Success,
T00006134,M00041,2025-01-06 04:58:53,5680.07,E-commerce,Small,Wallet,Success,
T00006135,M00079,2025-06-26 20:06:24,174.21,Food Delivery,Large,Credit Card,Success,
T00006136,M00027,2025-07-22 08:00:14,1019.77,E-commerce,Large,Credit Card,Success,
T00006137,M00077,2025-10-24 20:21:08,7951.14,Professional Services,Medium,Credit Card,Success,
T00006138,M00071,2025-01-09 19:40:02,2155.61,Retail,Small,Debit Card,Success,
T00006139,M00085,2025-09-23 06:24:36,294.05,Gaming,Medium,Wallet,Success,
T00006140,M00060,2025-11-30 22:19:31,723.08,Food Delivery,Medium,Debit Card,Success,
T00006141,M00033,2025-09-16 05:32:09,3727.32,E-commerce,Small,UPI,Success,
T00006142,M00027,2025-05-26 20:37:50,1821.34,E-commerce,Large,Credit Card,Success,
T00006143,M00098,2025-11-23 05:17:13,12900.27,SaaS,Medium,Credit Card,Success,
T00006144,M00069,2025-05-16 22:00:23,5444.2,Education,Small,Credit Card,Success,
T00006145,M00094,2025-11-23 02:04:06,13262.67,SaaS,Small,UPI,Success,
T00006146,M00053,2025-01-01 11:31:15,1988.13,Education,Small,Net Banking,Success,
T00006147,M00039,2025-03-25 08:23:10,1807.72,Gaming,Small,UPI,Success,
T00006148,M00053,2025-10-30 14:50:47,2617.13,Education,Small,Net Banking,Success,
T00006149,M00093,2025-07-12 20:15:23,8722.85,SaaS,Small,Net Banking,Success,
T00006150,M00005,2025-06-26 05:06:37,13474.36,Travel,Small,Net Banking,Success,
T00006151,M00079,2025-04-17 23:29:28,295.27,Food Delivery,Large,Credit Card,Success,
T00006152,M00095,2025-07-29 13:48:11,955.16,E-commerce,Small,Credit Card,Success,
T00006153,M00066,2025-04-30 04:56:10,1528.69,Education,Large,Net Banking,Success,
T00006154,M00036,2025-04-11 17:23:05,724.23,Food Delivery,Medium,UPI,Success,
T00006155,M00075,2025-12-11 21:42:48,583.14,E-commerce,Small,Wallet,Success,
T00006156,M00075,2025-07-07 03:11:25,485.22,E-commerce,Small,Wallet,Success,
T00006157,M00016,2025-06-14 01:36:38,1316.32,Retail,Medium,Debit Card,Success,
T00006158,M00082,2025-08-05 12:32:28,8340.05,Education,Large,Debit Card,Success,
T00006159,M00048,2025-01-24 10:07:13,917.46,Food Delivery,Medium,Credit Card,Success,
T00006160,M00038,2025-10-08 05:18:36,4374.17,Education,Small,Debit Card,Failed,Authentication Failure
T00006161,M00031,2025-06-15 12:27:41,1784.41,Media,Small,Net Banking,Success,
T00006162,M00096,2025-02-19 02:54:17,1622.07,Gaming,Small,UPI,Success,
T00006163,M00011,2025-07-26 05:43:07,4590.21,Education,Small,UPI,Success,
T00006164,M00009,2025-04-12 09:16:22,386.89,Gaming,Small,Credit Card,Failed,Bank Decline
T00006165,M00040,2025-11-18 11:21:12,16424.17,Professional Services,Small,Net Banking,Success,
T00006166,M00027,2025-09-30 07:40:01,1126.58,E-commerce,Large,Credit Card,Success,
T00006167,M00093,2025-04-21 20:38:27,7807.71,SaaS,Small,Net Banking,Success,
T00006168,M00027,2025-05-22 01:08:45,1627.07,E-commerce,Large,Credit Card,Success,
T00006169,M00090,2025-06-07 11:54:24,12731.89,Healthcare,Medium,Debit Card,Success,
T00006170,M00094,2025-06-25 08:02:20,10427.99,SaaS,Small,UPI,Success,
T00006171,M00017,2025-12-13 19:45:34,11743.04,Professional Services,Small,Credit Card,Success,
T00006172,M00022,2025-08-18 04:20:38,245.56,Food Delivery,Small,Wallet,Success,
T00006173,M00099,2025-05-16 03:53:40,3317.03,Retail,Small,Wallet,Success,
T00006174,M00005,2025-04-06 13:47:43,30904.71,Travel,Small,Net Banking,Success,
T00006175,M00009,2025-11-23 20:04:56,1172.96,Gaming,Small,Credit Card,Success,
T00006176,M00013,2025-06-18 14:53:46,3287.73,E-commerce,Small,Debit Card,Success,
T00006177,M00027,2025-01-18 03:15:42,823.21,E-commerce,Large,Credit Card,Success,
T00006178,M00061,2025-07-19 16:31:59,6646.83,SaaS,Medium,UPI,Success,
T00006179,M00022,2025-03-22 11:25:31,684.77,Food Delivery,Small,Wallet,Success,
T00006180,M00071,2025-08-04 02:11:39,2926.2,Retail,Small,Debit Card,Success,
T00006181,M00012,2025-06-24 12:01:11,6326.4,SaaS,Medium,Net Banking,Success,
T00006182,M00088,2025-03-04 20:46:42,888.26,Food Delivery,Small,UPI,Success,
T00006183,M00047,2025-01-17 13:16:45,1093.73,Healthcare,Medium,UPI,Success,
T00006184,M00098,2025-09-18 06:39:54,10681.88,SaaS,Medium,Credit Card,Success,
T00006185,M00002,2025-02-11 17:03:38,962.72,Retail,Small,UPI,Success,
T00006186,M00028,2025-05-14 02:22:21,2490.66,E-commerce,Small,UPI,Success,
T00006187,M00039,2025-06-29 23:43:00,2580.01,Gaming,Small,UPI,Success,
T00006188,M00048,2025-02-09 11:35:59,895.96,Food Delivery,Medium,Credit Card,Success,
T00006189,M00076,2025-06-29 09:39:01,7192.64,Education,Small,Net Banking,Failed,Network Error
T00006190,M00089,2025-05-21 05:53:34,5700.2,Education,Small,UPI,Failed,Network Error
T00006191,M00008,2025-07-11 02:04:52,11558.63,Travel,Small,Credit Card,Success,
T00006192,M00081,2025-10-01 10:21:32,649.36,Media,Small,UPI,Success,
T00006193,M00050,2025-01-07 18:27:20,9903.08,SaaS,Small,Wallet,Success,
T00006194,M00055,2025-07-25 02:27:24,12131.73,SaaS,Medium,Net Banking,Success,
T00006195,M00031,2025-06-23 12:39:45,1226.95,Media,Small,Net Banking,Success,
T00006196,M00048,2025-01-12 12:40:31,866.97,Food Delivery,Medium,Credit Card,Success,
T00006197,M00069,2025-08-06 23:18:08,7930.02,Education,Small,Credit Card,Success,
T00006198,M00003,2025-12-05 17:11:45,4172.9,Education,Small,Credit Card,Success,
T00006199,M00091,2025-08-24 17:18:08,9304.02,Professional Services,Small,Net Banking,Success,
T00006200,M00008,2025-06-20 16:12:55,18331.91,Travel,Small,Credit Card,Success,
T00006201,M00035,2025-11-22 13:48:30,1381.4,Retail,Small,UPI,Success,
T00006202,M00094,2025-01-31 15:42:45,12978.18,SaaS,Small,UPI,Success,
T00006203,M00039,2025-01-25 21:13:05,870.3,Gaming,Small,UPI,Success,
T00006204,M00001,2025-07-04 11:21:09,348.18,Food Delivery,Small,UPI,Success,
T00006205,M00018,2025-01-23 08:41:33,10513.88,Professional Services,Small,Net Banking,Success,
T00006206,M00063,2025-05-01 15:00:49,4787.6,Healthcare,Small,Credit Card,Failed,Technical Error
T00006207,M00081,2025-08-17 20:48:23,477.02,Media,Small,UPI,Success,
T00006208,M00031,2025-06-23 13:42:08,1743.71,Media,Small,Net Banking,Success,
T00006209,M00085,2025-09-16 20:34:14,144.51,Gaming,Medium,Wallet,Success,
T00006210,M00079,2025-10-18 21:23:50,267.06,Food Delivery,Large,Credit Card,Success,
T00006211,M00058,2025-08-16 09:51:27,1466.71,Food Delivery,Small,UPI,Success,
T00006212,M00007,2025-11-15 16:03:23,4468.32,Gaming,Small,Net Banking,Success,
T00006213,M00071,2025-10-22 02:25:42,2252.36,Retail,Small,Debit Card,Success,
T00006214,M00062,2025-08-11 23:38:29,2349.87,Retail,Medium,Credit Card,Success,
T00006215,M00089,2025-04-07 19:33:21,5928.58,Education,Small,UPI,Success,
T00006216,M00056,2025-03-08 20:16:48,2911.07,E-commerce,Large,Credit Card,Success,
T00006217,M00002,2025-08-26 02:49:00,862.06,Retail,Small,UPI,Success,
T00006218,M00028,2025-09-09 02:36:00,2226.14,E-commerce,Small,UPI,Success,
T00006219,M00011,2025-11-16 02:54:28,2497.1,Education,Small,UPI,Success,
T00006220,M00046,2025-07-25 12:23:19,14009.01,Professional Services,Small,Net Banking,Failed,Technical Error
T00006221,M00068,2025-03-28 20:51:19,1307.58,Retail,Medium,Debit Card,Success,
T00006222,M00072,2025-09-24 02:06:50,730.65,Media,Small,Credit Card,Success,
T00006223,M00067,2025-06-11 00:07:51,371.07,Food Delivery,Medium,Credit Card,Success,
T00006224,M00095,2025-06-09 13:44:46,726.59,E-commerce,Small,Credit Card,Success,
T00006225,M00034,2025-02-08 16:07:21,1822.48,Gaming,Medium,Debit Card,Failed,Authentication Failure
T00006226,M00093,2025-07-06 08:54:59,9050.47,SaaS,Small,Net Banking,Success,
T00006227,M00042,2025-04-07 09:46:52,10077.28,Healthcare,Small,Debit Card,Success,
T00006228,M00052,2025-03-13 01:49:35,29240.85,Travel,Medium,Credit Card,Success,
T00006229,M00062,2025-09-25 12:51:57,6109.84,Retail,Medium,Credit Card,Success,
T00006230,M00078,2025-08-15 08:41:08,11884.54,SaaS,Medium,Net Banking,Success,
T00006231,M00023,2025-02-14 05:58:59,9558.59,Healthcare,Small,Net Banking,Success,
T00006232,M00098,2025-10-04 07:32:18,11758.04,SaaS,Medium,Credit Card,Success,
T00006233,M00001,2025-04-13 13:43:05,443.14,Food Delivery,Small,UPI,Failed,Technical Error
T00006234,M00044,2025-02-24 04:51:17,19368.23,Professional Services,Small,Net Banking,Success,
T00006235,M00060,2025-07-01 11:15:28,777.26,Food Delivery,Medium,Debit Card,Success,
T00006236,M00039,2025-11-24 20:59:18,2178.97,Gaming,Small,UPI,Success,
T00006237,M00045,2025-02-04 13:45:10,1317.39,Media,Small,Wallet,Success,
T00006238,M00069,2025-09-14 00:47:04,8632.68,Education,Small,Credit Card,Success,
T00006239,M00032,2025-11-08 22:49:40,2335.36,Retail,Medium,Credit Card,Success,
T00006240,M00042,2025-12-17 06:39:22,7940.85,Healthcare,Small,Debit Card,Failed,Insufficient Funds
T00006241,M00080,2025-04-02 08:19:22,540.47,Media,Small,Credit Card,Success,
T00006242,M00066,2025-07-19 05:05:21,2025.33,Education,Large,Net Banking,Success,
T00006243,M00065,2025-12-10 16:20:27,2111.21,E-commerce,Large,Debit Card,Success,
T00006244,M00034,2025-12-15 12:48:38,1485.11,Gaming,Medium,Debit Card,Success,
T00006245,M00071,2025-06-22 14:38:15,3882.1,Retail,Small,Debit Card,Success,
T00006246,M00044,2025-09-01 02:22:34,13475.39,Professional Services,Small,Net Banking,Success,
T00006247,M00053,2025-04-23 12:49:15,5578.57,Education,Small,Net Banking,Success,
T00006248,M00001,2025-11-27 15:37:43,321.66,Food Delivery,Small,UPI,Success,
T00006249,M00071,2025-08-01 06:51:01,4143.8,Retail,Small,Debit Card,Success,
T00006250,M00074,2025-02-23 16:29:46,765.37,Gaming,Medium,Credit Card,Success,
T00006251,M00051,2025-02-16 16:44:41,1566.73,Retail,Medium,UPI,Success,
T00006252,M00061,2025-07-19 06:51:40,9543.36,SaaS,Medium,UPI,Success,
T00006253,M00026,2025-04-01 13:00:07,1242.06,Retail,Medium,Credit Card,Success,
T00006254,M00041,2025-06-19 23:21:35,3834.46,E-commerce,Small,Wallet,Success,
T00006255,M00045,2025-07-29 08:46:26,3227.73,Media,Small,Wallet,Success,
T00006256,M00089,2025-01-19 04:24:56,11470.48,Education,Small,UPI,Success,
T00006257,M00079,2025-05-05 08:27:46,204.37,Food Delivery,Large,Credit Card,Success,
T00006258,M00038,2025-11-24 01:06:56,3286.08,Education,Small,Debit Card,Success,
T00006259,M00074,2025-08-07 19:32:23,1427.59,Gaming,Medium,Credit Card,Success,
T00006260,M00081,2025-09-09 15:21:01,517.7,Media,Small,UPI,Success,
T00006261,M00064,2025-12-29 18:53:48,10529.04,Professional Services,Large,Net Banking,Success,
T00006262,M00014,2025-08-18 07:12:21,5963.21,E-commerce,Large,Credit Card,Success,
T00006263,M00085,2025-03-06 05:10:06,308.12,Gaming,Medium,Wallet,Success,
T00006264,M00038,2025-02-28 10:10:28,2620.18,Education,Small,Debit Card,Success,
T00006265,M00021,2025-10-20 02:36:26,1182.9,E-commerce,Small,UPI,Success,
T00006266,M00018,2025-11-26 07:18:09,11712.65,Professional Services,Small,Net Banking,Success,
T00006267,M00014,2025-09-04 18:15:02,4231.53,E-commerce,Large,Credit Card,Success,
T00006268,M00066,2025-10-05 01:12:07,1551.38,Education,Large,Net Banking,Success,
T00006269,M00030,2025-12-18 08:36:56,2926.12,E-commerce,Small,UPI,Success,
T00006270,M00039,2025-05-18 17:12:18,960.21,Gaming,Small,UPI,Success,
T00006271,M00067,2025-07-11 23:43:37,696.84,Food Delivery,Medium,Credit Card,Success,
T00006272,M00067,2025-04-21 08:10:00,385.94,Food Delivery,Medium,Credit Card,Success,
T00006273,M00011,2025-11-10 23:34:44,6363.94,Education,Small,UPI,Success,
T00006274,M00062,2025-05-27 13:30:01,2732.41,Retail,Medium,Credit Card,Success,
T00006275,M00089,2025-10-30 13:05:32,10499.89,Education,Small,UPI,Success,
T00006276,M00028,2025-09-13 18:53:14,1959.37,E-commerce,Small,UPI,Success,
T00006277,M00074,2025-06-04 15:06:11,1248.55,Gaming,Medium,Credit Card,Success,
T00006278,M00095,2025-12-26 17:03:44,802.84,E-commerce,Small,Credit Card,Success,
T00006279,M00078,2025-09-06 10:00:26,11975.94,SaaS,Medium,Net Banking,Success,
T00006280,M00072,2025-04-07 13:37:54,1220.24,Media,Small,Credit Card,Success,
T00006281,M00068,2025-12-30 08:01:07,1407.33,Retail,Medium,Debit Card,Success,
T00006282,M00012,2025-05-02 07:43:12,10241.05,SaaS,Medium,Net Banking,Success,
T00006283,M00012,2025-06-22 09:52:50,14826.72,SaaS,Medium,Net Banking,Success,
T00006284,M00066,2025-02-25 06:42:07,1552.17,Education,Large,Net Banking,Success,
T00006285,M00095,2025-12-29 12:04:57,397.32,E-commerce,Small,Credit Card,Success,
T00006286,M00006,2025-06-07 22:04:30,4658.4,Retail,Small,UPI,Success,
T00006287,M00029,2025-08-01 07:43:27,5130.75,Retail,Small,Debit Card,Success,
T00006288,M00019,2025-11-03 13:13:14,5817.27,E-commerce,Medium,Wallet,Success,
T00006289,M00013,2025-04-14 06:32:14,1550.64,E-commerce,Small,Debit Card,Success,
T00006290,M00045,2025-08-27 11:38:33,2363.9,Media,Small,Wallet,Success,
T00006291,M00099,2025-06-19 06:57:33,4887.01,Retail,Small,Wallet,Success,
T00006292,M00088,2025-10-20 09:29:33,802.0,Food Delivery,Small,UPI,Success,
T00006293,M00045,2025-08-22 18:30:37,1848.48,Media,Small,Wallet,Success,
T00006294,M00089,2025-01-25 15:01:25,6608.49,Education,Small,UPI,Success,
T00006295,M00068,2025-01-29 16:21:37,1670.44,Retail,Medium,Debit Card,Success,
T00006296,M00033,2025-10-21 20:50:56,6245.72,E-commerce,Small,UPI,Failed,Bank Decline
T00006297,M00087,2025-05-19 22:26:41,999.34,Media,Small,Wallet,Success,
T00006298,M00028,2025-03-05 09:33:16,585.36,E-commerce,Small,UPI,Failed,Bank Decline
T00006299,M00064,2025-10-05 13:48:39,6397.31,Professional Services,Large,Net Banking,Success,
T00006300,M00098,2025-06-08 07:24:36,13286.9,SaaS,Medium,Credit Card,Success,
T00006301,M00083,2025-05-13 17:08:43,1711.94,Retail,Small,Debit Card,Success,
T00006302,M00031,2025-05-05 17:57:52,2071.91,Media,Small,Net Banking,Success,
T00006303,M00012,2025-02-06 15:49:49,6178.15,SaaS,Medium,Net Banking,Success,
T00006304,M00056,2025-12-20 09:54:20,6429.05,E-commerce,Large,Credit Card,Success,
T00006305,M00009,2025-12-19 00:31:52,1199.55,Gaming,Small,Credit Card,Success,
T00006306,M00059,2025-04-12 19:43:12,704.06,Retail,Medium,UPI,Success,
T00006307,M00026,2025-02-07 19:28:28,1065.53,Retail,Medium,Credit Card,Success,
T00006308,M00032,2025-09-28 16:38:47,3166.89,Retail,Medium,Credit Card,Success,
T00006309,M00030,2025-01-11 23:21:19,2770.45,E-commerce,Small,UPI,Success,
T00006310,M00095,2025-07-02 13:08:53,402.78,E-commerce,Small,Credit Card,Success,
T00006311,M00076,2025-07-08 01:26:24,11916.75,Education,Small,Net Banking,Success,
T00006312,M00029,2025-07-20 07:29:07,2378.93,Retail,Small,Debit Card,Success,
T00006313,M00042,2025-04-11 11:10:58,6678.09,Healthcare,Small,Debit Card,Success,
T00006314,M00040,2025-01-17 05:53:32,9816.17,Professional Services,Small,Net Banking,Success,
T00006315,M00022,2025-12-19 11:00:29,382.59,Food Delivery,Small,Wallet,Success,
T00006316,M00012,2025-08-03 01:07:04,4319.68,SaaS,Medium,Net Banking,Success,
T00006317,M00070,2025-04-16 10:33:01,1372.56,Food Delivery,Large,Debit Card,Success,
T00006318,M00097,2025-02-10 14:48:52,8105.83,Professional Services,Small,Credit Card,Success,
T00006319,M00058,2025-11-23 02:53:38,1278.93,Food Delivery,Small,UPI,Success,
T00006320,M00050,2025-05-27 05:31:49,14032.99,SaaS,Small,Wallet,Success,
T00006321,M00042,2025-08-01 00:17:48,6022.79,Healthcare,Small,Debit Card,Success,
T00006322,M00085,2025-12-22 09:42:18,499.44,Gaming,Medium,Wallet,Success,
T00006323,M00072,2025-08-14 22:29:08,582.45,Media,Small,Credit Card,Success,
T00006324,M00064,2025-12-28 07:06:56,9808.35,Professional Services,Large,Net Banking,Success,
T00006325,M00086,2025-08-09 06:53:11,856.26,Food Delivery,Large,UPI,Success,
T00006326,M00024,2025-05-13 03:41:09,1298.52,Gaming,Small,Credit Card,Success,
T00006327,M00005,2025-05-02 18:33:02,25971.62,Travel,Small,Net Banking,Success,
T00006328,M00075,2025-02-22 08:07:33,534.96,E-commerce,Small,Wallet,Success,
T00006329,M00028,2025-09-21 21:36:49,2924.89,E-commerce,Small,UPI,Success,
T00006330,M00071,2025-05-21 07:42:35,4019.66,Retail,Small,Debit Card,Success,
T00006331,M00061,2025-12-27 16:33:42,5311.1,SaaS,Medium,UPI,Success,
T00006332,M00032,2025-01-28 08:01:23,3501.16,Retail,Medium,Credit Card,Success,
T00006333,M00019,2025-06-14 01:49:08,4446.5,E-commerce,Medium,Wallet,Success,
T00006334,M00100,2025-07-28 20:49:19,635.89,E-commerce,Small,UPI,Success,
T00006335,M00059,2025-08-04 15:12:22,873.76,Retail,Medium,UPI,Success,
T00006336,M00042,2025-06-09 12:50:11,7995.03,Healthcare,Small,Debit Card,Failed,Technical Error
T00006337,M00015,2025-02-18 20:11:47,2925.4,E-commerce,Medium,UPI,Success,
T00006338,M00047,2025-08-21 19:41:15,2066.39,Healthcare,Medium,UPI,Success,
T00006339,M00047,2025-07-08 13:15:49,1789.76,Healthcare,Medium,UPI,Success,
T00006340,M00048,2025-08-11 07:09:11,761.18,Food Delivery,Medium,Credit Card,Success,
T00006341,M00090,2025-02-22 18:33:22,7042.15,Healthcare,Medium,Debit Card,Success,
T00006342,M00055,2025-01-19 05:40:59,23127.26,SaaS,Medium,Net Banking,Success,
T00006343,M00083,2025-05-27 03:42:04,2288.36,Retail,Small,Debit Card,Success,
T00006344,M00076,2025-12-17 16:50:46,7644.21,Education,Small,Net Banking,Success,
T00006345,M00010,2025-08-05 05:18:29,1486.65,Retail,Medium,UPI,Success,
T00006346,M00061,2025-05-07 22:41:27,6368.96,SaaS,Medium,UPI,Success,
T00006347,M00083,2025-04-12 19:14:10,2033.48,Retail,Small,Debit Card,Failed,Network Error
T00006348,M00034,2025-06-14 12:09:04,2225.65,Gaming,Medium,Debit Card,Success,
T00006349,M00072,2025-07-10 07:24:14,879.25,Media,Small,Credit Card,Success,
T00006350,M00063,2025-08-10 20:03:52,3618.91,Healthcare,Small,Credit Card,Success,
T00006351,M00061,2025-04-30 19:37:40,8750.16,SaaS,Medium,UPI,Success,
T00006352,M00033,2025-07-16 16:11:37,922.28,E-commerce,Small,UPI,Success,
T00006353,M00046,2025-01-12 05:17:12,11074.11,Professional Services,Small,Net Banking,Success,
T00006354,M00087,2025-04-11 05:33:34,2071.75,Media,Small,Wallet,Success,
T00006355,M00007,2025-12-07 03:50:45,2612.17,Gaming,Small,Net Banking,Success,
T00006356,M00013,2025-10-27 04:52:43,2689.73,E-commerce,Small,Debit Card,Success,
T00006357,M00063,2025-09-30 02:03:02,4805.01,Healthcare,Small,Credit Card,Success,
T00006358,M00080,2025-08-23 10:25:48,903.13,Media,Small,Credit Card,Success,
T00006359,M00073,2025-03-30 21:31:20,4110.91,SaaS,Small,Net Banking,Failed,Authentication Failure
T00006360,M00005,2025-03-04 05:46:12,24715.12,Travel,Small,Net Banking,Success,
T00006361,M00002,2025-02-15 23:42:04,1026.51,Retail,Small,UPI,Failed,Authentication Failure
T00006362,M00088,2025-06-16 06:56:43,833.79,Food Delivery,Small,UPI,Failed,Authentication Failure
T00006363,M00064,2025-09-27 12:04:45,6703.75,Professional Services,Large,Net Banking,Success,
T00006364,M00036,2025-05-03 17:22:56,674.81,Food Delivery,Medium,UPI,Success,
T00006365,M00028,2025-06-01 12:24:04,2631.76,E-commerce,Small,UPI,Success,
T00006366,M00080,2025-02-08 19:16:21,809.39,Media,Small,Credit Card,Success,
T00006367,M00051,2025-12-20 16:30:56,5148.17,Retail,Medium,UPI,Failed,Payment Timeout
T00006368,M00028,2025-11-06 11:28:41,2206.1,E-commerce,Small,UPI,Success,
T00006369,M00056,2025-05-31 18:42:17,5089.57,E-commerce,Large,Credit Card,Success,
T00006370,M00018,2025-07-28 11:48:31,8062.39,Professional Services,Small,Net Banking,Success,
T00006371,M00018,2025-07-04 07:27:21,2250.34,Professional Services,Small,Net Banking,Success,
T00006372,M00100,2025-07-12 01:23:34,387.51,E-commerce,Small,UPI,Failed,Bank Decline
T00006373,M00012,2025-03-18 01:46:09,12111.25,SaaS,Medium,Net Banking,Success,
T00006374,M00014,2025-05-20 04:12:11,3389.92,E-commerce,Large,Credit Card,Success,
T00006375,M00013,2025-11-02 02:15:42,3773.34,E-commerce,Small,Debit Card,Success,
T00006376,M00014,2025-02-22 09:27:08,2273.01,E-commerce,Large,Credit Card,Failed,Authentication Failure
T00006377,M00067,2025-11-04 18:53:57,509.53,Food Delivery,Medium,Credit Card,Success,
T00006378,M00017,2025-01-30 13:40:24,12631.18,Professional Services,Small,Credit Card,Success,
T00006379,M00064,2025-02-13 01:44:05,8505.17,Professional Services,Large,Net Banking,Success,
T00006380,M00083,2025-03-30 20:38:27,1497.65,Retail,Small,Debit Card,Success,
T00006381,M00073,2025-12-10 12:07:06,3118.47,SaaS,Small,Net Banking,Success,
T00006382,M00012,2025-08-17 15:28:30,11022.43,SaaS,Medium,Net Banking,Success,
T00006383,M00072,2025-12-03 11:25:05,871.21,Media,Small,Credit Card,Success,
T00006384,M00030,2025-11-15 01:38:32,2338.68,E-commerce,Small,UPI,Success,
T00006385,M00055,2025-05-24 02:37:46,22645.46,SaaS,Medium,Net Banking,Success,
T00006386,M00017,2025-02-19 16:16:12,9899.71,Professional Services,Small,Credit Card,Success,
T00006387,M00033,2025-08-05 12:12:10,3728.99,E-commerce,Small,UPI,Success,
T00006388,M00061,2025-04-09 08:09:39,6394.12,SaaS,Medium,UPI,Success,
T00006389,M00018,2025-10-20 05:04:34,9973.07,Professional Services,Small,Net Banking,Success,
T00006390,M00092,2025-06-16 16:46:52,4279.46,Healthcare,Medium,Debit Card,Success,
T00006391,M00059,2025-09-11 12:44:06,575.88,Retail,Medium,UPI,Success,
T00006392,M00026,2025-02-26 13:28:54,2318.76,Retail,Medium,Credit Card,Success,
T00006393,M00007,2025-11-25 08:43:25,3271.56,Gaming,Small,Net Banking,Failed,Bank Decline
T00006394,M00005,2025-12-29 23:36:49,22666.01,Travel,Small,Net Banking,Success,
T00006395,M00035,2025-06-23 18:31:50,1753.91,Retail,Small,UPI,Success,
T00006396,M00047,2025-10-11 21:09:17,2286.39,Healthcare,Medium,UPI,Failed,Technical Error
T00006397,M00005,2025-08-30 02:10:56,22933.94,Travel,Small,Net Banking,Success,
T00006398,M00030,2025-12-16 23:31:00,378.09,E-commerce,Small,UPI,Success,
T00006399,M00083,2025-10-24 18:27:43,1762.69,Retail,Small,Debit Card,Success,
T00006400,M00100,2025-09-21 12:14:53,1005.6,E-commerce,Small,UPI,Success,
T00006401,M00039,2025-07-10 00:28:07,2158.44,Gaming,Small,UPI,Success,
T00006402,M00043,2025-07-29 06:52:27,6187.99,Professional Services,Small,Wallet,Success,
T00006403,M00027,2025-03-07 21:52:02,2026.11,E-commerce,Large,Credit Card,Success,
T00006404,M00093,2025-01-05 21:35:08,2973.28,SaaS,Small,Net Banking,Success,
T00006405,M00002,2025-01-24 14:29:38,954.25,Retail,Small,UPI,Success,
T00006406,M00044,2025-04-06 21:37:43,13584.95,Professional Services,Small,Net Banking,Success,
T00006407,M00062,2025-04-10 00:07:08,3389.41,Retail,Medium,Credit Card,Success,
T00006408,M00019,2025-08-25 11:10:48,6393.95,E-commerce,Medium,Wallet,Failed,Bank Decline
T00006409,M00070,2025-05-07 05:13:00,1057.58,Food Delivery,Large,Debit Card,Success,
T00006410,M00074,2025-08-31 09:18:12,690.68,Gaming,Medium,Credit Card,Success,
T00006411,M00020,2025-05-09 13:22:04,11512.88,Healthcare,Small,Net Banking,Success,
T00006412,M00021,2025-11-30 03:38:02,1327.57,E-commerce,Small,UPI,Success,
T00006413,M00089,2025-09-29 20:30:58,8621.85,Education,Small,UPI,Success,
T00006414,M00022,2025-10-05 17:43:52,216.14,Food Delivery,Small,Wallet,Success,
T00006415,M00049,2025-06-21 02:08:42,1093.67,Retail,Medium,Wallet,Success,
T00006416,M00094,2025-11-24 05:13:47,12104.65,SaaS,Small,UPI,Success,
T00006417,M00048,2025-03-08 21:29:10,727.27,Food Delivery,Medium,Credit Card,Success,
T00006418,M00019,2025-05-20 14:27:05,5702.54,E-commerce,Medium,Wallet,Success,
T00006419,M00037,2025-06-16 00:33:55,9755.12,Education,Medium,UPI,Success,
T00006420,M00039,2025-12-08 08:57:00,2212.27,Gaming,Small,UPI,Success,
T00006421,M00069,2025-01-26 14:46:02,3886.76,Education,Small,Credit Card,Success,
T00006422,M00076,2025-11-01 14:00:10,8172.48,Education,Small,Net Banking,Success,
T00006423,M00082,2025-01-07 01:07:08,4698.48,Education,Large,Debit Card,Success,
T00006424,M00005,2025-10-09 23:03:42,16656.52,Travel,Small,Net Banking,Success,
T00006425,M00015,2025-04-04 13:34:13,2005.83,E-commerce,Medium,UPI,Success,
T00006426,M00029,2025-07-15 02:08:27,3606.99,Retail,Small,Debit Card,Success,
T00006427,M00083,2025-04-10 05:01:46,2114.72,Retail,Small,Debit Card,Success,
T00006428,M00054,2025-08-09 13:11:52,639.25,Media,Small,Credit Card,Success,
T00006429,M00002,2025-08-16 16:57:10,450.29,Retail,Small,UPI,Success,
T00006430,M00063,2025-10-24 20:06:39,4531.8,Healthcare,Small,Credit Card,Success,
T00006431,M00083,2025-01-24 15:49:25,1100.29,Retail,Small,Debit Card,Success,
T00006432,M00011,2025-10-01 01:09:28,13437.8,Education,Small,UPI,Success,
T00006433,M00025,2025-07-06 03:47:04,1629.19,Food Delivery,Small,UPI,Success,
T00006434,M00027,2025-04-09 13:31:23,2152.61,E-commerce,Large,Credit Card,Success,
T00006435,M00001,2025-01-15 03:32:40,465.5,Food Delivery,Small,UPI,Failed,Payment Timeout
T00006436,M00008,2025-10-18 09:03:34,6181.89,Travel,Small,Credit Card,Failed,Technical Error
T00006437,M00064,2025-04-09 02:42:44,8391.66,Professional Services,Large,Net Banking,Success,
T00006438,M00067,2025-08-05 05:15:31,590.81,Food Delivery,Medium,Credit Card,Success,
T00006439,M00083,2025-08-19 01:30:07,1028.93,Retail,Small,Debit Card,Success,
T00006440,M00018,2025-11-04 17:13:33,8990.51,Professional Services,Small,Net Banking,Success,
T00006441,M00069,2025-02-13 18:42:58,9508.46,Education,Small,Credit Card,Success,
T00006442,M00002,2025-06-02 04:44:46,884.27,Retail,Small,UPI,Success,
T00006443,M00014,2025-03-03 00:25:50,5320.64,E-commerce,Large,Credit Card,Failed,Payment Timeout
T00006444,M00003,2025-12-03 16:24:40,3587.53,Education,Small,Credit Card,Success,
T00006445,M00050,2025-01-20 04:13:07,10899.11,SaaS,Small,Wallet,Success,
T00006446,M00060,2025-02-26 14:04:31,370.9,Food Delivery,Medium,Debit Card,Success,
T00006447,M00039,2025-11-13 23:40:08,2252.76,Gaming,Small,UPI,Success,
T00006448,M00078,2025-01-01 19:41:27,14770.49,SaaS,Medium,Net Banking,Success,
T00006449,M00055,2025-09-26 14:47:05,8786.43,SaaS,Medium,Net Banking,Success,
T00006450,M00021,2025-01-18 14:18:58,2563.29,E-commerce,Small,UPI,Success,
T00006451,M00039,2025-07-17 06:11:13,2404.61,Gaming,Small,UPI,Success,
T00006452,M00066,2025-12-24 02:49:50,996.94,Education,Large,Net Banking,Success,
T00006453,M00038,2025-07-06 17:48:49,3107.01,Education,Small,Debit Card,Success,
T00006454,M00098,2025-11-14 14:43:36,10094.13,SaaS,Medium,Credit Card,Success,
T00006455,M00052,2025-05-25 17:32:55,22248.36,Travel,Medium,Credit Card,Success,
T00006456,M00074,2025-10-09 08:53:05,1153.26,Gaming,Medium,Credit Card,Success,
T00006457,M00091,2025-08-03 18:38:12,16019.43,Professional Services,Small,Net Banking,Success,
T00006458,M00024,2025-02-03 00:44:44,1027.86,Gaming,Small,Credit Card,Success,
T00006459,M00004,2025-10-21 06:12:07,2775.96,Education,Medium,UPI,Success,
T00006460,M00048,2025-10-19 16:31:39,835.34,Food Delivery,Medium,Credit Card,Success,
T00006461,M00062,2025-08-02 17:27:39,3722.44,Retail,Medium,Credit Card,Success,
T00006462,M00016,2025-12-03 11:00:35,859.67,Retail,Medium,Debit Card,Failed,Network Error
T00006463,M00068,2025-11-20 03:20:17,1394.56,Retail,Medium,Debit Card,Success,
T00006464,M00008,2025-10-12 19:10:47,12192.72,Travel,Small,Credit Card,Success,
T00006465,M00005,2025-01-07 13:32:06,13028.22,Travel,Small,Net Banking,Failed,Insufficient Funds
T00006466,M00030,2025-05-24 17:11:35,2926.51,E-commerce,Small,UPI,Success,
T00006467,M00043,2025-04-19 07:58:51,8951.07,Professional Services,Small,Wallet,Success,
T00006468,M00020,2025-06-19 22:07:14,6299.27,Healthcare,Small,Net Banking,Success,
T00006469,M00015,2025-05-09 16:56:28,3226.33,E-commerce,Medium,UPI,Success,
T00006470,M00077,2025-12-15 07:35:26,8069.03,Professional Services,Medium,Credit Card,Success,
T00006471,M00034,2025-06-13 22:05:15,1490.56,Gaming,Medium,Debit Card,Success,
T00006472,M00056,2025-06-02 14:54:28,5500.77,E-commerce,Large,Credit Card,Success,
T00006473,M00047,2025-04-27 03:43:42,2209.25,Healthcare,Medium,UPI,Success,
T00006474,M00011,2025-12-13 08:15:48,4814.98,Education,Small,UPI,Failed,Bank Decline
T00006475,M00062,2025-04-20 14:13:30,5640.13,Retail,Medium,Credit Card,Success,
T00006476,M00028,2025-06-04 21:18:08,2357.61,E-commerce,Small,UPI,Success,
T00006477,M00029,2025-12-25 05:20:34,4945.13,Retail,Small,Debit Card,Success,
T00006478,M00013,2025-01-17 07:04:25,2138.6,E-commerce,Small,Debit Card,Success,
T00006479,M00036,2025-01-06 20:13:26,637.45,Food Delivery,Medium,UPI,Success,
T00006480,M00059,2025-06-12 23:47:53,1047.4,Retail,Medium,UPI,Success,
T00006481,M00016,2025-04-25 06:09:10,735.55,Retail,Medium,Debit Card,Success,
T00006482,M00082,2025-08-08 06:28:09,5839.76,Education,Large,Debit Card,Success,
T00006483,M00090,2025-03-03 20:50:09,6918.99,Healthcare,Medium,Debit Card,Success,
T00006484,M00087,2025-04-01 21:46:56,2284.74,Media,Small,Wallet,Success,
T00006485,M00005,2025-08-05 17:13:01,10016.82,Travel,Small,Net Banking,Success,
T00006486,M00028,2025-07-03 11:49:05,1836.28,E-commerce,Small,UPI,Success,
T00006487,M00030,2025-09-22 21:53:44,2105.45,E-commerce,Small,UPI,Success,
T00006488,M00009,2025-05-22 09:30:44,573.11,Gaming,Small,Credit Card,Success,
T00006489,M00067,2025-11-08 19:06:40,434.95,Food Delivery,Medium,Credit Card,Success,
T00006490,M00070,2025-01-31 02:40:21,1018.35,Food Delivery,Large,Debit Card,Success,
T00006491,M00041,2025-12-15 06:42:32,2984.72,E-commerce,Small,Wallet,Success,
T00006492,M00001,2025-01-09 15:38:10,504.16,Food Delivery,Small,UPI,Success,
T00006493,M00083,2025-02-21 12:51:48,906.13,Retail,Small,Debit Card,Failed,Authentication Failure
T00006494,M00077,2025-11-26 19:46:16,9124.69,Professional Services,Medium,Credit Card,Failed,Payment Timeout
T00006495,M00040,2025-08-13 04:56:23,5435.38,Professional Services,Small,Net Banking,Success,
T00006496,M00087,2025-04-28 13:36:27,1465.6,Media,Small,Wallet,Failed,Payment Timeout
T00006497,M00006,2025-11-28 23:07:56,5722.16,Retail,Small,UPI,Success,
T00006498,M00057,2025-05-24 03:04:36,10118.5,Healthcare,Medium,Credit Card,Success,
T00006499,M00009,2025-01-29 06:54:53,858.67,Gaming,Small,Credit Card,Success,
T00006500,M00036,2025-02-15 17:46:32,621.41,Food Delivery,Medium,UPI,Success,
T00006501,M00079,2025-06-27 10:47:09,227.45,Food Delivery,Large,Credit Card,Success,
T00006502,M00053,2025-07-09 15:04:42,4754.92,Education,Small,Net Banking,Success,
T00006503,M00085,2025-08-22 20:11:41,432.93,Gaming,Medium,Wallet,Success,
T00006504,M00082,2025-11-06 14:45:55,7169.84,Education,Large,Debit Card,Success,
T00006505,M00058,2025-08-03 03:39:40,1516.86,Food Delivery,Small,UPI,Success,
T00006506,M00090,2025-06-06 10:29:19,10240.49,Healthcare,Medium,Debit Card,Failed,Authentication Failure
T00006507,M00074,2025-04-14 09:49:36,1137.1,Gaming,Medium,Credit Card,Failed,Network Error
T00006508,M00036,2025-07-18 22:17:58,987.72,Food Delivery,Medium,UPI,Success,
T00006509,M00023,2025-06-24 11:35:05,10409.12,Healthcare,Small,Net Banking,Failed,Network Error
T00006510,M00048,2025-10-08 00:15:49,876.16,Food Delivery,Medium,Credit Card,Success,
T00006511,M00076,2025-04-14 11:02:15,8612.8,Education,Small,Net Banking,Success,
T00006512,M00064,2025-09-22 11:31:20,7268.37,Professional Services,Large,Net Banking,Success,
T00006513,M00099,2025-07-08 18:50:29,4441.18,Retail,Small,Wallet,Success,
T00006514,M00062,2025-07-16 10:22:31,3915.26,Retail,Medium,Credit Card,Success,
T00006515,M00015,2025-11-25 03:14:32,1912.25,E-commerce,Medium,UPI,Success,
T00006516,M00018,2025-07-12 23:51:45,7481.2,Professional Services,Small,Net Banking,Success,
T00006517,M00067,2025-10-03 20:32:15,190.58,Food Delivery,Medium,Credit Card,Success,
T00006518,M00074,2025-09-03 11:46:09,721.16,Gaming,Medium,Credit Card,Success,
T00006519,M00080,2025-12-26 08:48:03,730.79,Media,Small,Credit Card,Success,
T00006520,M00022,2025-01-21 12:30:54,305.51,Food Delivery,Small,Wallet,Success,
T00006521,M00041,2025-03-24 01:11:55,4960.85,E-commerce,Small,Wallet,Success,
T00006522,M00046,2025-03-10 23:35:16,10866.22,Professional Services,Small,Net Banking,Success,
T00006523,M00060,2025-12-24 02:45:22,443.55,Food Delivery,Medium,Debit Card,Success,
T00006524,M00008,2025-11-02 20:28:27,12514.82,Travel,Small,Credit Card,Success,
T00006525,M00071,2025-01-23 16:25:40,3448.54,Retail,Small,Debit Card,Failed,Payment Timeout
T00006526,M00023,2025-03-12 23:31:23,8598.64,Healthcare,Small,Net Banking,Success,
T00006527,M00001,2025-04-12 16:18:59,363.97,Food Delivery,Small,UPI,Success,
T00006528,M00062,2025-06-12 23:45:01,3326.1,Retail,Medium,Credit Card,Success,
T00006529,M00046,2025-12-29 17:08:30,4566.23,Professional Services,Small,Net Banking,Success,
T00006530,M00063,2025-01-03 10:13:34,4072.69,Healthcare,Small,Credit Card,Success,
T00006531,M00029,2025-01-23 21:09:01,4768.76,Retail,Small,Debit Card,Success,
T00006532,M00055,2025-10-20 11:00:37,3944.72,SaaS,Medium,Net Banking,Failed,Insufficient Funds
T00006533,M00071,2025-02-15 02:46:13,721.1,Retail,Small,Debit Card,Success,
T00006534,M00067,2025-11-24 17:09:48,327.65,Food Delivery,Medium,Credit Card,Success,
T00006535,M00098,2025-11-10 12:13:48,16932.03,SaaS,Medium,Credit Card,Success,
T00006536,M00049,2025-03-14 04:59:28,1951.06,Retail,Medium,Wallet,Success,
T00006537,M00072,2025-10-18 07:29:55,1184.08,Media,Small,Credit Card,Success,
T00006538,M00047,2025-11-14 06:26:13,1109.13,Healthcare,Medium,UPI,Success,
T00006539,M00089,2025-06-21 02:35:10,10567.8,Education,Small,UPI,Success,
T00006540,M00069,2025-01-13 17:58:46,7455.18,Education,Small,Credit Card,Success,
T00006541,M00010,2025-11-11 10:35:48,1497.36,Retail,Medium,UPI,Success,
T00006542,M00091,2025-07-07 21:57:59,19016.16,Professional Services,Small,Net Banking,Success,
T00006543,M00012,2025-09-30 02:38:03,12968.57,SaaS,Medium,Net Banking,Success,
T00006544,M00021,2025-08-11 22:05:27,1658.23,E-commerce,Small,UPI,Success,
T00006545,M00038,2025-08-07 04:07:00,2855.42,Education,Small,Debit Card,Success,
T00006546,M00024,2025-09-08 19:50:56,449.31,Gaming,Small,Credit Card,Success,
T00006547,M00094,2025-08-09 09:21:43,8069.05,SaaS,Small,UPI,Success,
T00006548,M00028,2025-03-24 20:27:33,2250.1,E-commerce,Small,UPI,Success,
T00006549,M00096,2025-06-10 01:17:00,1319.78,Gaming,Small,UPI,Success,
T00006550,M00056,2025-07-03 09:23:06,6572.43,E-commerce,Large,Credit Card,Success,
T00006551,M00006,2025-06-10 13:20:59,3550.28,Retail,Small,UPI,Success,
T00006552,M00055,2025-10-07 23:44:39,11675.82,SaaS,Medium,Net Banking,Success,
T00006553,M00026,2025-02-24 20:33:06,2103.1,Retail,Medium,Credit Card,Success,
T00006554,M00021,2025-07-29 02:26:10,2610.3,E-commerce,Small,UPI,Success,
T00006555,M00071,2025-12-17 04:25:14,2811.18,Retail,Small,Debit Card,Success,
T00006556,M00092,2025-05-10 01:10:07,2149.51,Healthcare,Medium,Debit Card,Success,
T00006557,M00036,2025-05-17 14:58:01,919.05,Food Delivery,Medium,UPI,Success,
T00006558,M00056,2025-09-23 20:57:23,2769.63,E-commerce,Large,Credit Card,Success,
T00006559,M00084,2025-07-01 20:36:43,485.91,Food Delivery,Small,Net Banking,Success,
T00006560,M00033,2025-11-04 01:33:31,3504.47,E-commerce,Small,UPI,Success,
T00006561,M00002,2025-06-20 01:03:41,903.82,Retail,Small,UPI,Success,
T00006562,M00082,2025-05-12 00:45:01,9763.75,Education,Large,Debit Card,Success,
T00006563,M00044,2025-02-28 19:00:01,13784.73,Professional Services,Small,Net Banking,Success,
T00006564,M00034,2025-07-31 22:00:47,1587.91,Gaming,Medium,Debit Card,Success,
T00006565,M00089,2025-10-17 10:59:49,6352.18,Education,Small,UPI,Success,
T00006566,M00019,2025-10-06 17:53:39,5044.66,E-commerce,Medium,Wallet,Failed,Network Error
T00006567,M00062,2025-12-28 13:04:22,3440.09,Retail,Medium,Credit Card,Success,
T00006568,M00060,2025-03-10 16:36:38,560.01,Food Delivery,Medium,Debit Card,Success,
T00006569,M00075,2025-03-30 11:43:47,219.39,E-commerce,Small,Wallet,Success,
T00006570,M00011,2025-11-27 00:48:00,11601.42,Education,Small,UPI,Success,
T00006571,M00096,2025-12-22 08:27:36,1808.33,Gaming,Small,UPI,Success,
T00006572,M00084,2025-06-23 00:30:38,447.93,Food Delivery,Small,Net Banking,Success,
T00006573,M00067,2025-12-27 00:22:40,508.87,Food Delivery,Medium,Credit Card,Success,
T00006574,M00072,2025-08-29 17:39:01,952.4,Media,Small,Credit Card,Success,
T00006575,M00011,2025-02-01 02:13:42,5924.93,Education,Small,UPI,Success,
T00006576,M00014,2025-03-12 23:33:39,4787.88,E-commerce,Large,Credit Card,Success,
T00006577,M00005,2025-01-04 18:43:10,17352.58,Travel,Small,Net Banking,Success,
T00006578,M00043,2025-10-25 08:27:58,4181.07,Professional Services,Small,Wallet,Success,
T00006579,M00032,2025-01-17 12:10:36,1426.32,Retail,Medium,Credit Card,Success,
T00006580,M00078,2025-09-16 16:20:16,13339.16,SaaS,Medium,Net Banking,Failed,Insufficient Funds
T00006581,M00012,2025-12-12 10:35:04,11527.78,SaaS,Medium,Net Banking,Failed,Authentication Failure
T00006582,M00014,2025-10-30 11:57:35,6760.38,E-commerce,Large,Credit Card,Success,
T00006583,M00007,2025-05-31 15:29:32,5108.36,Gaming,Small,Net Banking,Success,
T00006584,M00050,2025-05-08 14:09:30,17903.61,SaaS,Small,Wallet,Success,
T00006585,M00075,2025-10-01 11:14:35,837.58,E-commerce,Small,Wallet,Success,
T00006586,M00075,2025-09-30 21:36:45,493.41,E-commerce,Small,Wallet,Success,
T00006587,M00093,2025-09-04 03:52:19,10423.58,SaaS,Small,Net Banking,Success,
T00006588,M00052,2025-04-01 19:14:49,26437.05,Travel,Medium,Credit Card,Success,
T00006589,M00058,2025-12-24 06:14:56,1996.94,Food Delivery,Small,UPI,Success,
T00006590,M00030,2025-03-10 18:56:18,2085.88,E-commerce,Small,UPI,Failed,Insufficient Funds
T00006591,M00001,2025-09-16 23:35:55,462.46,Food Delivery,Small,UPI,Success,
T00006592,M00052,2025-11-05 07:33:22,30652.99,Travel,Medium,Credit Card,Success,
T00006593,M00025,2025-05-19 18:41:28,1201.81,Food Delivery,Small,UPI,Success,
T00006594,M00072,2025-06-12 05:04:00,804.01,Media,Small,Credit Card,Success,
T00006595,M00054,2025-09-29 17:04:49,1084.21,Media,Small,Credit Card,Success,
T00006596,M00100,2025-03-25 08:12:20,663.03,E-commerce,Small,UPI,Success,
T00006597,M00035,2025-12-28 08:54:06,2391.68,Retail,Small,UPI,Failed,Technical Error
T00006598,M00016,2025-09-24 13:34:31,1586.53,Retail,Medium,Debit Card,Success,
T00006599,M00071,2025-04-11 19:55:26,1088.66,Retail,Small,Debit Card,Success,
T00006600,M00020,2025-06-20 03:01:51,10451.42,Healthcare,Small,Net Banking,Success,
T00006601,M00011,2025-11-21 04:28:00,3622.41,Education,Small,UPI,Success,
T00006602,M00033,2025-11-24 23:32:30,4127.62,E-commerce,Small,UPI,Success,
T00006603,M00026,2025-08-20 01:26:00,599.02,Retail,Medium,Credit Card,Success,
T00006604,M00009,2025-08-18 02:08:49,633.94,Gaming,Small,Credit Card,Success,
T00006605,M00073,2025-09-08 01:42:25,4815.29,SaaS,Small,Net Banking,Success,
T00006606,M00025,2025-01-26 12:57:15,1162.85,Food Delivery,Small,UPI,Success,
T00006607,M00049,2025-06-02 11:57:12,1291.67,Retail,Medium,Wallet,Success,
T00006608,M00043,2025-04-29 02:04:02,7600.32,Professional Services,Small,Wallet,Success,
T00006609,M00094,2025-01-05 17:45:25,13797.38,SaaS,Small,UPI,Success,
T00006610,M00002,2025-04-18 17:52:25,1486.23,Retail,Small,UPI,Success,
T00006611,M00063,2025-01-13 04:58:27,6119.49,Healthcare,Small,Credit Card,Success,
T00006612,M00076,2025-09-29 08:37:57,5988.15,Education,Small,Net Banking,Failed,Network Error
T00006613,M00038,2025-01-26 00:20:23,3946.99,Education,Small,Debit Card,Success,
T00006614,M00093,2025-02-06 10:14:06,7868.59,SaaS,Small,Net Banking,Failed,Technical Error
T00006615,M00005,2025-05-11 19:18:12,32825.07,Travel,Small,Net Banking,Success,
T00006616,M00067,2025-07-31 19:54:02,370.61,Food Delivery,Medium,Credit Card,Success,
T00006617,M00065,2025-10-23 03:23:20,1511.15,E-commerce,Large,Debit Card,Success,
T00006618,M00046,2025-05-13 05:23:17,4739.89,Professional Services,Small,Net Banking,Success,
T00006619,M00028,2025-05-21 07:59:19,2210.22,E-commerce,Small,UPI,Success,
T00006620,M00077,2025-07-09 02:10:10,8025.84,Professional Services,Medium,Credit Card,Success,
T00006621,M00079,2025-08-13 07:42:23,249.09,Food Delivery,Large,Credit Card,Success,
T00006622,M00050,2025-12-21 23:09:51,12051.78,SaaS,Small,Wallet,Success,
T00006623,M00023,2025-08-01 15:03:05,9745.9,Healthcare,Small,Net Banking,Success,
T00006624,M00061,2025-07-05 10:37:43,9141.6,SaaS,Medium,UPI,Success,
T00006625,M00019,2025-10-30 06:13:30,4302.19,E-commerce,Medium,Wallet,Success,
T00006626,M00023,2025-04-14 17:08:28,5693.87,Healthcare,Small,Net Banking,Success,
T00006627,M00011,2025-02-18 15:56:24,6237.46,Education,Small,UPI,Success,
T00006628,M00041,2025-08-10 11:21:27,1183.04,E-commerce,Small,Wallet,Success,
T00006629,M00022,2025-04-30 03:10:48,135.56,Food Delivery,Small,Wallet,Success,
T00006630,M00079,2025-03-29 09:24:56,146.82,Food Delivery,Large,Credit Card,Success,
T00006631,M00013,2025-06-02 11:34:53,1720.57,E-commerce,Small,Debit Card,Success,
T00006632,M00087,2025-03-03 00:58:55,1912.95,Media,Small,Wallet,Success,
T00006633,M00031,2025-01-04 03:01:51,1859.15,Media,Small,Net Banking,Success,
T00006634,M00040,2025-01-29 07:16:37,17802.02,Professional Services,Small,Net Banking,Success,
T00006635,M00068,2025-05-28 09:02:14,1394.0,Retail,Medium,Debit Card,Success,
T00006636,M00008,2025-04-22 00:29:34,15909.18,Travel,Small,Credit Card,Success,
T00006637,M00026,2025-07-28 15:25:46,1732.32,Retail,Medium,Credit Card,Success,
T00006638,M00087,2025-09-14 21:32:50,2626.32,Media,Small,Wallet,Success,
T00006639,M00005,2025-09-30 19:22:07,26143.39,Travel,Small,Net Banking,Success,
T00006640,M00024,2025-05-09 13:25:22,649.14,Gaming,Small,Credit Card,Success,
T00006641,M00016,2025-01-28 02:03:40,1549.17,Retail,Medium,Debit Card,Success,
T00006642,M00045,2025-09-07 18:36:07,2698.72,Media,Small,Wallet,Success,
T00006643,M00078,2025-06-13 19:02:24,13727.59,SaaS,Medium,Net Banking,Success,
T00006644,M00096,2025-09-05 11:11:49,1571.38,Gaming,Small,UPI,Success,
T00006645,M00048,2025-07-30 02:36:52,537.7,Food Delivery,Medium,Credit Card,Success,
T00006646,M00080,2025-01-06 09:58:19,708.23,Media,Small,Credit Card,Success,
T00006647,M00094,2025-12-17 15:11:56,14196.02,SaaS,Small,UPI,Success,
T00006648,M00010,2025-11-05 14:00:23,2346.4,Retail,Medium,UPI,Success,
T00006649,M00067,2025-12-27 05:05:52,847.28,Food Delivery,Medium,Credit Card,Success,
T00006650,M00074,2025-12-25 15:55:11,1087.18,Gaming,Medium,Credit Card,Success,
T00006651,M00036,2025-05-10 17:52:45,883.02,Food Delivery,Medium,UPI,Success,
T00006652,M00015,2025-07-30 21:24:35,6.47,E-commerce,Medium,UPI,Success,
T00006653,M00088,2025-11-29 21:46:30,561.49,Food Delivery,Small,UPI,Success,
T00006654,M00004,2025-10-14 04:50:26,1927.32,Education,Medium,UPI,Success,
T00006655,M00034,2025-06-14 11:17:05,1339.49,Gaming,Medium,Debit Card,Success,
T00006656,M00016,2025-11-24 10:51:37,1298.35,Retail,Medium,Debit Card,Success,
T00006657,M00038,2025-09-18 14:30:47,3416.67,Education,Small,Debit Card,Success,
T00006658,M00051,2025-09-27 14:33:04,3136.56,Retail,Medium,UPI,Success,
T00006659,M00058,2025-05-24 17:03:36,1239.17,Food Delivery,Small,UPI,Success,
T00006660,M00045,2025-06-29 22:53:46,2962.84,Media,Small,Wallet,Success,
T00006661,M00087,2025-09-27 20:57:57,1859.36,Media,Small,Wallet,Success,
T00006662,M00089,2025-02-05 06:38:06,7663.99,Education,Small,UPI,Success,
T00006663,M00082,2025-11-23 22:38:43,8078.81,Education,Large,Debit Card,Success,
T00006664,M00067,2025-03-12 06:24:48,726.09,Food Delivery,Medium,Credit Card,Success,
T00006665,M00027,2025-09-30 00:25:30,1803.99,E-commerce,Large,Credit Card,Success,
T00006666,M00074,2025-10-09 18:40:58,1021.21,Gaming,Medium,Credit Card,Success,
T00006667,M00091,2025-01-27 05:22:48,10344.02,Professional Services,Small,Net Banking,Success,
T00006668,M00082,2025-07-22 19:45:35,9876.09,Education,Large,Debit Card,Success,
T00006669,M00003,2025-07-09 20:15:13,3822.31,Education,Small,Credit Card,Success,
T00006670,M00093,2025-06-18 10:42:06,3894.74,SaaS,Small,Net Banking,Success,
T00006671,M00093,2025-02-13 12:31:02,5619.52,SaaS,Small,Net Banking,Success,
T00006672,M00092,2025-08-02 16:35:26,4392.95,Healthcare,Medium,Debit Card,Success,
T00006673,M00079,2025-10-11 15:10:09,183.31,Food Delivery,Large,Credit Card,Success,
T00006674,M00076,2025-09-26 01:45:29,6620.69,Education,Small,Net Banking,Failed,Bank Decline
T00006675,M00074,2025-10-01 09:32:52,946.15,Gaming,Medium,Credit Card,Success,
T00006676,M00023,2025-10-03 06:46:18,5233.42,Healthcare,Small,Net Banking,Success,
T00006677,M00026,2025-10-28 06:03:44,1546.88,Retail,Medium,Credit Card,Success,
T00006678,M00030,2025-11-10 21:51:47,3062.7,E-commerce,Small,UPI,Success,
T00006679,M00002,2025-11-30 05:53:10,995.56,Retail,Small,UPI,Success,
T00006680,M00065,2025-03-02 00:43:36,2068.67,E-commerce,Large,Debit Card,Success,
T00006681,M00068,2025-08-14 23:33:22,1213.03,Retail,Medium,Debit Card,Success,
T00006682,M00087,2025-05-09 19:39:26,1925.54,Media,Small,Wallet,Failed,Network Error
T00006683,M00068,2025-12-03 09:52:24,1673.72,Retail,Medium,Debit Card,Success,
T00006684,M00009,2025-03-07 07:00:16,845.9,Gaming,Small,Credit Card,Success,
T00006685,M00093,2025-07-05 03:50:15,7453.93,SaaS,Small,Net Banking,Success,
T00006686,M00050,2025-08-27 20:36:21,13015.77,SaaS,Small,Wallet,Success,
T00006687,M00022,2025-02-19 12:01:15,246.93,Food Delivery,Small,Wallet,Success,
T00006688,M00056,2025-09-15 06:48:39,2926.52,E-commerce,Large,Credit Card,Failed,Insufficient Funds
T00006689,M00046,2025-04-08 20:27:22,16677.87,Professional Services,Small,Net Banking,Failed,Technical Error
T00006690,M00039,2025-03-24 02:36:02,2224.85,Gaming,Small,UPI,Success,
T00006691,M00028,2025-12-26 01:28:29,2346.21,E-commerce,Small,UPI,Success,
T00006692,M00065,2025-06-13 16:17:36,957.89,E-commerce,Large,Debit Card,Failed,Network Error
T00006693,M00083,2025-08-13 04:35:12,1323.84,Retail,Small,Debit Card,Success,
T00006694,M00028,2025-02-19 03:22:22,2070.27,E-commerce,Small,UPI,Success,
T00006695,M00066,2025-10-13 08:42:20,1632.24,Education,Large,Net Banking,Success,
T00006696,M00034,2025-01-20 16:37:47,1521.42,Gaming,Medium,Debit Card,Success,
T00006697,M00046,2025-10-05 10:38:08,12857.82,Professional Services,Small,Net Banking,Success,
T00006698,M00086,2025-10-06 10:21:38,904.9,Food Delivery,Large,UPI,Success,
T00006699,M00053,2025-05-20 11:45:21,4612.1,Education,Small,Net Banking,Success,
T00006700,M00014,2025-04-05 15:26:30,3408.26,E-commerce,Large,Credit Card,Success,
T00006701,M00100,2025-03-17 07:52:08,1058.7,E-commerce,Small,UPI,Success,
T00006702,M00037,2025-02-06 07:49:42,8199.16,Education,Medium,UPI,Success,
T00006703,M00048,2025-12-11 05:14:57,925.21,Food Delivery,Medium,Credit Card,Success,
T00006704,M00005,2025-09-22 22:23:47,26860.28,Travel,Small,Net Banking,Failed,Insufficient Funds
T00006705,M00092,2025-05-14 18:21:38,4025.55,Healthcare,Medium,Debit Card,Failed,Authentication Failure
T00006706,M00019,2025-06-27 10:47:05,2819.83,E-commerce,Medium,Wallet,Success,
T00006707,M00043,2025-06-04 12:32:40,5866.89,Professional Services,Small,Wallet,Success,
T00006708,M00055,2025-02-21 06:30:28,12112.47,SaaS,Medium,Net Banking,Success,
T00006709,M00004,2025-09-23 13:21:24,2456.86,Education,Medium,UPI,Success,
T00006710,M00028,2025-06-11 10:42:12,2410.09,E-commerce,Small,UPI,Success,
T00006711,M00016,2025-11-12 17:17:12,818.52,Retail,Medium,Debit Card,Success,
T00006712,M00025,2025-05-27 20:20:05,611.21,Food Delivery,Small,UPI,Success,
T00006713,M00041,2025-01-16 20:59:52,4960.76,E-commerce,Small,Wallet,Success,
T00006714,M00045,2025-07-26 04:12:55,2220.56,Media,Small,Wallet,Success,
T00006715,M00008,2025-11-01 22:12:17,16972.94,Travel,Small,Credit Card,Failed,Payment Timeout
T00006716,M00072,2025-11-15 21:56:00,905.8,Media,Small,Credit Card,Success,
T00006717,M00051,2025-08-29 19:38:45,3297.95,Retail,Medium,UPI,Success,
T00006718,M00078,2025-11-08 06:08:02,14607.41,SaaS,Medium,Net Banking,Success,
T00006719,M00062,2025-02-16 00:38:38,4064.25,Retail,Medium,Credit Card,Success,
T00006720,M00064,2025-06-07 14:54:55,8014.64,Professional Services,Large,Net Banking,Success,
T00006721,M00017,2025-05-24 03:21:44,13991.81,Professional Services,Small,Credit Card,Failed,Authentication Failure
T00006722,M00003,2025-06-28 20:12:49,3892.92,Education,Small,Credit Card,Failed,Insufficient Funds
T00006723,M00016,2025-05-29 19:21:14,1046.33,Retail,Medium,Debit Card,Success,
T00006724,M00047,2025-08-10 11:50:30,2178.2,Healthcare,Medium,UPI,Success,
T00006725,M00092,2025-06-02 21:42:09,4108.43,Healthcare,Medium,Debit Card,Success,
T00006726,M00047,2025-10-30 10:58:09,1812.62,Healthcare,Medium,UPI,Success,
T00006727,M00080,2025-04-09 22:18:32,772.51,Media,Small,Credit Card,Failed,Authentication Failure
T00006728,M00049,2025-03-18 06:05:17,1557.17,Retail,Medium,Wallet,Success,
T00006729,M00061,2025-08-23 19:49:54,8531.23,SaaS,Medium,UPI,Success,
T00006730,M00058,2025-05-14 12:21:15,739.49,Food Delivery,Small,UPI,Success,
T00006731,M00098,2025-09-09 08:33:27,10157.74,SaaS,Medium,Credit Card,Success,
T00006732,M00083,2025-11-25 18:02:20,1399.08,Retail,Small,Debit Card,Success,
T00006733,M00035,2025-02-22 07:23:54,917.12,Retail,Small,UPI,Success,
T00006734,M00025,2025-02-27 00:48:58,1377.39,Food Delivery,Small,UPI,Success,
T00006735,M00040,2025-11-02 04:28:14,10832.91,Professional Services,Small,Net Banking,Success,
T00006736,M00086,2025-05-14 09:51:47,1227.34,Food Delivery,Large,UPI,Success,
T00006737,M00018,2025-08-04 11:09:35,7432.35,Professional Services,Small,Net Banking,Success,
T00006738,M00008,2025-09-21 18:23:45,10793.5,Travel,Small,Credit Card,Success,
T00006739,M00075,2025-07-19 07:43:33,300.02,E-commerce,Small,Wallet,Success,
T00006740,M00024,2025-07-11 11:01:16,356.93,Gaming,Small,Credit Card,Failed,Payment Timeout
T00006741,M00061,2025-09-24 21:34:20,5118.93,SaaS,Medium,UPI,Success,
T00006742,M00020,2025-02-27 06:58:33,5669.56,Healthcare,Small,Net Banking,Success,
T00006743,M00006,2025-10-09 07:28:36,2635.07,Retail,Small,UPI,Success,
T00006744,M00097,2025-08-22 07:43:23,11024.56,Professional Services,Small,Credit Card,Success,
T00006745,M00011,2025-05-28 16:20:18,7264.51,Education,Small,UPI,Success,
T00006746,M00009,2025-04-03 23:34:27,972.14,Gaming,Small,Credit Card,Success,
T00006747,M00031,2025-10-07 16:25:41,3226.88,Media,Small,Net Banking,Failed,Bank Decline
T00006748,M00018,2025-12-12 05:44:22,6512.56,Professional Services,Small,Net Banking,Success,
T00006749,M00013,2025-01-23 08:54:02,2075.47,E-commerce,Small,Debit Card,Success,
T00006750,M00093,2025-03-20 13:38:12,8255.47,SaaS,Small,Net Banking,Failed,Insufficient Funds
T00006751,M00021,2025-11-11 03:39:04,2566.83,E-commerce,Small,UPI,Success,
T00006752,M00085,2025-05-23 01:54:59,367.2,Gaming,Medium,Wallet,Success,
T00006753,M00073,2025-07-25 10:39:21,3683.36,SaaS,Small,Net Banking,Failed,Network Error
T00006754,M00073,2025-05-24 14:44:18,3967.81,SaaS,Small,Net Banking,Success,
T00006755,M00001,2025-10-30 06:51:35,345.92,Food Delivery,Small,UPI,Success,
T00006756,M00005,2025-04-15 07:11:18,8524.54,Travel,Small,Net Banking,Success,
T00006757,M00073,2025-11-06 03:52:23,2451.59,SaaS,Small,Net Banking,Success,
T00006758,M00005,2025-11-06 17:07:24,28068.96,Travel,Small,Net Banking,Failed,Technical Error
T00006759,M00062,2025-10-27 20:23:17,6910.18,Retail,Medium,Credit Card,Success,
T00006760,M00029,2025-03-19 10:14:51,3137.81,Retail,Small,Debit Card,Success,
T00006761,M00027,2025-04-04 04:18:06,1025.53,E-commerce,Large,Credit Card,Failed,Network Error
T00006762,M00060,2025-06-02 15:16:53,679.01,Food Delivery,Medium,Debit Card,Success,
T00006763,M00029,2025-10-10 18:41:44,2897.46,Retail,Small,Debit Card,Failed,Insufficient Funds
T00006764,M00036,2025-06-17 08:21:13,689.27,Food Delivery,Medium,UPI,Success,
T00006765,M00077,2025-04-19 21:07:06,8642.34,Professional Services,Medium,Credit Card,Success,
T00006766,M00094,2025-01-09 14:13:45,13196.85,SaaS,Small,UPI,Success,
T00006767,M00007,2025-12-19 17:35:05,3753.13,Gaming,Small,Net Banking,Success,
T00006768,M00039,2025-08-29 03:12:36,1998.38,Gaming,Small,UPI,Success,
T00006769,M00048,2025-04-29 23:23:03,341.27,Food Delivery,Medium,Credit Card,Success,
T00006770,M00048,2025-06-04 23:53:25,737.6,Food Delivery,Medium,Credit Card,Success,
T00006771,M00090,2025-05-06 11:28:39,9886.44,Healthcare,Medium,Debit Card,Success,
T00006772,M00077,2025-04-28 07:39:19,5489.95,Professional Services,Medium,Credit Card,Success,
T00006773,M00043,2025-03-12 13:47:20,8004.51,Professional Services,Small,Wallet,Success,
T00006774,M00043,2025-12-04 22:03:59,7617.5,Professional Services,Small,Wallet,Failed,Bank Decline
T00006775,M00006,2025-04-04 01:12:32,2257.09,Retail,Small,UPI,Failed,Network Error
T00006776,M00098,2025-03-12 12:33:58,16037.54,SaaS,Medium,Credit Card,Success,
T00006777,M00016,2025-12-29 09:21:25,1054.48,Retail,Medium,Debit Card,Success,
T00006778,M00019,2025-04-13 19:51:11,4228.29,E-commerce,Medium,Wallet,Success,
T00006779,M00013,2025-08-15 14:48:42,2862.46,E-commerce,Small,Debit Card,Success,
T00006780,M00037,2025-06-11 08:19:53,10856.43,Education,Medium,UPI,Success,
T00006781,M00003,2025-04-27 21:29:57,4578.06,Education,Small,Credit Card,Success,
T00006782,M00093,2025-11-11 09:57:21,2716.34,SaaS,Small,Net Banking,Success,
T00006783,M00057,2025-08-09 00:49:36,6163.18,Healthcare,Medium,Credit Card,Success,
T00006784,M00062,2025-02-10 11:40:43,5226.27,Retail,Medium,Credit Card,Failed,Technical Error
T00006785,M00024,2025-12-17 22:47:10,1120.65,Gaming,Small,Credit Card,Success,
T00006786,M00028,2025-02-17 08:57:14,2448.69,E-commerce,Small,UPI,Success,
T00006787,M00030,2025-07-26 03:41:47,3341.83,E-commerce,Small,UPI,Success,
T00006788,M00060,2025-02-16 16:47:08,232.53,Food Delivery,Medium,Debit Card,Success,
T00006789,M00026,2025-10-11 11:03:46,1532.46,Retail,Medium,Credit Card,Success,
T00006790,M00098,2025-04-20 01:43:26,11388.57,SaaS,Medium,Credit Card,Success,
T00006791,M00080,2025-03-23 05:05:43,383.97,Media,Small,Credit Card,Success,
T00006792,M00078,2025-12-15 01:45:34,20961.0,SaaS,Medium,Net Banking,Success,
T00006793,M00048,2025-12-12 07:45:34,1096.38,Food Delivery,Medium,Credit Card,Success,
T00006794,M00052,2025-11-24 19:58:09,17303.38,Travel,Medium,Credit Card,Success,
T00006795,M00076,2025-12-12 18:08:13,7359.25,Education,Small,Net Banking,Success,
T00006796,M00037,2025-09-07 15:28:39,6614.65,Education,Medium,UPI,Failed,Technical Error
T00006797,M00031,2025-12-29 15:15:47,1760.47,Media,Small,Net Banking,Success,
T00006798,M00083,2025-11-06 09:09:15,1475.58,Retail,Small,Debit Card,Success,
T00006799,M00047,2025-10-16 03:40:44,1829.93,Healthcare,Medium,UPI,Success,
T00006800,M00032,2025-06-25 21:57:08,2153.12,Retail,Medium,Credit Card,Success,
T00006801,M00094,2025-06-16 23:39:16,9137.6,SaaS,Small,UPI,Success,
T00006802,M00055,2025-07-01 18:21:40,15166.14,SaaS,Medium,Net Banking,Success,
T00006803,M00026,2025-04-19 05:16:28,2395.47,Retail,Medium,Credit Card,Success,
T00006804,M00081,2025-10-24 09:27:58,330.93,Media,Small,UPI,Success,
T00006805,M00021,2025-05-19 16:30:20,3276.3,E-commerce,Small,UPI,Success,
T00006806,M00023,2025-01-25 10:06:03,3573.28,Healthcare,Small,Net Banking,Success,
T00006807,M00086,2025-12-30 12:37:35,799.51,Food Delivery,Large,UPI,Success,
T00006808,M00005,2025-01-18 17:18:18,33263.94,Travel,Small,Net Banking,Success,
T00006809,M00013,2025-12-24 14:14:37,3256.81,E-commerce,Small,Debit Card,Success,
T00006810,M00061,2025-02-19 17:15:58,11926.42,SaaS,Medium,UPI,Success,
T00006811,M00100,2025-03-14 08:31:18,572.49,E-commerce,Small,UPI,Success,
T00006812,M00005,2025-02-16 13:41:22,35258.91,Travel,Small,Net Banking,Success,
T00006813,M00020,2025-08-23 15:41:41,6379.59,Healthcare,Small,Net Banking,Success,
T00006814,M00015,2025-02-17 22:20:17,3870.75,E-commerce,Medium,UPI,Success,
T00006815,M00019,2025-03-26 12:20:04,4791.35,E-commerce,Medium,Wallet,Success,
T00006816,M00013,2025-02-03 17:27:01,1537.04,E-commerce,Small,Debit Card,Success,
T00006817,M00035,2025-03-05 21:02:59,2231.2,Retail,Small,UPI,Success,
T00006818,M00048,2025-08-30 17:30:31,676.34,Food Delivery,Medium,Credit Card,Success,
T00006819,M00032,2025-10-03 10:06:17,3449.2,Retail,Medium,Credit Card,Success,
T00006820,M00099,2025-10-07 22:46:12,6061.97,Retail,Small,Wallet,Success,
T00006821,M00093,2025-09-08 10:40:25,8413.3,SaaS,Small,Net Banking,Success,
T00006822,M00045,2025-11-01 12:16:36,3712.24,Media,Small,Wallet,Success,
T00006823,M00063,2025-02-19 15:22:24,4229.64,Healthcare,Small,Credit Card,Success,
T00006824,M00071,2025-12-13 21:42:20,614.87,Retail,Small,Debit Card,Success,
T00006825,M00021,2025-09-23 04:57:15,2822.02,E-commerce,Small,UPI,Success,
T00006826,M00062,2025-09-06 12:38:30,5159.74,Retail,Medium,Credit Card,Success,
T00006827,M00077,2025-11-13 09:22:57,4314.57,Professional Services,Medium,Credit Card,Success,
T00006828,M00080,2025-07-22 19:22:22,922.54,Media,Small,Credit Card,Success,
T00006829,M00076,2025-03-09 16:39:10,9862.62,Education,Small,Net Banking,Success,
T00006830,M00063,2025-09-27 07:49:14,4992.15,Healthcare,Small,Credit Card,Success,
T00006831,M00074,2025-10-31 14:05:12,1331.65,Gaming,Medium,Credit Card,Success,
T00006832,M00059,2025-03-30 00:24:41,443.12,Retail,Medium,UPI,Success,
T00006833,M00072,2025-02-03 19:54:06,172.78,Media,Small,Credit Card,Success,
T00006834,M00022,2025-02-05 14:07:42,399.47,Food Delivery,Small,Wallet,Success,
T00006835,M00091,2025-08-03 01:48:31,18673.53,Professional Services,Small,Net Banking,Success,
T00006836,M00053,2025-08-24 18:54:06,4164.31,Education,Small,Net Banking,Success,
T00006837,M00008,2025-02-16 21:52:26,14568.53,Travel,Small,Credit Card,Success,
T00006838,M00062,2025-03-19 15:14:01,1947.97,Retail,Medium,Credit Card,Success,
T00006839,M00066,2025-02-08 07:40:25,1742.63,Education,Large,Net Banking,Success,
T00006840,M00041,2025-05-18 13:34:36,4518.03,E-commerce,Small,Wallet,Success,
T00006841,M00024,2025-11-16 20:45:23,991.82,Gaming,Small,Credit Card,Failed,Technical Error
T00006842,M00066,2025-08-06 13:38:06,1470.52,Education,Large,Net Banking,Success,
T00006843,M00035,2025-03-13 00:36:42,1509.04,Retail,Small,UPI,Success,
T00006844,M00078,2025-11-05 06:20:25,3360.24,SaaS,Medium,Net Banking,Success,
T00006845,M00031,2025-06-18 20:05:14,2484.92,Media,Small,Net Banking,Success,
T00006846,M00017,2025-04-11 07:15:25,8181.33,Professional Services,Small,Credit Card,Success,
T00006847,M00047,2025-07-05 19:43:22,1844.31,Healthcare,Medium,UPI,Success,
T00006848,M00034,2025-02-26 08:52:59,1977.87,Gaming,Medium,Debit Card,Success,
T00006849,M00067,2025-03-26 03:42:21,955.65,Food Delivery,Medium,Credit Card,Success,
T00006850,M00069,2025-03-04 16:13:29,5978.84,Education,Small,Credit Card,Success,
T00006851,M00039,2025-07-17 10:14:33,2250.61,Gaming,Small,UPI,Success,
T00006852,M00087,2025-04-09 13:10:48,1909.46,Media,Small,Wallet,Failed,Network Error
T00006853,M00029,2025-08-06 13:33:52,6530.36,Retail,Small,Debit Card,Success,
T00006854,M00037,2025-10-06 14:13:56,6973.29,Education,Medium,UPI,Success,
T00006855,M00040,2025-09-24 03:43:14,10938.67,Professional Services,Small,Net Banking,Success,
T00006856,M00096,2025-05-18 09:05:09,1465.32,Gaming,Small,UPI,Success,
T00006857,M00090,2025-05-27 10:08:44,11656.99,Healthcare,Medium,Debit Card,Failed,Network Error
T00006858,M00014,2025-03-23 23:15:17,6138.28,E-commerce,Large,Credit Card,Success,
T00006859,M00041,2025-01-20 03:35:33,5263.19,E-commerce,Small,Wallet,Success,
T00006860,M00019,2025-11-03 22:38:59,4041.24,E-commerce,Medium,Wallet,Success,
T00006861,M00077,2025-12-02 17:39:39,7896.57,Professional Services,Medium,Credit Card,Success,
T00006862,M00048,2025-07-26 10:36:58,678.1,Food Delivery,Medium,Credit Card,Success,
T00006863,M00012,2025-06-04 02:37:41,9200.46,SaaS,Medium,Net Banking,Success,
T00006864,M00036,2025-04-02 18:36:47,585.64,Food Delivery,Medium,UPI,Success,
T00006865,M00083,2025-09-17 19:33:15,1202.5,Retail,Small,Debit Card,Failed,Insufficient Funds
T00006866,M00005,2025-09-11 16:16:33,38835.27,Travel,Small,Net Banking,Success,
T00006867,M00029,2025-02-27 16:05:37,5904.0,Retail,Small,Debit Card,Success,
T00006868,M00086,2025-05-30 15:52:43,1171.85,Food Delivery,Large,UPI,Success,
T00006869,M00039,2025-09-14 17:53:03,2941.96,Gaming,Small,UPI,Success,
T00006870,M00001,2025-03-31 00:39:31,452.07,Food Delivery,Small,UPI,Success,
T00006871,M00023,2025-10-07 15:46:22,5174.88,Healthcare,Small,Net Banking,Success,
T00006872,M00065,2025-10-11 16:43:51,1582.45,E-commerce,Large,Debit Card,Success,
T00006873,M00033,2025-07-04 21:58:58,5044.41,E-commerce,Small,UPI,Success,
T00006874,M00075,2025-11-07 09:50:59,631.0,E-commerce,Small,Wallet,Success,
T00006875,M00005,2025-09-01 04:41:34,21287.03,Travel,Small,Net Banking,Success,
T00006876,M00068,2025-10-07 18:25:37,1124.77,Retail,Medium,Debit Card,Success,
T00006877,M00040,2025-01-31 02:17:19,4850.2,Professional Services,Small,Net Banking,Success,
T00006878,M00049,2025-06-16 07:43:15,1053.05,Retail,Medium,Wallet,Success,
T00006879,M00038,2025-08-10 04:49:40,3600.17,Education,Small,Debit Card,Success,
T00006880,M00063,2025-08-19 01:48:06,4713.57,Healthcare,Small,Credit Card,Failed,Payment Timeout
T00006881,M00077,2025-05-05 16:18:53,5081.33,Professional Services,Medium,Credit Card,Success,
T00006882,M00083,2025-01-24 09:05:13,1741.52,Retail,Small,Debit Card,Success,
T00006883,M00053,2025-01-01 04:55:14,4313.09,Education,Small,Net Banking,Success,
T00006884,M00046,2025-03-03 11:25:22,13094.56,Professional Services,Small,Net Banking,Success,
T00006885,M00081,2025-01-28 14:53:32,295.15,Media,Small,UPI,Success,
T00006886,M00033,2025-10-11 02:26:17,2804.34,E-commerce,Small,UPI,Success,
T00006887,M00024,2025-02-28 03:02:10,612.51,Gaming,Small,Credit Card,Success,
T00006888,M00096,2025-10-20 00:11:42,2842.87,Gaming,Small,UPI,Success,
T00006889,M00039,2025-12-18 19:56:39,2539.86,Gaming,Small,UPI,Success,
T00006890,M00005,2025-09-09 08:57:32,22651.46,Travel,Small,Net Banking,Success,
T00006891,M00003,2025-01-15 02:40:23,2760.94,Education,Small,Credit Card,Success,
T00006892,M00016,2025-03-06 01:39:58,865.24,Retail,Medium,Debit Card,Success,
T00006893,M00092,2025-12-13 21:11:36,3873.63,Healthcare,Medium,Debit Card,Success,
T00006894,M00046,2025-10-27 05:29:55,14002.23,Professional Services,Small,Net Banking,Success,
T00006895,M00094,2025-06-20 01:02:58,8617.91,SaaS,Small,UPI,Success,
T00006896,M00038,2025-05-12 16:49:01,2034.16,Education,Small,Debit Card,Success,
T00006897,M00046,2025-07-25 23:51:10,9231.48,Professional Services,Small,Net Banking,Success,
T00006898,M00034,2025-05-17 20:45:48,1399.78,Gaming,Medium,Debit Card,Success,
T00006899,M00040,2025-09-05 13:01:17,20819.68,Professional Services,Small,Net Banking,Success,
T00006900,M00063,2025-12-16 13:37:33,3589.07,Healthcare,Small,Credit Card,Success,
T00006901,M00074,2025-09-27 02:56:16,1002.78,Gaming,Medium,Credit Card,Success,
T00006902,M00003,2025-10-27 00:34:44,4718.39,Education,Small,Credit Card,Success,
T00006903,M00038,2025-04-30 21:54:51,4117.64,Education,Small,Debit Card,Success,
T00006904,M00055,2025-11-02 02:40:27,22165.1,SaaS,Medium,Net Banking,Success,
T00006905,M00024,2025-05-11 01:13:31,871.7,Gaming,Small,Credit Card,Success,
T00006906,M00040,2025-02-17 00:16:50,14340.67,Professional Services,Small,Net Banking,Success,
T00006907,M00083,2025-05-17 16:37:28,2019.37,Retail,Small,Debit Card,Success,
T00006908,M00053,2025-05-27 20:28:56,2392.15,Education,Small,Net Banking,Success,
T00006909,M00037,2025-04-20 19:46:40,5023.0,Education,Medium,UPI,Success,
T00006910,M00098,2025-07-06 09:20:45,10347.87,SaaS,Medium,Credit Card,Success,
T00006911,M00045,2025-01-20 09:29:24,3374.63,Media,Small,Wallet,Success,
T00006912,M00003,2025-06-03 15:39:43,4154.18,Education,Small,Credit Card,Success,
T00006913,M00027,2025-07-31 13:29:22,1334.41,E-commerce,Large,Credit Card,Success,
T00006914,M00047,2025-08-11 07:06:57,1213.56,Healthcare,Medium,UPI,Success,
T00006915,M00020,2025-06-24 19:35:55,13175.32,Healthcare,Small,Net Banking,Success,
T00006916,M00078,2025-11-13 23:40:55,9305.76,SaaS,Medium,Net Banking,Success,
T00006917,M00011,2025-12-12 20:18:27,5437.69,Education,Small,UPI,Success,
T00006918,M00063,2025-11-30 04:12:59,6851.09,Healthcare,Small,Credit Card,Success,
T00006919,M00086,2025-01-09 22:52:30,866.1,Food Delivery,Large,UPI,Success,
T00006920,M00042,2025-07-02 15:08:19,11415.97,Healthcare,Small,Debit Card,Success,
T00006921,M00017,2025-08-17 16:36:13,10116.53,Professional Services,Small,Credit Card,Success,
T00006922,M00064,2025-08-28 09:48:41,1461.73,Professional Services,Large,Net Banking,Success,
T00006923,M00042,2025-06-30 08:33:01,8550.03,Healthcare,Small,Debit Card,Success,
T00006924,M00080,2025-09-10 11:07:39,833.97,Media,Small,Credit Card,Success,
T00006925,M00090,2025-08-10 02:21:05,8618.39,Healthcare,Medium,Debit Card,Success,
T00006926,M00090,2025-09-27 19:16:25,7413.78,Healthcare,Medium,Debit Card,Success,
T00006927,M00016,2025-06-30 22:59:02,978.44,Retail,Medium,Debit Card,Success,
T00006928,M00098,2025-03-04 17:24:03,9668.55,SaaS,Medium,Credit Card,Success,
T00006929,M00028,2025-06-29 16:25:14,1939.66,E-commerce,Small,UPI,Success,
T00006930,M00089,2025-01-31 10:23:50,8540.19,Education,Small,UPI,Success,
T00006931,M00083,2025-08-27 11:39:16,1430.37,Retail,Small,Debit Card,Success,
T00006932,M00028,2025-11-23 09:59:26,3182.62,E-commerce,Small,UPI,Success,
T00006933,M00033,2025-05-11 06:08:49,3173.82,E-commerce,Small,UPI,Success,
T00006934,M00050,2025-09-13 07:57:46,9842.19,SaaS,Small,Wallet,Success,
T00006935,M00048,2025-04-26 22:34:02,1134.04,Food Delivery,Medium,Credit Card,Success,
T00006936,M00099,2025-12-25 14:12:22,3878.47,Retail,Small,Wallet,Success,
T00006937,M00051,2025-03-27 23:39:34,3503.03,Retail,Medium,UPI,Success,
T00006938,M00025,2025-12-15 05:44:11,1362.78,Food Delivery,Small,UPI,Success,
T00006939,M00051,2025-02-17 02:42:44,1735.02,Retail,Medium,UPI,Success,
T00006940,M00096,2025-10-20 10:17:46,2421.22,Gaming,Small,UPI,Success,
T00006941,M00051,2025-11-20 19:25:28,3193.42,Retail,Medium,UPI,Success,
T00006942,M00055,2025-06-25 02:36:11,5648.07,SaaS,Medium,Net Banking,Success,
T00006943,M00023,2025-08-12 06:38:31,10454.14,Healthcare,Small,Net Banking,Success,
T00006944,M00026,2025-07-24 05:02:23,1020.51,Retail,Medium,Credit Card,Success,
T00006945,M00054,2025-11-21 23:16:33,772.62,Media,Small,Credit Card,Success,
T00006946,M00099,2025-01-19 13:00:30,2880.43,Retail,Small,Wallet,Success,
T00006947,M00080,2025-07-14 09:02:16,508.33,Media,Small,Credit Card,Success,
T00006948,M00074,2025-12-30 04:30:08,1268.1,Gaming,Medium,Credit Card,Success,
T00006949,M00013,2025-08-12 13:09:45,1989.91,E-commerce,Small,Debit Card,Success,
T00006950,M00079,2025-07-22 20:58:50,159.16,Food Delivery,Large,Credit Card,Success,
T00006951,M00018,2025-12-29 15:15:03,7848.21,Professional Services,Small,Net Banking,Success,
T00006952,M00039,2025-01-04 02:20:33,2416.43,Gaming,Small,UPI,Failed,Payment Timeout
T00006953,M00082,2025-06-23 00:45:44,8517.71,Education,Large,Debit Card,Success,
T00006954,M00012,2025-07-05 22:09:14,14287.2,SaaS,Medium,Net Banking,Success,
T00006955,M00032,2025-07-05 23:57:10,1870.72,Retail,Medium,Credit Card,Success,
T00006956,M00076,2025-03-16 20:14:49,12042.78,Education,Small,Net Banking,Success,
T00006957,M00001,2025-10-03 15:23:58,404.99,Food Delivery,Small,UPI,Success,
T00006958,M00032,2025-08-16 10:14:07,1914.4,Retail,Medium,Credit Card,Success,
T00006959,M00061,2025-10-30 01:07:05,9317.86,SaaS,Medium,UPI,Success,
T00006960,M00021,2025-04-19 00:25:51,3115.49,E-commerce,Small,UPI,Success,
T00006961,M00083,2025-11-26 10:19:27,1209.72,Retail,Small,Debit Card,Success,
T00006962,M00092,2025-08-26 06:21:31,7277.72,Healthcare,Medium,Debit Card,Success,
T00006963,M00088,2025-01-22 04:58:49,731.72,Food Delivery,Small,UPI,Success,
T00006964,M00021,2025-05-19 04:01:50,2287.76,E-commerce,Small,UPI,Success,
T00006965,M00005,2025-10-30 10:48:13,34407.27,Travel,Small,Net Banking,Success,
T00006966,M00014,2025-11-30 09:32:09,5158.45,E-commerce,Large,Credit Card,Success,
T00006967,M00057,2025-05-19 08:23:18,5947.06,Healthcare,Medium,Credit Card,Success,
T00006968,M00094,2025-08-15 03:53:52,10796.99,SaaS,Small,UPI,Success,
T00006969,M00058,2025-09-21 03:08:17,1982.09,Food Delivery,Small,UPI,Success,
T00006970,M00032,2025-06-17 02:09:56,923.08,Retail,Medium,Credit Card,Failed,Insufficient Funds
T00006971,M00029,2025-12-25 08:10:03,3329.54,Retail,Small,Debit Card,Success,
T00006972,M00097,2025-10-02 02:41:04,6589.87,Professional Services,Small,Credit Card,Success,
T00006973,M00001,2025-04-26 20:46:24,447.25,Food Delivery,Small,UPI,Success,
T00006974,M00023,2025-03-27 22:32:48,10304.23,Healthcare,Small,Net Banking,Success,
T00006975,M00073,2025-03-28 12:51:15,5346.88,SaaS,Small,Net Banking,Success,
T00006976,M00039,2025-03-21 11:58:31,1672.79,Gaming,Small,UPI,Success,
T00006977,M00004,2025-03-13 06:58:12,2322.44,Education,Medium,UPI,Success,
T00006978,M00072,2025-10-15 17:19:53,1118.41,Media,Small,Credit Card,Success,
T00006979,M00005,2025-11-30 04:54:32,25232.96,Travel,Small,Net Banking,Success,
T00006980,M00055,2025-04-13 23:07:36,16515.75,SaaS,Medium,Net Banking,Success,
T00006981,M00042,2025-09-12 18:34:48,11841.98,Healthcare,Small,Debit Card,Success,
T00006982,M00089,2025-10-05 08:52:43,8955.2,Education,Small,UPI,Success,
T00006983,M00024,2025-07-15 21:40:19,799.16,Gaming,Small,Credit Card,Success,
T00006984,M00064,2025-10-31 11:27:51,4311.13,Professional Services,Large,Net Banking,Success,
T00006985,M00020,2025-11-19 19:17:59,11661.65,Healthcare,Small,Net Banking,Success,
T00006986,M00035,2025-09-10 20:55:33,2038.51,Retail,Small,UPI,Success,
T00006987,M00010,2025-10-02 21:36:23,2568.27,Retail,Medium,UPI,Success,
T00006988,M00081,2025-10-20 12:55:20,328.73,Media,Small,UPI,Success,
T00006989,M00035,2025-01-20 11:10:50,2504.48,Retail,Small,UPI,Success,
T00006990,M00039,2025-09-15 08:28:39,2848.62,Gaming,Small,UPI,Failed,Authentication Failure
T00006991,M00053,2025-12-12 08:35:01,3903.61,Education,Small,Net Banking,Success,
T00006992,M00072,2025-01-15 13:53:49,1154.67,Media,Small,Credit Card,Success,
T00006993,M00081,2025-11-23 19:05:28,398.12,Media,Small,UPI,Success,
T00006994,M00091,2025-11-04 08:08:59,19833.07,Professional Services,Small,Net Banking,Success,
T00006995,M00046,2025-01-19 05:26:05,17778.52,Professional Services,Small,Net Banking,Success,
T00006996,M00016,2025-04-19 20:52:24,1494.3,Retail,Medium,Debit Card,Success,
T00006997,M00079,2025-05-12 09:33:41,284.59,Food Delivery,Large,Credit Card,Success,
T00006998,M00013,2025-10-20 18:46:47,3531.7,E-commerce,Small,Debit Card,Success,
T00006999,M00076,2025-03-03 22:29:23,8062.4,Education,Small,Net Banking,Failed,Payment Timeout
T00007000,M00001,2025-11-05 01:13:59,439.53,Food Delivery,Small,UPI,Success,
T00007001,M00100,2025-02-22 22:20:06,893.14,E-commerce,Small,UPI,Success,
T00007002,M00068,2025-02-11 20:50:07,1525.42,Retail,Medium,Debit Card,Success,
T00007003,M00076,2025-12-07 21:49:34,8158.29,Education,Small,Net Banking,Success,
T00007004,M00025,2025-06-08 13:33:08,1124.62,Food Delivery,Small,UPI,Success,
T00007005,M00062,2025-01-27 07:12:13,4186.47,Retail,Medium,Credit Card,Success,
T00007006,M00078,2025-11-01 05:00:29,11086.03,SaaS,Medium,Net Banking,Success,
T00007007,M00052,2025-12-29 06:27:46,27875.35,Travel,Medium,Credit Card,Success,
T00007008,M00001,2025-10-29 07:57:55,268.99,Food Delivery,Small,UPI,Success,
T00007009,M00094,2025-08-25 21:15:00,7963.0,SaaS,Small,UPI,Success,
T00007010,M00027,2025-10-18 15:31:35,2311.05,E-commerce,Large,Credit Card,Success,
T00007011,M00065,2025-04-18 23:05:31,1314.84,E-commerce,Large,Debit Card,Success,
T00007012,M00022,2025-12-17 21:20:15,348.15,Food Delivery,Small,Wallet,Success,
T00007013,M00046,2025-03-31 15:29:41,13323.86,Professional Services,Small,Net Banking,Success,
T00007014,M00079,2025-07-09 09:05:57,145.7,Food Delivery,Large,Credit Card,Success,
T00007015,M00019,2025-01-12 06:42:14,5110.11,E-commerce,Medium,Wallet,Failed,Bank Decline
T00007016,M00018,2025-01-19 02:57:55,11837.11,Professional Services,Small,Net Banking,Success,
T00007017,M00041,2025-04-25 22:58:03,1330.35,E-commerce,Small,Wallet,Success,
T00007018,M00049,2025-11-11 09:04:53,1716.2,Retail,Medium,Wallet,Success,
T00007019,M00025,2025-12-23 05:35:18,1139.1,Food Delivery,Small,UPI,Success,
T00007020,M00036,2025-03-05 11:03:35,748.48,Food Delivery,Medium,UPI,Success,
T00007021,M00030,2025-02-21 10:04:59,2158.37,E-commerce,Small,UPI,Success,
T00007022,M00091,2025-11-13 06:03:06,27344.02,Professional Services,Small,Net Banking,Success,
T00007023,M00070,2025-06-10 14:54:41,1363.05,Food Delivery,Large,Debit Card,Success,
T00007024,M00083,2025-06-29 15:27:51,1389.98,Retail,Small,Debit Card,Success,
T00007025,M00099,2025-02-09 10:53:24,4958.43,Retail,Small,Wallet,Success,
T00007026,M00098,2025-07-12 07:31:34,8337.06,SaaS,Medium,Credit Card,Success,
T00007027,M00047,2025-04-12 03:34:15,1075.27,Healthcare,Medium,UPI,Success,
T00007028,M00063,2025-12-30 09:29:51,6052.73,Healthcare,Small,Credit Card,Success,
T00007029,M00045,2025-12-26 11:46:12,2503.56,Media,Small,Wallet,Success,
T00007030,M00057,2025-03-30 07:25:42,12769.85,Healthcare,Medium,Credit Card,Success,
T00007031,M00031,2025-12-24 11:39:54,869.47,Media,Small,Net Banking,Success,
T00007032,M00037,2025-02-27 14:36:35,8624.3,Education,Medium,UPI,Success,
T00007033,M00049,2025-12-05 17:35:05,1693.24,Retail,Medium,Wallet,Success,
T00007034,M00002,2025-01-16 13:47:21,848.62,Retail,Small,UPI,Success,
T00007035,M00055,2025-08-16 03:58:23,13843.65,SaaS,Medium,Net Banking,Success,
T00007036,M00087,2025-07-27 07:09:26,1374.04,Media,Small,Wallet,Success,
T00007037,M00085,2025-04-09 22:11:07,584.9,Gaming,Medium,Wallet,Success,
T00007038,M00052,2025-04-07 01:59:08,18620.54,Travel,Medium,Credit Card,Success,
T00007039,M00095,2025-09-01 13:56:15,663.98,E-commerce,Small,Credit Card,Failed,Bank Decline
T00007040,M00043,2025-02-08 17:32:52,7194.87,Professional Services,Small,Wallet,Success,
T00007041,M00042,2025-02-03 09:08:13,11366.82,Healthcare,Small,Debit Card,Success,
T00007042,M00040,2025-07-19 10:17:08,12324.74,Professional Services,Small,Net Banking,Success,
T00007043,M00035,2025-09-28 15:28:37,1411.58,Retail,Small,UPI,Success,
T00007044,M00039,2025-12-23 14:22:02,2713.78,Gaming,Small,UPI,Success,
T00007045,M00069,2025-01-20 10:00:08,4590.23,Education,Small,Credit Card,Success,
T00007046,M00090,2025-06-26 11:27:03,4150.46,Healthcare,Medium,Debit Card,Success,
T00007047,M00054,2025-12-02 03:18:46,1090.02,Media,Small,Credit Card,Success,
T00007048,M00050,2025-09-02 09:18:36,9327.75,SaaS,Small,Wallet,Success,
T00007049,M00051,2025-08-21 08:13:36,4126.21,Retail,Medium,UPI,Failed,Payment Timeout
T00007050,M00025,2025-04-08 19:07:28,1247.93,Food Delivery,Small,UPI,Success,
T00007051,M00065,2025-03-11 04:58:13,908.14,E-commerce,Large,Debit Card,Success,
T00007052,M00049,2025-02-12 11:36:25,1036.42,Retail,Medium,Wallet,Success,
T00007053,M00054,2025-03-09 01:20:25,1268.12,Media,Small,Credit Card,Failed,Technical Error
T00007054,M00063,2025-04-09 20:21:54,7874.07,Healthcare,Small,Credit Card,Success,
T00007055,M00092,2025-08-05 12:48:05,3652.29,Healthcare,Medium,Debit Card,Success,
T00007056,M00029,2025-04-23 08:06:41,4310.54,Retail,Small,Debit Card,Success,
T00007057,M00013,2025-02-13 21:06:50,1924.85,E-commerce,Small,Debit Card,Success,
T00007058,M00030,2025-11-11 22:13:06,3112.26,E-commerce,Small,UPI,Success,
T00007059,M00042,2025-12-08 09:31:36,6374.82,Healthcare,Small,Debit Card,Success,
T00007060,M00051,2025-03-17 20:18:57,2044.26,Retail,Medium,UPI,Success,
T00007061,M00079,2025-01-01 14:03:10,189.19,Food Delivery,Large,Credit Card,Success,
T00007062,M00098,2025-04-23 14:02:01,5735.08,SaaS,Medium,Credit Card,Success,
T00007063,M00029,2025-06-21 23:22:07,5773.39,Retail,Small,Debit Card,Success,
T00007064,M00092,2025-11-23 11:07:33,2663.84,Healthcare,Medium,Debit Card,Success,
T00007065,M00035,2025-07-17 12:15:30,858.55,Retail,Small,UPI,Success,
T00007066,M00032,2025-06-30 10:37:05,1610.17,Retail,Medium,Credit Card,Success,
T00007067,M00054,2025-03-06 13:11:25,1264.17,Media,Small,Credit Card,Success,
T00007068,M00030,2025-10-25 11:13:12,2630.44,E-commerce,Small,UPI,Success,
T00007069,M00073,2025-05-16 16:16:45,5794.95,SaaS,Small,Net Banking,Success,
T00007070,M00052,2025-11-03 00:54:19,30157.2,Travel,Medium,Credit Card,Success,
T00007071,M00051,2025-07-12 22:50:22,3732.01,Retail,Medium,UPI,Success,
T00007072,M00046,2025-06-15 21:13:15,20280.44,Professional Services,Small,Net Banking,Success,
T00007073,M00077,2025-03-23 05:54:50,10158.3,Professional Services,Medium,Credit Card,Success,
T00007074,M00084,2025-06-10 19:49:48,635.19,Food Delivery,Small,Net Banking,Success,
T00007075,M00023,2025-03-13 20:11:57,4782.75,Healthcare,Small,Net Banking,Success,
T00007076,M00093,2025-03-08 05:08:28,7819.96,SaaS,Small,Net Banking,Success,
T00007077,M00018,2025-05-20 07:15:30,7658.01,Professional Services,Small,Net Banking,Success,
T00007078,M00007,2025-06-05 02:22:28,2888.72,Gaming,Small,Net Banking,Success,
T00007079,M00025,2025-02-02 12:16:47,1408.07,Food Delivery,Small,UPI,Success,
T00007080,M00056,2025-05-24 06:15:41,6491.18,E-commerce,Large,Credit Card,Success,
T00007081,M00024,2025-12-27 04:25:38,999.38,Gaming,Small,Credit Card,Success,
T00007082,M00094,2025-05-06 06:39:59,15554.86,SaaS,Small,UPI,Success,
T00007083,M00039,2025-12-27 18:19:15,2020.38,Gaming,Small,UPI,Success,
T00007084,M00091,2025-05-04 09:36:30,13541.3,Professional Services,Small,Net Banking,Success,
T00007085,M00079,2025-09-16 04:45:46,213.59,Food Delivery,Large,Credit Card,Success,
T00007086,M00078,2025-06-29 22:00:40,9289.85,SaaS,Medium,Net Banking,Success,
T00007087,M00070,2025-11-12 11:46:53,1332.74,Food Delivery,Large,Debit Card,Success,
T00007088,M00021,2025-10-08 16:14:14,3367.87,E-commerce,Small,UPI,Success,
T00007089,M00100,2025-10-24 16:29:19,764.72,E-commerce,Small,UPI,Success,
T00007090,M00049,2025-05-11 04:31:07,1408.78,Retail,Medium,Wallet,Success,
T00007091,M00070,2025-08-31 03:27:48,646.12,Food Delivery,Large,Debit Card,Success,
T00007092,M00039,2025-02-07 17:00:02,1895.03,Gaming,Small,UPI,Success,
T00007093,M00018,2025-10-09 02:47:01,10837.5,Professional Services,Small,Net Banking,Success,
T00007094,M00072,2025-01-16 16:59:52,1106.85,Media,Small,Credit Card,Success,
T00007095,M00033,2025-08-11 21:06:15,1725.18,E-commerce,Small,UPI,Success,
T00007096,M00069,2025-03-02 23:39:44,5779.31,Education,Small,Credit Card,Success,
T00007097,M00072,2025-09-07 11:17:13,1309.91,Media,Small,Credit Card,Success,
T00007098,M00016,2025-11-18 21:18:30,1313.66,Retail,Medium,Debit Card,Success,
T00007099,M00033,2025-01-30 14:52:57,3325.37,E-commerce,Small,UPI,Success,
T00007100,M00089,2025-12-10 02:13:05,9123.45,Education,Small,UPI,Success,
T00007101,M00057,2025-05-25 15:51:12,4059.4,Healthcare,Medium,Credit Card,Success,
T00007102,M00045,2025-07-28 01:52:56,2197.98,Media,Small,Wallet,Success,
T00007103,M00020,2025-06-05 21:54:36,8386.66,Healthcare,Small,Net Banking,Success,
T00007104,M00054,2025-02-12 14:48:24,1016.64,Media,Small,Credit Card,Success,
T00007105,M00080,2025-04-12 19:21:28,715.2,Media,Small,Credit Card,Success,
T00007106,M00068,2025-04-29 16:20:56,1431.24,Retail,Medium,Debit Card,Success,
T00007107,M00048,2025-11-22 03:00:19,763.9,Food Delivery,Medium,Credit Card,Success,
T00007108,M00071,2025-03-10 23:55:26,2606.4,Retail,Small,Debit Card,Success,
T00007109,M00014,2025-07-15 03:25:00,5085.83,E-commerce,Large,Credit Card,Success,
T00007110,M00089,2025-07-06 14:02:23,6349.11,Education,Small,UPI,Success,
T00007111,M00045,2025-05-02 19:41:39,1247.35,Media,Small,Wallet,Failed,Technical Error
T00007112,M00019,2025-06-06 00:21:48,4336.73,E-commerce,Medium,Wallet,Success,
T00007113,M00080,2025-12-04 23:00:13,627.2,Media,Small,Credit Card,Success,
T00007114,M00059,2025-08-20 09:11:47,939.61,Retail,Medium,UPI,Success,
T00007115,M00032,2025-02-20 05:10:27,2902.35,Retail,Medium,Credit Card,Success,
T00007116,M00011,2025-02-24 17:22:13,10576.02,Education,Small,UPI,Success,
T00007117,M00015,2025-06-19 08:55:15,2367.84,E-commerce,Medium,UPI,Success,
T00007118,M00071,2025-01-07 15:27:20,2172.65,Retail,Small,Debit Card,Success,
T00007119,M00004,2025-01-25 20:11:10,2447.06,Education,Medium,UPI,Success,
T00007120,M00053,2025-03-26 06:11:47,4435.15,Education,Small,Net Banking,Success,
T00007121,M00020,2025-02-13 19:04:22,7909.59,Healthcare,Small,Net Banking,Success,
T00007122,M00001,2025-12-08 17:57:25,510.77,Food Delivery,Small,UPI,Success,
T00007123,M00022,2025-12-01 17:13:56,395.95,Food Delivery,Small,Wallet,Success,
T00007124,M00094,2025-08-27 20:11:26,10022.63,SaaS,Small,UPI,Success,
T00007125,M00001,2025-11-17 13:07:15,391.31,Food Delivery,Small,UPI,Success,
T00007126,M00007,2025-08-27 01:15:34,1778.01,Gaming,Small,Net Banking,Success,
T00007127,M00073,2025-09-26 05:22:05,2263.05,SaaS,Small,Net Banking,Success,
T00007128,M00022,2025-03-19 08:19:44,384.34,Food Delivery,Small,Wallet,Success,
T00007129,M00090,2025-08-02 10:12:10,11219.72,Healthcare,Medium,Debit Card,Success,
T00007130,M00047,2025-06-09 03:48:42,1721.35,Healthcare,Medium,UPI,Success,
T00007131,M00032,2025-09-25 06:23:07,2627.78,Retail,Medium,Credit Card,Success,
T00007132,M00039,2025-05-16 02:03:43,1046.42,Gaming,Small,UPI,Success,
T00007133,M00099,2025-10-18 11:49:32,4857.42,Retail,Small,Wallet,Success,
T00007134,M00084,2025-03-15 05:25:57,514.58,Food Delivery,Small,Net Banking,Success,
T00007135,M00067,2025-01-02 11:52:25,496.33,Food Delivery,Medium,Credit Card,Success,
T00007136,M00011,2025-04-15 22:00:23,8007.3,Education,Small,UPI,Success,
T00007137,M00031,2025-07-25 14:55:34,2237.07,Media,Small,Net Banking,Success,
T00007138,M00091,2025-05-18 23:25:53,13279.57,Professional Services,Small,Net Banking,Success,
T00007139,M00100,2025-03-04 20:26:49,1066.91,E-commerce,Small,UPI,Success,
T00007140,M00025,2025-09-14 07:30:13,826.54,Food Delivery,Small,UPI,Success,
T00007141,M00060,2025-10-25 23:48:49,542.92,Food Delivery,Medium,Debit Card,Success,
T00007142,M00041,2025-09-28 21:13:53,4154.53,E-commerce,Small,Wallet,Success,
T00007143,M00017,2025-11-16 11:30:48,7395.37,Professional Services,Small,Credit Card,Success,
T00007144,M00016,2025-03-30 05:05:00,1101.75,Retail,Medium,Debit Card,Success,
T00007145,M00048,2025-08-04 20:31:28,913.51,Food Delivery,Medium,Credit Card,Success,
T00007146,M00065,2025-08-25 16:08:53,1497.2,E-commerce,Large,Debit Card,Success,
T00007147,M00073,2025-09-19 10:26:42,4709.83,SaaS,Small,Net Banking,Success,
T00007148,M00054,2025-07-07 19:57:54,257.77,Media,Small,Credit Card,Success,
T00007149,M00071,2025-10-18 02:23:38,3256.12,Retail,Small,Debit Card,Success,
T00007150,M00065,2025-09-03 02:20:01,1715.99,E-commerce,Large,Debit Card,Failed,Authentication Failure
T00007151,M00077,2025-03-10 18:04:06,6777.04,Professional Services,Medium,Credit Card,Success,
T00007152,M00092,2025-04-29 08:02:09,4784.21,Healthcare,Medium,Debit Card,Failed,Insufficient Funds
T00007153,M00011,2025-01-01 07:38:50,8810.6,Education,Small,UPI,Success,
T00007154,M00024,2025-11-04 05:36:16,792.16,Gaming,Small,Credit Card,Success,
T00007155,M00066,2025-12-16 13:15:01,1604.53,Education,Large,Net Banking,Success,
T00007156,M00018,2025-07-29 22:25:26,11352.94,Professional Services,Small,Net Banking,Success,
T00007157,M00013,2025-10-11 22:15:03,3091.91,E-commerce,Small,Debit Card,Success,
T00007158,M00082,2025-10-14 06:57:05,6140.58,Education,Large,Debit Card,Success,
T00007159,M00006,2025-11-29 11:47:15,4376.98,Retail,Small,UPI,Success,
T00007160,M00092,2025-10-24 19:21:43,4994.35,Healthcare,Medium,Debit Card,Success,
T00007161,M00042,2025-09-29 23:25:46,17153.57,Healthcare,Small,Debit Card,Success,
T00007162,M00080,2025-05-30 18:27:03,865.48,Media,Small,Credit Card,Success,
T00007163,M00086,2025-01-17 20:58:18,707.72,Food Delivery,Large,UPI,Success,
T00007164,M00087,2025-08-15 00:38:38,2253.14,Media,Small,Wallet,Success,
T00007165,M00059,2025-09-04 12:48:09,1059.45,Retail,Medium,UPI,Success,
T00007166,M00023,2025-09-12 01:29:06,5612.97,Healthcare,Small,Net Banking,Success,
T00007167,M00047,2025-04-07 01:35:00,1766.47,Healthcare,Medium,UPI,Success,
T00007168,M00058,2025-06-22 15:55:21,821.47,Food Delivery,Small,UPI,Failed,Insufficient Funds
T00007169,M00077,2025-06-28 21:30:58,10714.99,Professional Services,Medium,Credit Card,Success,
T00007170,M00045,2025-08-19 11:04:58,1985.46,Media,Small,Wallet,Success,
T00007171,M00007,2025-11-28 08:40:07,2303.5,Gaming,Small,Net Banking,Success,
T00007172,M00068,2025-05-16 21:42:35,1415.23,Retail,Medium,Debit Card,Success,
T00007173,M00094,2025-03-11 04:53:54,11578.4,SaaS,Small,UPI,Success,
T00007174,M00058,2025-10-12 05:39:23,1326.51,Food Delivery,Small,UPI,Success,
T00007175,M00085,2025-06-01 18:25:10,276.56,Gaming,Medium,Wallet,Success,
T00007176,M00009,2025-07-27 07:59:49,1071.94,Gaming,Small,Credit Card,Success,
T00007177,M00031,2025-03-08 08:06:37,1346.58,Media,Small,Net Banking,Success,
T00007178,M00026,2025-02-23 17:39:46,1435.93,Retail,Medium,Credit Card,Success,
T00007179,M00052,2025-03-21 06:43:22,21541.82,Travel,Medium,Credit Card,Success,
T00007180,M00098,2025-03-05 02:40:51,15818.92,SaaS,Medium,Credit Card,Success,
T00007181,M00049,2025-03-28 19:19:02,927.81,Retail,Medium,Wallet,Success,
T00007182,M00032,2025-01-04 12:11:19,1950.8,Retail,Medium,Credit Card,Success,
T00007183,M00056,2025-10-14 16:16:53,4688.82,E-commerce,Large,Credit Card,Success,
T00007184,M00027,2025-01-09 17:28:49,1840.87,E-commerce,Large,Credit Card,Success,
T00007185,M00057,2025-09-01 15:48:23,4887.27,Healthcare,Medium,Credit Card,Success,
T00007186,M00008,2025-08-18 05:40:29,14982.33,Travel,Small,Credit Card,Failed,Network Error
T00007187,M00076,2025-01-25 10:32:31,7947.11,Education,Small,Net Banking,Success,
T00007188,M00055,2025-01-09 09:16:03,8001.05,SaaS,Medium,Net Banking,Success,
T00007189,M00025,2025-08-03 20:37:28,1194.04,Food Delivery,Small,UPI,Success,
T00007190,M00036,2025-07-13 09:58:51,580.57,Food Delivery,Medium,UPI,Success,
T00007191,M00017,2025-05-17 16:20:58,8245.43,Professional Services,Small,Credit Card,Success,
T00007192,M00061,2025-04-18 02:38:19,3719.16,SaaS,Medium,UPI,Success,
T00007193,M00038,2025-07-17 16:46:23,3673.19,Education,Small,Debit Card,Success,
T00007194,M00046,2025-04-28 09:21:03,19157.85,Professional Services,Small,Net Banking,Success,
T00007195,M00003,2025-06-29 10:33:21,4255.9,Education,Small,Credit Card,Success,
T00007196,M00089,2025-09-02 15:13:18,12149.36,Education,Small,UPI,Success,
T00007197,M00077,2025-06-04 19:51:18,7338.26,Professional Services,Medium,Credit Card,Success,
T00007198,M00007,2025-05-28 21:30:20,1863.29,Gaming,Small,Net Banking,Success,
T00007199,M00014,2025-08-15 21:52:59,3002.75,E-commerce,Large,Credit Card,Success,
T00007200,M00061,2025-11-04 17:05:58,7647.07,SaaS,Medium,UPI,Success,
T00007201,M00082,2025-09-15 10:30:06,4227.89,Education,Large,Debit Card,Success,
T00007202,M00059,2025-05-07 20:45:26,473.62,Retail,Medium,UPI,Failed,Insufficient Funds
T00007203,M00049,2025-11-21 13:14:06,1528.68,Retail,Medium,Wallet,Success,
T00007204,M00021,2025-06-28 03:12:58,2554.85,E-commerce,Small,UPI,Success,
T00007205,M00085,2025-06-05 10:16:19,371.75,Gaming,Medium,Wallet,Success,
T00007206,M00009,2025-11-23 04:07:49,1129.41,Gaming,Small,Credit Card,Success,
T00007207,M00035,2025-04-16 01:47:52,1483.95,Retail,Small,UPI,Success,
T00007208,M00094,2025-10-27 02:31:38,11065.35,SaaS,Small,UPI,Success,
T00007209,M00029,2025-08-05 00:55:25,5254.28,Retail,Small,Debit Card,Success,
T00007210,M00041,2025-09-16 13:00:37,3240.76,E-commerce,Small,Wallet,Success,
T00007211,M00049,2025-05-09 02:42:16,806.43,Retail,Medium,Wallet,Success,
T00007212,M00004,2025-04-03 00:38:18,2190.47,Education,Medium,UPI,Success,
T00007213,M00047,2025-10-14 04:20:37,737.54,Healthcare,Medium,UPI,Success,
T00007214,M00082,2025-02-11 03:51:50,7072.38,Education,Large,Debit Card,Success,
T00007215,M00064,2025-06-11 13:20:43,9540.6,Professional Services,Large,Net Banking,Success,
T00007216,M00093,2025-06-23 15:04:14,6929.78,SaaS,Small,Net Banking,Success,
T00007217,M00035,2025-12-22 10:16:08,1931.54,Retail,Small,UPI,Success,
T00007218,M00073,2025-05-14 22:49:33,3970.31,SaaS,Small,Net Banking,Success,
T00007219,M00050,2025-10-23 01:35:27,11272.62,SaaS,Small,Wallet,Success,
T00007220,M00010,2025-10-30 08:39:06,1713.66,Retail,Medium,UPI,Success,
T00007221,M00027,2025-09-08 12:17:43,1897.7,E-commerce,Large,Credit Card,Failed,Authentication Failure
T00007222,M00077,2025-04-24 16:56:35,12467.69,Professional Services,Medium,Credit Card,Success,
T00007223,M00065,2025-04-12 09:14:54,1542.87,E-commerce,Large,Debit Card,Success,
T00007224,M00019,2025-07-30 05:51:44,3746.3,E-commerce,Medium,Wallet,Success,
T00007225,M00006,2025-12-15 10:32:05,4389.18,Retail,Small,UPI,Success,
T00007226,M00003,2025-07-15 05:04:16,4065.8,Education,Small,Credit Card,Success,
T00007227,M00018,2025-12-21 22:55:00,7986.49,Professional Services,Small,Net Banking,Success,
T00007228,M00008,2025-07-03 08:19:44,13068.84,Travel,Small,Credit Card,Success,
T00007229,M00070,2025-12-08 01:17:41,1078.4,Food Delivery,Large,Debit Card,Success,
T00007230,M00038,2025-10-19 07:37:38,3013.68,Education,Small,Debit Card,Success,
T00007231,M00034,2025-05-25 14:39:29,1688.89,Gaming,Medium,Debit Card,Success,
T00007232,M00075,2025-12-23 21:05:08,529.69,E-commerce,Small,Wallet,Success,
T00007233,M00010,2025-04-08 21:24:58,2494.93,Retail,Medium,UPI,Success,
T00007234,M00056,2025-07-07 22:43:19,6387.98,E-commerce,Large,Credit Card,Success,
T00007235,M00092,2025-05-14 04:28:14,6035.19,Healthcare,Medium,Debit Card,Success,
T00007236,M00009,2025-11-14 20:58:29,722.67,Gaming,Small,Credit Card,Success,
T00007237,M00016,2025-03-06 00:22:14,988.61,Retail,Medium,Debit Card,Success,
T00007238,M00053,2025-10-30 04:35:33,4559.6,Education,Small,Net Banking,Success,
T00007239,M00024,2025-05-06 16:14:18,1104.27,Gaming,Small,Credit Card,Success,
T00007240,M00024,2025-07-05 12:21:49,638.25,Gaming,Small,Credit Card,Success,
T00007241,M00099,2025-12-29 02:57:37,3534.42,Retail,Small,Wallet,Success,
T00007242,M00009,2025-03-12 05:10:42,878.67,Gaming,Small,Credit Card,Success,
T00007243,M00041,2025-01-04 01:46:03,3998.88,E-commerce,Small,Wallet,Success,
T00007244,M00036,2025-09-14 06:46:28,1016.73,Food Delivery,Medium,UPI,Success,
T00007245,M00053,2025-11-05 00:29:26,5685.78,Education,Small,Net Banking,Success,
T00007246,M00059,2025-05-31 23:51:23,867.66,Retail,Medium,UPI,Success,
T00007247,M00057,2025-04-23 01:42:06,8811.4,Healthcare,Medium,Credit Card,Success,
T00007248,M00087,2025-08-22 07:41:47,1421.69,Media,Small,Wallet,Success,
T00007249,M00067,2025-03-08 07:14:55,754.99,Food Delivery,Medium,Credit Card,Success,
T00007250,M00050,2025-03-29 11:14:29,15812.41,SaaS,Small,Wallet,Success,
T00007251,M00032,2025-07-09 22:43:56,3688.96,Retail,Medium,Credit Card,Success,
T00007252,M00060,2025-10-10 23:32:56,181.06,Food Delivery,Medium,Debit Card,Success,
T00007253,M00021,2025-02-09 11:14:09,3447.96,E-commerce,Small,UPI,Success,
T00007254,M00090,2025-01-22 21:16:53,13798.13,Healthcare,Medium,Debit Card,Success,
T00007255,M00052,2025-04-07 18:07:25,16133.71,Travel,Medium,Credit Card,Failed,Insufficient Funds
T00007256,M00061,2025-12-27 21:39:49,10224.37,SaaS,Medium,UPI,Success,
T00007257,M00095,2025-07-03 10:10:06,602.47,E-commerce,Small,Credit Card,Success,
T00007258,M00044,2025-06-29 22:24:12,23093.0,Professional Services,Small,Net Banking,Success,
T00007259,M00083,2025-06-15 06:52:02,1655.52,Retail,Small,Debit Card,Success,
T00007260,M00081,2025-04-06 16:26:06,271.28,Media,Small,UPI,Success,
T00007261,M00014,2025-08-04 19:21:36,3144.02,E-commerce,Large,Credit Card,Success,
T00007262,M00076,2025-03-08 09:32:54,10788.47,Education,Small,Net Banking,Success,
T00007263,M00009,2025-09-17 15:44:31,684.89,Gaming,Small,Credit Card,Success,
T00007264,M00045,2025-10-04 19:48:08,3665.01,Media,Small,Wallet,Success,
T00007265,M00053,2025-02-09 09:08:45,1323.03,Education,Small,Net Banking,Success,
T00007266,M00027,2025-05-24 00:16:37,2326.27,E-commerce,Large,Credit Card,Success,
T00007267,M00092,2025-06-24 05:30:13,5505.17,Healthcare,Medium,Debit Card,Success,
T00007268,M00093,2025-11-27 18:13:41,7865.13,SaaS,Small,Net Banking,Success,
T00007269,M00086,2025-05-22 01:56:52,1075.78,Food Delivery,Large,UPI,Success,
T00007270,M00056,2025-04-30 07:50:11,5534.42,E-commerce,Large,Credit Card,Success,
T00007271,M00077,2025-03-31 10:44:52,7941.22,Professional Services,Medium,Credit Card,Success,
T00007272,M00075,2025-02-24 19:34:36,337.32,E-commerce,Small,Wallet,Success,
T00007273,M00067,2025-12-06 08:49:33,265.5,Food Delivery,Medium,Credit Card,Success,
T00007274,M00037,2025-02-13 13:10:25,6585.28,Education,Medium,UPI,Success,
T00007275,M00099,2025-11-24 19:37:25,3086.02,Retail,Small,Wallet,Success,
T00007276,M00037,2025-11-09 22:23:31,7723.12,Education,Medium,UPI,Failed,Authentication Failure
T00007277,M00072,2025-03-19 10:54:15,838.25,Media,Small,Credit Card,Success,
T00007278,M00057,2025-01-15 05:34:30,15581.54,Healthcare,Medium,Credit Card,Success,
T00007279,M00087,2025-07-09 15:34:08,1741.5,Media,Small,Wallet,Success,
T00007280,M00085,2025-07-25 18:34:14,411.45,Gaming,Medium,Wallet,Success,
T00007281,M00014,2025-02-02 06:58:32,4210.85,E-commerce,Large,Credit Card,Success,
T00007282,M00053,2025-11-17 14:12:06,3881.9,Education,Small,Net Banking,Success,
T00007283,M00079,2025-12-23 16:31:12,199.16,Food Delivery,Large,Credit Card,Failed,Payment Timeout
T00007284,M00014,2025-07-04 06:02:52,3461.4,E-commerce,Large,Credit Card,Success,
T00007285,M00008,2025-12-12 11:54:02,18061.69,Travel,Small,Credit Card,Success,
T00007286,M00032,2025-11-05 12:22:51,4243.69,Retail,Medium,Credit Card,Success,
T00007287,M00075,2025-07-30 23:58:12,563.64,E-commerce,Small,Wallet,Success,
T00007288,M00030,2025-06-18 20:34:57,2598.55,E-commerce,Small,UPI,Success,
T00007289,M00063,2025-09-23 17:52:11,5852.81,Healthcare,Small,Credit Card,Success,
T00007290,M00057,2025-04-29 17:36:21,10575.53,Healthcare,Medium,Credit Card,Success,
T00007291,M00009,2025-11-20 00:18:22,515.03,Gaming,Small,Credit Card,Success,
T00007292,M00037,2025-07-07 10:26:46,3030.58,Education,Medium,UPI,Success,
T00007293,M00056,2025-11-01 13:43:47,4244.06,E-commerce,Large,Credit Card,Success,
T00007294,M00078,2025-02-11 16:51:12,12950.85,SaaS,Medium,Net Banking,Success,
T00007295,M00040,2025-09-24 05:52:25,9462.33,Professional Services,Small,Net Banking,Success,
T00007296,M00004,2025-07-12 20:18:43,2158.99,Education,Medium,UPI,Success,
T00007297,M00057,2025-07-06 02:22:55,7156.84,Healthcare,Medium,Credit Card,Success,
T00007298,M00066,2025-11-11 05:05:57,1665.55,Education,Large,Net Banking,Success,
T00007299,M00075,2025-12-29 00:11:50,727.32,E-commerce,Small,Wallet,Success,
T00007300,M00061,2025-06-03 19:29:19,8875.41,SaaS,Medium,UPI,Success,
T00007301,M00080,2025-08-23 19:17:30,349.55,Media,Small,Credit Card,Success,
T00007302,M00099,2025-06-16 23:59:55,3026.06,Retail,Small,Wallet,Success,
T00007303,M00092,2025-12-18 20:51:36,3424.45,Healthcare,Medium,Debit Card,Success,
T00007304,M00032,2025-11-03 22:05:54,3586.93,Retail,Medium,Credit Card,Success,
T00007305,M00058,2025-01-15 08:13:25,1798.58,Food Delivery,Small,UPI,Success,
T00007306,M00004,2025-07-06 07:02:24,2588.72,Education,Medium,UPI,Success,
T00007307,M00050,2025-01-07 14:05:46,9417.41,SaaS,Small,Wallet,Success,
T00007308,M00035,2025-10-03 07:08:58,1829.45,Retail,Small,UPI,Success,
T00007309,M00044,2025-02-06 23:19:30,13588.4,Professional Services,Small,Net Banking,Success,
T00007310,M00080,2025-07-22 18:01:09,508.33,Media,Small,Credit Card,Success,
T00007311,M00072,2025-04-22 15:35:58,974.73,Media,Small,Credit Card,Success,
T00007312,M00065,2025-07-19 20:25:03,1843.09,E-commerce,Large,Debit Card,Success,
T00007313,M00069,2025-04-26 13:16:52,3174.41,Education,Small,Credit Card,Success,
T00007314,M00080,2025-08-27 20:53:16,409.4,Media,Small,Credit Card,Success,
T00007315,M00038,2025-08-15 08:27:09,2808.76,Education,Small,Debit Card,Success,
T00007316,M00082,2025-05-25 01:22:01,7330.5,Education,Large,Debit Card,Success,
T00007317,M00067,2025-12-12 13:50:38,297.28,Food Delivery,Medium,Credit Card,Success,
T00007318,M00012,2025-10-20 21:58:04,10992.84,SaaS,Medium,Net Banking,Success,
T00007319,M00011,2025-07-21 07:01:29,7174.94,Education,Small,UPI,Success,
T00007320,M00055,2025-02-25 17:08:12,5562.71,SaaS,Medium,Net Banking,Success,
T00007321,M00034,2025-10-17 09:41:48,876.02,Gaming,Medium,Debit Card,Success,
T00007322,M00069,2025-12-15 10:27:15,4994.63,Education,Small,Credit Card,Success,
T00007323,M00023,2025-09-03 03:12:40,9324.81,Healthcare,Small,Net Banking,Success,
T00007324,M00021,2025-07-29 21:20:22,1419.51,E-commerce,Small,UPI,Success,
T00007325,M00091,2025-08-25 07:02:00,21826.46,Professional Services,Small,Net Banking,Success,
T00007326,M00086,2025-01-06 14:06:44,925.14,Food Delivery,Large,UPI,Success,
T00007327,M00002,2025-10-19 12:13:04,717.73,Retail,Small,UPI,Failed,Network Error
T00007328,M00040,2025-11-11 21:59:51,11028.22,Professional Services,Small,Net Banking,Success,
T00007329,M00015,2025-04-14 06:08:34,2342.85,E-commerce,Medium,UPI,Success,
T00007330,M00018,2025-12-06 08:51:34,6492.72,Professional Services,Small,Net Banking,Success,
T00007331,M00038,2025-06-01 22:25:18,3665.52,Education,Small,Debit Card,Success,
T00007332,M00092,2025-03-26 12:31:52,4340.79,Healthcare,Medium,Debit Card,Success,
T00007333,M00083,2025-03-23 12:35:47,1148.53,Retail,Small,Debit Card,Success,
T00007334,M00094,2025-07-28 07:23:14,11078.73,SaaS,Small,UPI,Success,
T00007335,M00097,2025-02-01 19:30:45,4633.73,Professional Services,Small,Credit Card,Failed,Payment Timeout
T00007336,M00005,2025-01-31 23:39:46,20293.67,Travel,Small,Net Banking,Success,
T00007337,M00020,2025-12-22 21:47:55,8285.91,Healthcare,Small,Net Banking,Success,
T00007338,M00034,2025-10-14 13:37:09,1569.99,Gaming,Medium,Debit Card,Success,
T00007339,M00099,2025-09-13 00:48:19,7119.67,Retail,Small,Wallet,Success,
T00007340,M00064,2025-09-02 18:35:21,4779.71,Professional Services,Large,Net Banking,Success,
T00007341,M00023,2025-11-20 15:47:59,9125.25,Healthcare,Small,Net Banking,Success,
T00007342,M00079,2025-05-03 13:49:07,283.97,Food Delivery,Large,Credit Card,Success,
T00007343,M00022,2025-12-01 13:13:52,298.35,Food Delivery,Small,Wallet,Success,
T00007344,M00062,2025-11-16 15:57:57,4857.33,Retail,Medium,Credit Card,Success,
T00007345,M00066,2025-02-04 17:33:01,1050.2,Education,Large,Net Banking,Success,
T00007346,M00089,2025-07-29 02:49:14,5283.28,Education,Small,UPI,Success,
T00007347,M00013,2025-10-21 00:51:40,2101.97,E-commerce,Small,Debit Card,Success,
T00007348,M00094,2025-11-21 17:20:18,2877.04,SaaS,Small,UPI,Success,
T00007349,M00076,2025-03-17 19:00:45,9289.03,Education,Small,Net Banking,Success,
T00007350,M00087,2025-02-17 04:48:54,2284.76,Media,Small,Wallet,Success,
T00007351,M00036,2025-04-04 15:30:17,884.6,Food Delivery,Medium,UPI,Success,
T00007352,M00046,2025-11-30 01:52:05,12184.67,Professional Services,Small,Net Banking,Success,
T00007353,M00012,2025-11-28 04:57:49,7450.95,SaaS,Medium,Net Banking,Success,
T00007354,M00054,2025-12-03 09:00:21,831.51,Media,Small,Credit Card,Success,
T00007355,M00079,2025-02-17 02:14:57,238.34,Food Delivery,Large,Credit Card,Success,
T00007356,M00058,2025-09-26 00:03:11,1846.85,Food Delivery,Small,UPI,Success,
T00007357,M00098,2025-11-17 22:09:24,10259.98,SaaS,Medium,Credit Card,Success,
T00007358,M00077,2025-02-17 18:36:03,7409.03,Professional Services,Medium,Credit Card,Success,
T00007359,M00002,2025-05-08 06:45:38,1060.08,Retail,Small,UPI,Success,
T00007360,M00049,2025-06-29 01:11:26,1532.88,Retail,Medium,Wallet,Success,
T00007361,M00073,2025-01-28 01:27:12,6260.97,SaaS,Small,Net Banking,Success,
T00007362,M00071,2025-07-26 04:37:22,1610.9,Retail,Small,Debit Card,Success,
T00007363,M00076,2025-05-28 05:36:16,7733.75,Education,Small,Net Banking,Success,
T00007364,M00075,2025-03-26 06:53:37,491.19,E-commerce,Small,Wallet,Success,
T00007365,M00038,2025-07-17 22:20:51,3035.42,Education,Small,Debit Card,Success,
T00007366,M00023,2025-05-18 04:20:27,5056.7,Healthcare,Small,Net Banking,Success,
T00007367,M00014,2025-08-29 06:32:01,4030.93,E-commerce,Large,Credit Card,Success,
T00007368,M00084,2025-05-05 22:59:37,423.68,Food Delivery,Small,Net Banking,Failed,Authentication Failure
T00007369,M00014,2025-02-05 02:06:01,1945.7,E-commerce,Large,Credit Card,Success,
T00007370,M00046,2025-04-06 15:46:40,21525.27,Professional Services,Small,Net Banking,Success,
T00007371,M00055,2025-05-10 20:00:57,17801.99,SaaS,Medium,Net Banking,Success,
T00007372,M00088,2025-07-09 06:22:11,390.89,Food Delivery,Small,UPI,Success,
T00007373,M00065,2025-05-19 16:07:05,980.83,E-commerce,Large,Debit Card,Success,
T00007374,M00076,2025-04-23 16:38:55,11545.0,Education,Small,Net Banking,Success,
T00007375,M00046,2025-09-21 15:16:20,9219.81,Professional Services,Small,Net Banking,Success,
T00007376,M00041,2025-12-20 19:15:42,3172.37,E-commerce,Small,Wallet,Success,
T00007377,M00033,2025-07-08 19:19:50,4148.52,E-commerce,Small,UPI,Success,
T00007378,M00054,2025-08-19 21:09:14,1044.01,Media,Small,Credit Card,Success,
T00007379,M00078,2025-10-25 08:55:41,10719.38,SaaS,Medium,Net Banking,Success,
T00007380,M00061,2025-04-07 20:20:03,6038.5,SaaS,Medium,UPI,Success,
T00007381,M00024,2025-07-22 10:18:32,1206.57,Gaming,Small,Credit Card,Success,
T00007382,M00019,2025-11-14 06:59:38,5901.31,E-commerce,Medium,Wallet,Success,
T00007383,M00061,2025-06-10 02:03:47,12572.21,SaaS,Medium,UPI,Success,
T00007384,M00016,2025-09-28 12:28:58,1313.63,Retail,Medium,Debit Card,Success,
T00007385,M00091,2025-05-06 13:39:08,14816.63,Professional Services,Small,Net Banking,Success,
T00007386,M00086,2025-11-14 17:34:24,957.85,Food Delivery,Large,UPI,Success,
T00007387,M00088,2025-04-27 08:35:47,546.27,Food Delivery,Small,UPI,Failed,Insufficient Funds
T00007388,M00036,2025-01-15 13:16:39,969.26,Food Delivery,Medium,UPI,Success,
T00007389,M00005,2025-08-06 13:35:46,21279.54,Travel,Small,Net Banking,Failed,Insufficient Funds
T00007390,M00059,2025-04-13 13:12:21,776.61,Retail,Medium,UPI,Success,
T00007391,M00013,2025-06-12 23:52:22,2528.74,E-commerce,Small,Debit Card,Success,
T00007392,M00034,2025-12-05 19:00:27,1746.66,Gaming,Medium,Debit Card,Success,
T00007393,M00091,2025-09-04 03:04:17,16887.63,Professional Services,Small,Net Banking,Success,
T00007394,M00058,2025-10-21 04:54:12,1737.11,Food Delivery,Small,UPI,Success,
T00007395,M00049,2025-08-18 21:37:54,1323.24,Retail,Medium,Wallet,Success,
T00007396,M00013,2025-06-09 21:53:41,2886.15,E-commerce,Small,Debit Card,Success,
T00007397,M00038,2025-01-18 10:31:54,2362.24,Education,Small,Debit Card,Success,
T00007398,M00004,2025-12-01 05:02:02,2400.11,Education,Medium,UPI,Success,
T00007399,M00057,2025-12-01 02:16:12,3856.17,Healthcare,Medium,Credit Card,Success,
T00007400,M00096,2025-08-10 05:41:19,880.73,Gaming,Small,UPI,Success,
T00007401,M00049,2025-07-16 09:03:30,610.86,Retail,Medium,Wallet,Success,
T00007402,M00042,2025-07-17 17:35:55,8549.71,Healthcare,Small,Debit Card,Success,
T00007403,M00059,2025-04-15 17:03:47,1097.5,Retail,Medium,UPI,Success,
T00007404,M00029,2025-11-29 07:30:10,2609.58,Retail,Small,Debit Card,Success,
T00007405,M00026,2025-11-19 18:57:19,1983.04,Retail,Medium,Credit Card,Success,
T00007406,M00040,2025-06-26 04:33:10,9635.39,Professional Services,Small,Net Banking,Success,
T00007407,M00050,2025-07-10 16:04:43,14015.55,SaaS,Small,Wallet,Success,
T00007408,M00049,2025-09-07 06:02:31,1683.79,Retail,Medium,Wallet,Failed,Payment Timeout
T00007409,M00071,2025-08-06 11:07:06,4024.6,Retail,Small,Debit Card,Success,
T00007410,M00038,2025-11-22 21:23:10,3055.8,Education,Small,Debit Card,Success,
T00007411,M00093,2025-04-16 05:48:05,7665.24,SaaS,Small,Net Banking,Success,
T00007412,M00032,2025-04-29 11:25:45,1321.24,Retail,Medium,Credit Card,Failed,Payment Timeout
T00007413,M00023,2025-07-15 16:28:19,7501.14,Healthcare,Small,Net Banking,Success,
T00007414,M00026,2025-03-21 19:49:53,623.9,Retail,Medium,Credit Card,Success,
T00007415,M00011,2025-06-22 02:48:23,6182.62,Education,Small,UPI,Success,
T00007416,M00063,2025-10-12 09:30:46,3829.57,Healthcare,Small,Credit Card,Success,
T00007417,M00080,2025-06-07 04:06:18,735.49,Media,Small,Credit Card,Success,
T00007418,M00010,2025-04-08 12:07:54,2611.29,Retail,Medium,UPI,Success,
T00007419,M00056,2025-10-06 15:12:47,5159.63,E-commerce,Large,Credit Card,Success,
T00007420,M00032,2025-05-16 13:54:34,2672.81,Retail,Medium,Credit Card,Success,
T00007421,M00094,2025-11-17 17:59:21,9266.69,SaaS,Small,UPI,Success,
T00007422,M00049,2025-07-31 15:18:44,1102.75,Retail,Medium,Wallet,Success,
T00007423,M00022,2025-02-21 17:53:21,287.44,Food Delivery,Small,Wallet,Failed,Network Error
T00007424,M00075,2025-01-27 08:07:44,840.53,E-commerce,Small,Wallet,Success,
T00007425,M00082,2025-03-08 04:06:34,7384.84,Education,Large,Debit Card,Success,
T00007426,M00081,2025-01-14 12:49:38,358.01,Media,Small,UPI,Success,
T00007427,M00054,2025-05-19 07:05:15,830.05,Media,Small,Credit Card,Success,
T00007428,M00065,2025-04-19 13:06:52,1585.69,E-commerce,Large,Debit Card,Success,
T00007429,M00085,2025-01-22 23:31:23,375.05,Gaming,Medium,Wallet,Success,
T00007430,M00023,2025-10-01 11:11:44,4772.26,Healthcare,Small,Net Banking,Success,
T00007431,M00059,2025-08-08 10:25:31,857.15,Retail,Medium,UPI,Failed,Bank Decline
T00007432,M00034,2025-11-23 07:07:34,1863.0,Gaming,Medium,Debit Card,Success,
T00007433,M00044,2025-01-30 05:41:30,20073.37,Professional Services,Small,Net Banking,Success,
T00007434,M00002,2025-02-08 08:47:45,1037.56,Retail,Small,UPI,Success,
T00007435,M00088,2025-12-25 16:32:50,891.6,Food Delivery,Small,UPI,Success,
T00007436,M00001,2025-06-30 19:51:23,531.67,Food Delivery,Small,UPI,Success,
T00007437,M00062,2025-10-11 13:51:43,4118.99,Retail,Medium,Credit Card,Success,
T00007438,M00085,2025-04-10 07:50:58,273.33,Gaming,Medium,Wallet,Success,
T00007439,M00067,2025-08-12 01:12:06,434.86,Food Delivery,Medium,Credit Card,Success,
T00007440,M00007,2025-07-12 15:08:17,3268.98,Gaming,Small,Net Banking,Success,
T00007441,M00029,2025-11-05 03:29:55,4730.78,Retail,Small,Debit Card,Success,
T00007442,M00088,2025-12-12 16:05:24,814.83,Food Delivery,Small,UPI,Success,
T00007443,M00059,2025-09-19 12:59:57,872.06,Retail,Medium,UPI,Success,
T00007444,M00024,2025-11-18 17:35:40,1068.51,Gaming,Small,Credit Card,Success,
T00007445,M00073,2025-01-14 18:22:51,4380.59,SaaS,Small,Net Banking,Success,
T00007446,M00003,2025-09-25 00:21:30,5286.41,Education,Small,Credit Card,Success,
T00007447,M00095,2025-01-20 12:27:43,480.27,E-commerce,Small,Credit Card,Success,
T00007448,M00063,2025-09-27 16:49:22,5112.91,Healthcare,Small,Credit Card,Success,
T00007449,M00015,2025-01-22 18:48:06,2566.44,E-commerce,Medium,UPI,Success,
T00007450,M00047,2025-08-19 21:40:16,1561.42,Healthcare,Medium,UPI,Success,
T00007451,M00037,2025-11-04 17:54:46,7622.4,Education,Medium,UPI,Success,
T00007452,M00075,2025-02-22 15:20:33,959.62,E-commerce,Small,Wallet,Success,
T00007453,M00039,2025-05-20 23:05:14,2463.28,Gaming,Small,UPI,Success,
T00007454,M00061,2025-01-04 20:59:12,13793.23,SaaS,Medium,UPI,Success,
T00007455,M00044,2025-07-04 18:44:27,14309.39,Professional Services,Small,Net Banking,Success,
T00007456,M00039,2025-04-05 12:36:21,1882.48,Gaming,Small,UPI,Success,
T00007457,M00006,2025-11-06 21:21:08,3183.8,Retail,Small,UPI,Success,
T00007458,M00068,2025-03-25 23:01:01,1457.71,Retail,Medium,Debit Card,Success,
T00007459,M00094,2025-02-04 17:58:10,13891.16,SaaS,Small,UPI,Success,
T00007460,M00079,2025-03-08 16:02:07,349.05,Food Delivery,Large,Credit Card,Success,
T00007461,M00089,2025-02-12 09:25:03,8930.19,Education,Small,UPI,Success,
T00007462,M00077,2025-10-16 15:32:23,11664.3,Professional Services,Medium,Credit Card,Success,
T00007463,M00016,2025-12-10 13:03:53,1284.8,Retail,Medium,Debit Card,Success,
T00007464,M00020,2025-02-16 14:01:04,9641.79,Healthcare,Small,Net Banking,Success,
T00007465,M00024,2025-11-16 20:45:50,806.81,Gaming,Small,Credit Card,Success,
T00007466,M00062,2025-04-19 11:31:23,6828.25,Retail,Medium,Credit Card,Success,
T00007467,M00016,2025-11-04 17:12:39,1287.56,Retail,Medium,Debit Card,Success,
T00007468,M00077,2025-08-01 11:52:44,9374.31,Professional Services,Medium,Credit Card,Success,
T00007469,M00037,2025-01-27 13:33:32,6991.56,Education,Medium,UPI,Success,
T00007470,M00008,2025-04-06 02:25:55,13957.96,Travel,Small,Credit Card,Success,
T00007471,M00014,2025-02-26 04:41:57,4798.66,E-commerce,Large,Credit Card,Success,
T00007472,M00070,2025-11-02 10:53:00,622.88,Food Delivery,Large,Debit Card,Failed,Bank Decline
T00007473,M00006,2025-03-13 07:54:06,3046.7,Retail,Small,UPI,Success,
T00007474,M00089,2025-02-25 22:50:11,8511.6,Education,Small,UPI,Success,
T00007475,M00060,2025-03-25 08:54:18,709.68,Food Delivery,Medium,Debit Card,Success,
T00007476,M00036,2025-10-12 12:01:55,752.0,Food Delivery,Medium,UPI,Success,
T00007477,M00004,2025-09-15 23:54:05,1986.65,Education,Medium,UPI,Success,
T00007478,M00075,2025-11-16 17:38:43,356.28,E-commerce,Small,Wallet,Success,
T00007479,M00072,2025-11-24 05:19:19,707.45,Media,Small,Credit Card,Success,
T00007480,M00049,2025-03-22 20:58:33,1489.03,Retail,Medium,Wallet,Success,
T00007481,M00074,2025-06-13 08:53:37,872.68,Gaming,Medium,Credit Card,Success,
T00007482,M00050,2025-12-25 10:30:38,9385.27,SaaS,Small,Wallet,Success,
T00007483,M00097,2025-06-08 19:55:33,9422.68,Professional Services,Small,Credit Card,Success,
T00007484,M00065,2025-10-07 16:45:05,1752.27,E-commerce,Large,Debit Card,Success,
T00007485,M00039,2025-09-20 23:16:59,2930.52,Gaming,Small,UPI,Success,
T00007486,M00021,2025-05-20 10:57:50,4148.68,E-commerce,Small,UPI,Success,
T00007487,M00060,2025-05-17 05:16:44,627.54,Food Delivery,Medium,Debit Card,Success,
T00007488,M00040,2025-08-12 07:07:54,13241.21,Professional Services,Small,Net Banking,Success,
T00007489,M00007,2025-05-05 03:31:56,4014.56,Gaming,Small,Net Banking,Failed,Insufficient Funds
T00007490,M00003,2025-03-08 07:18:52,3714.74,Education,Small,Credit Card,Success,
T00007491,M00098,2025-07-29 21:45:22,20121.1,SaaS,Medium,Credit Card,Success,
T00007492,M00074,2025-10-12 11:27:30,374.27,Gaming,Medium,Credit Card,Success,
T00007493,M00086,2025-07-28 02:34:58,1324.57,Food Delivery,Large,UPI,Success,
T00007494,M00040,2025-11-04 06:10:48,10654.55,Professional Services,Small,Net Banking,Success,
T00007495,M00002,2025-07-19 11:59:08,855.8,Retail,Small,UPI,Success,
T00007496,M00021,2025-01-23 19:56:18,2313.42,E-commerce,Small,UPI,Success,
T00007497,M00016,2025-07-14 06:12:03,755.41,Retail,Medium,Debit Card,Success,
T00007498,M00013,2025-07-18 12:28:00,2327.39,E-commerce,Small,Debit Card,Success,
T00007499,M00012,2025-06-20 05:27:25,12481.95,SaaS,Medium,Net Banking,Success,
T00007500,M00086,2025-08-08 06:02:06,739.01,Food Delivery,Large,UPI,Success,
T00007501,M00099,2025-01-13 15:11:32,2478.22,Retail,Small,Wallet,Success,
T00007502,M00081,2025-02-03 07:17:07,439.8,Media,Small,UPI,Success,
T00007503,M00063,2025-01-17 22:29:39,6827.17,Healthcare,Small,Credit Card,Success,
T00007504,M00068,2025-07-25 11:26:37,1665.16,Retail,Medium,Debit Card,Failed,Bank Decline
T00007505,M00099,2025-06-02 15:22:50,2640.48,Retail,Small,Wallet,Success,
T00007506,M00042,2025-03-18 15:43:10,6872.98,Healthcare,Small,Debit Card,Success,
T00007507,M00001,2025-03-31 12:03:15,365.21,Food Delivery,Small,UPI,Success,
T00007508,M00089,2025-06-24 09:25:29,9530.75,Education,Small,UPI,Success,
T00007509,M00088,2025-01-16 04:11:02,579.62,Food Delivery,Small,UPI,Success,
T00007510,M00061,2025-07-24 23:18:14,8013.78,SaaS,Medium,UPI,Success,
T00007511,M00025,2025-04-17 12:51:27,947.22,Food Delivery,Small,UPI,Success,
T00007512,M00002,2025-03-07 07:28:54,986.76,Retail,Small,UPI,Success,
T00007513,M00032,2025-03-06 15:53:23,3069.67,Retail,Medium,Credit Card,Success,
T00007514,M00068,2025-10-16 09:00:29,2166.31,Retail,Medium,Debit Card,Success,
T00007515,M00081,2025-01-06 15:34:03,356.42,Media,Small,UPI,Success,
T00007516,M00047,2025-10-23 16:24:46,2024.71,Healthcare,Medium,UPI,Success,
T00007517,M00014,2025-01-24 16:11:01,5364.61,E-commerce,Large,Credit Card,Success,
T00007518,M00069,2025-11-05 01:54:01,6933.04,Education,Small,Credit Card,Success,
T00007519,M00039,2025-10-05 09:55:09,2621.76,Gaming,Small,UPI,Success,
T00007520,M00003,2025-08-26 17:59:28,4093.5,Education,Small,Credit Card,Success,
T00007521,M00089,2025-07-20 10:56:27,3797.78,Education,Small,UPI,Success,
T00007522,M00009,2025-02-04 22:41:11,755.06,Gaming,Small,Credit Card,Success,
T00007523,M00081,2025-02-16 06:11:40,421.54,Media,Small,UPI,Success,
T00007524,M00017,2025-11-29 09:19:24,10843.45,Professional Services,Small,Credit Card,Success,
T00007525,M00079,2025-05-30 07:38:31,129.52,Food Delivery,Large,Credit Card,Success,
T00007526,M00027,2025-04-02 07:15:44,1268.97,E-commerce,Large,Credit Card,Success,
T00007527,M00078,2025-07-12 00:48:51,14386.22,SaaS,Medium,Net Banking,Success,
T00007528,M00068,2025-09-19 11:10:59,1954.23,Retail,Medium,Debit Card,Success,
T00007529,M00007,2025-10-28 07:59:55,2086.04,Gaming,Small,Net Banking,Success,
T00007530,M00086,2025-01-18 08:54:30,954.23,Food Delivery,Large,UPI,Success,
T00007531,M00062,2025-07-30 09:43:40,4575.39,Retail,Medium,Credit Card,Success,
T00007532,M00026,2025-11-24 06:01:21,1295.52,Retail,Medium,Credit Card,Failed,Payment Timeout
T00007533,M00098,2025-06-15 03:41:10,9135.36,SaaS,Medium,Credit Card,Success,
T00007534,M00013,2025-01-20 16:12:21,2498.38,E-commerce,Small,Debit Card,Success,
T00007535,M00017,2025-08-20 17:52:56,14180.65,Professional Services,Small,Credit Card,Success,
T00007536,M00007,2025-09-23 18:06:34,780.66,Gaming,Small,Net Banking,Success,
T00007537,M00061,2025-06-18 18:24:42,8845.09,SaaS,Medium,UPI,Success,
T00007538,M00048,2025-06-23 01:56:17,828.43,Food Delivery,Medium,Credit Card,Success,
T00007539,M00078,2025-02-07 07:54:55,11447.54,SaaS,Medium,Net Banking,Success,
T00007540,M00098,2025-08-23 14:53:27,11643.36,SaaS,Medium,Credit Card,Success,
T00007541,M00030,2025-05-24 10:52:16,2344.29,E-commerce,Small,UPI,Success,
T00007542,M00039,2025-08-11 15:49:59,1474.85,Gaming,Small,UPI,Failed,Network Error
T00007543,M00055,2025-02-28 06:51:30,15636.04,SaaS,Medium,Net Banking,Success,
T00007544,M00091,2025-11-26 06:40:09,16556.32,Professional Services,Small,Net Banking,Success,
T00007545,M00082,2025-01-27 13:39:39,5349.2,Education,Large,Debit Card,Success,
T00007546,M00032,2025-06-10 08:15:17,3202.77,Retail,Medium,Credit Card,Success,
T00007547,M00031,2025-06-23 09:28:25,1177.44,Media,Small,Net Banking,Success,
T00007548,M00077,2025-04-08 05:44:14,12586.19,Professional Services,Medium,Credit Card,Success,
T00007549,M00065,2025-12-12 20:43:16,1253.48,E-commerce,Large,Debit Card,Success,
T00007550,M00026,2025-02-27 13:58:30,747.45,Retail,Medium,Credit Card,Success,
T00007551,M00035,2025-02-07 02:02:10,2202.72,Retail,Small,UPI,Success,
T00007552,M00086,2025-10-08 00:22:20,1195.93,Food Delivery,Large,UPI,Success,
T00007553,M00018,2025-02-24 02:10:32,7256.94,Professional Services,Small,Net Banking,Success,
T00007554,M00008,2025-07-16 21:32:30,8892.38,Travel,Small,Credit Card,Success,
T00007555,M00029,2025-02-23 12:08:07,3254.2,Retail,Small,Debit Card,Success,
T00007556,M00098,2025-10-25 21:29:52,8366.85,SaaS,Medium,Credit Card,Success,
T00007557,M00034,2025-01-01 10:31:09,2075.52,Gaming,Medium,Debit Card,Success,
T00007558,M00073,2025-07-26 04:08:44,5986.12,SaaS,Small,Net Banking,Success,
T00007559,M00042,2025-12-11 13:42:00,11976.93,Healthcare,Small,Debit Card,Success,
T00007560,M00040,2025-02-22 19:04:56,13823.24,Professional Services,Small,Net Banking,Success,
T00007561,M00003,2025-11-03 16:14:42,5655.44,Education,Small,Credit Card,Success,
T00007562,M00009,2025-05-02 00:04:16,629.62,Gaming,Small,Credit Card,Success,
T00007563,M00056,2025-12-28 09:22:27,5772.55,E-commerce,Large,Credit Card,Success,
T00007564,M00081,2025-04-25 10:25:23,848.52,Media,Small,UPI,Success,
T00007565,M00037,2025-08-29 16:32:05,10319.67,Education,Medium,UPI,Success,
T00007566,M00047,2025-08-03 05:50:53,2161.86,Healthcare,Medium,UPI,Success,
T00007567,M00025,2025-02-11 15:01:00,632.27,Food Delivery,Small,UPI,Success,
T00007568,M00069,2025-09-02 00:34:11,5695.37,Education,Small,Credit Card,Success,
T00007569,M00031,2025-09-03 06:26:29,2181.34,Media,Small,Net Banking,Success,
T00007570,M00058,2025-09-16 11:27:21,1341.49,Food Delivery,Small,UPI,Success,
T00007571,M00076,2025-06-04 09:44:23,8113.79,Education,Small,Net Banking,Success,
T00007572,M00090,2025-03-09 03:28:47,9741.83,Healthcare,Medium,Debit Card,Success,
T00007573,M00006,2025-04-13 17:20:20,3133.79,Retail,Small,UPI,Success,
T00007574,M00002,2025-08-07 02:05:46,948.53,Retail,Small,UPI,Success,
T00007575,M00003,2025-02-25 15:52:44,3849.95,Education,Small,Credit Card,Success,
T00007576,M00038,2025-10-17 13:50:46,3275.88,Education,Small,Debit Card,Success,
T00007577,M00012,2025-03-19 20:49:52,12381.66,SaaS,Medium,Net Banking,Success,
T00007578,M00025,2025-12-26 07:46:15,1102.17,Food Delivery,Small,UPI,Success,
T00007579,M00053,2025-01-27 15:48:23,3834.4,Education,Small,Net Banking,Success,
T00007580,M00093,2025-04-13 17:14:37,7969.5,SaaS,Small,Net Banking,Failed,Technical Error
T00007581,M00065,2025-05-26 08:22:04,2248.09,E-commerce,Large,Debit Card,Success,
T00007582,M00093,2025-05-07 06:10:23,7334.89,SaaS,Small,Net Banking,Success,
T00007583,M00057,2025-11-13 11:23:16,10515.17,Healthcare,Medium,Credit Card,Failed,Network Error
T00007584,M00078,2025-05-02 04:34:40,6788.69,SaaS,Medium,Net Banking,Success,
T00007585,M00023,2025-01-18 20:47:01,9024.01,Healthcare,Small,Net Banking,Success,
T00007586,M00100,2025-02-26 01:13:15,671.71,E-commerce,Small,UPI,Failed,Authentication Failure
T00007587,M00086,2025-03-26 23:01:08,1300.77,Food Delivery,Large,UPI,Success,
T00007588,M00030,2025-01-10 18:26:41,2057.94,E-commerce,Small,UPI,Success,
T00007589,M00014,2025-02-04 05:16:07,3832.77,E-commerce,Large,Credit Card,Success,
T00007590,M00033,2025-10-16 18:07:27,4151.17,E-commerce,Small,UPI,Success,
T00007591,M00087,2025-03-21 14:20:43,2354.15,Media,Small,Wallet,Success,
T00007592,M00089,2025-04-11 18:27:48,7278.97,Education,Small,UPI,Success,
T00007593,M00095,2025-08-05 20:03:09,647.61,E-commerce,Small,Credit Card,Failed,Payment Timeout
T00007594,M00028,2025-03-07 15:54:40,2278.91,E-commerce,Small,UPI,Success,
T00007595,M00075,2025-05-04 10:34:46,600.54,E-commerce,Small,Wallet,Success,
T00007596,M00028,2025-06-28 04:46:00,1178.09,E-commerce,Small,UPI,Success,
T00007597,M00077,2025-03-13 04:13:37,2328.7,Professional Services,Medium,Credit Card,Success,
T00007598,M00007,2025-11-26 01:26:44,4567.53,Gaming,Small,Net Banking,Success,
T00007599,M00007,2025-11-11 06:39:42,2330.02,Gaming,Small,Net Banking,Success,
T00007600,M00072,2025-06-05 10:02:06,1027.6,Media,Small,Credit Card,Failed,Bank Decline
T00007601,M00091,2025-04-18 05:05:01,29911.22,Professional Services,Small,Net Banking,Success,
T00007602,M00073,2025-06-21 15:05:03,3659.88,SaaS,Small,Net Banking,Success,
T00007603,M00092,2025-06-08 18:00:37,5267.69,Healthcare,Medium,Debit Card,Success,
T00007604,M00034,2025-04-15 16:30:16,1119.33,Gaming,Medium,Debit Card,Success,
T00007605,M00017,2025-04-24 23:10:08,4749.08,Professional Services,Small,Credit Card,Success,
T00007606,M00048,2025-08-13 13:02:18,830.24,Food Delivery,Medium,Credit Card,Success,
T00007607,M00053,2025-03-22 15:50:37,3999.27,Education,Small,Net Banking,Failed,Insufficient Funds
T00007608,M00014,2025-11-10 03:02:26,4144.86,E-commerce,Large,Credit Card,Success,
T00007609,M00020,2025-07-14 09:54:59,1092.41,Healthcare,Small,Net Banking,Failed,Bank Decline
T00007610,M00092,2025-04-02 09:05:39,2729.92,Healthcare,Medium,Debit Card,Success,
T00007611,M00095,2025-04-16 14:03:38,633.75,E-commerce,Small,Credit Card,Success,
T00007612,M00075,2025-06-12 19:56:12,447.89,E-commerce,Small,Wallet,Success,
T00007613,M00066,2025-10-20 18:51:27,1321.75,Education,Large,Net Banking,Success,
T00007614,M00092,2025-02-03 17:47:10,4937.27,Healthcare,Medium,Debit Card,Success,
T00007615,M00026,2025-09-05 11:07:04,1386.88,Retail,Medium,Credit Card,Success,
T00007616,M00091,2025-05-19 08:46:24,18728.87,Professional Services,Small,Net Banking,Success,
T00007617,M00056,2025-04-10 17:20:36,4116.38,E-commerce,Large,Credit Card,Failed,Technical Error
T00007618,M00024,2025-09-26 08:10:48,750.53,Gaming,Small,Credit Card,Success,
T00007619,M00048,2025-04-20 22:15:46,697.81,Food Delivery,Medium,Credit Card,Success,
T00007620,M00005,2025-09-18 10:15:51,22644.81,Travel,Small,Net Banking,Success,
T00007621,M00082,2025-07-11 11:37:48,6837.02,Education,Large,Debit Card,Success,
T00007622,M00014,2025-02-26 23:49:30,2445.71,E-commerce,Large,Credit Card,Success,
T00007623,M00020,2025-01-01 23:30:05,10165.67,Healthcare,Small,Net Banking,Success,
T00007624,M00089,2025-05-12 00:27:09,5807.43,Education,Small,UPI,Success,
T00007625,M00028,2025-11-03 09:35:37,2014.7,E-commerce,Small,UPI,Success,
T00007626,M00083,2025-03-11 10:15:29,2508.47,Retail,Small,Debit Card,Success,
T00007627,M00007,2025-07-25 03:30:28,1784.42,Gaming,Small,Net Banking,Success,
T00007628,M00022,2025-01-10 00:13:52,397.23,Food Delivery,Small,Wallet,Failed,Authentication Failure
T00007629,M00057,2025-04-11 20:18:11,10237.0,Healthcare,Medium,Credit Card,Success,
T00007630,M00007,2025-11-14 02:52:42,2830.12,Gaming,Small,Net Banking,Success,
T00007631,M00089,2025-01-17 23:42:31,8296.56,Education,Small,UPI,Success,
T00007632,M00027,2025-05-01 18:44:58,1851.09,E-commerce,Large,Credit Card,Success,
T00007633,M00046,2025-10-19 04:11:38,12479.04,Professional Services,Small,Net Banking,Success,
T00007634,M00055,2025-12-02 05:30:45,20094.3,SaaS,Medium,Net Banking,Success,
T00007635,M00038,2025-10-03 01:12:38,2536.8,Education,Small,Debit Card,Success,
T00007636,M00023,2025-07-25 00:18:55,8292.14,Healthcare,Small,Net Banking,Success,
T00007637,M00098,2025-11-16 22:19:54,15795.51,SaaS,Medium,Credit Card,Success,
T00007638,M00066,2025-10-11 11:54:50,1333.06,Education,Large,Net Banking,Success,
T00007639,M00005,2025-07-16 05:08:40,8406.98,Travel,Small,Net Banking,Success,
T00007640,M00086,2025-01-25 06:22:27,1792.4,Food Delivery,Large,UPI,Failed,Bank Decline
T00007641,M00044,2025-02-10 18:59:35,10421.8,Professional Services,Small,Net Banking,Success,
T00007642,M00083,2025-08-23 17:19:50,1238.81,Retail,Small,Debit Card,Success,
T00007643,M00048,2025-01-20 05:21:39,1120.62,Food Delivery,Medium,Credit Card,Success,
T00007644,M00055,2025-01-06 03:05:31,16574.74,SaaS,Medium,Net Banking,Success,
T00007645,M00056,2025-12-23 21:32:52,7422.62,E-commerce,Large,Credit Card,Success,
T00007646,M00054,2025-10-19 08:29:12,771.72,Media,Small,Credit Card,Success,
T00007647,M00098,2025-10-18 07:33:51,17245.05,SaaS,Medium,Credit Card,Success,
T00007648,M00081,2025-08-04 10:53:09,568.81,Media,Small,UPI,Success,
T00007649,M00061,2025-10-31 04:24:42,8020.62,SaaS,Medium,UPI,Success,
T00007650,M00073,2025-12-10 08:27:57,1493.67,SaaS,Small,Net Banking,Failed,Network Error
T00007651,M00030,2025-09-23 12:56:44,2119.44,E-commerce,Small,UPI,Failed,Technical Error
T00007652,M00049,2025-07-17 00:37:40,277.33,Retail,Medium,Wallet,Success,
T00007653,M00077,2025-08-14 23:05:23,4992.21,Professional Services,Medium,Credit Card,Success,
T00007654,M00060,2025-11-16 00:42:27,316.05,Food Delivery,Medium,Debit Card,Success,
T00007655,M00073,2025-12-03 20:09:16,3858.88,SaaS,Small,Net Banking,Success,
T00007656,M00068,2025-03-22 00:22:01,1530.86,Retail,Medium,Debit Card,Failed,Network Error
T00007657,M00099,2025-03-28 18:46:08,3845.39,Retail,Small,Wallet,Success,
T00007658,M00085,2025-07-03 12:28:07,477.1,Gaming,Medium,Wallet,Success,
T00007659,M00029,2025-08-05 17:58:41,1668.83,Retail,Small,Debit Card,Success,
T00007660,M00084,2025-10-17 04:53:46,373.26,Food Delivery,Small,Net Banking,Success,
T00007661,M00020,2025-02-23 10:32:30,9116.62,Healthcare,Small,Net Banking,Success,
T00007662,M00012,2025-03-30 00:58:29,6444.27,SaaS,Medium,Net Banking,Success,
T00007663,M00055,2025-06-11 08:45:25,13855.67,SaaS,Medium,Net Banking,Success,
T00007664,M00070,2025-02-13 03:13:50,1184.65,Food Delivery,Large,Debit Card,Success,
T00007665,M00026,2025-07-02 12:32:47,2054.52,Retail,Medium,Credit Card,Success,
T00007666,M00049,2025-09-20 20:39:46,1407.5,Retail,Medium,Wallet,Success,
T00007667,M00001,2025-10-22 10:38:19,92.31,Food Delivery,Small,UPI,Success,
T00007668,M00051,2025-07-10 10:57:09,2028.27,Retail,Medium,UPI,Success,
T00007669,M00035,2025-07-27 22:58:40,2078.73,Retail,Small,UPI,Success,
T00007670,M00082,2025-06-23 18:09:04,8140.46,Education,Large,Debit Card,Success,
T00007671,M00095,2025-08-06 08:23:32,820.31,E-commerce,Small,Credit Card,Success,
T00007672,M00004,2025-11-07 00:24:19,1071.1,Education,Medium,UPI,Success,
T00007673,M00053,2025-01-06 19:06:18,3295.11,Education,Small,Net Banking,Success,
T00007674,M00025,2025-05-17 15:55:37,646.82,Food Delivery,Small,UPI,Success,
T00007675,M00066,2025-07-14 09:00:36,1780.66,Education,Large,Net Banking,Success,
T00007676,M00001,2025-12-04 03:31:34,395.11,Food Delivery,Small,UPI,Success,
T00007677,M00006,2025-11-07 01:39:04,3407.09,Retail,Small,UPI,Success,
T00007678,M00034,2025-03-14 07:43:25,1199.31,Gaming,Medium,Debit Card,Success,
T00007679,M00081,2025-11-17 02:28:42,552.74,Media,Small,UPI,Success,
T00007680,M00002,2025-05-30 07:21:00,1175.26,Retail,Small,UPI,Success,
T00007681,M00051,2025-10-24 11:34:29,3025.85,Retail,Medium,UPI,Success,
T00007682,M00016,2025-06-04 17:27:27,1206.71,Retail,Medium,Debit Card,Success,
T00007683,M00066,2025-01-08 17:41:48,1134.64,Education,Large,Net Banking,Success,
T00007684,M00071,2025-01-26 17:53:51,3185.33,Retail,Small,Debit Card,Success,
T00007685,M00007,2025-09-26 00:08:16,3814.71,Gaming,Small,Net Banking,Failed,Network Error
T00007686,M00086,2025-09-28 16:20:16,1430.96,Food Delivery,Large,UPI,Success,
T00007687,M00009,2025-12-07 18:37:50,908.54,Gaming,Small,Credit Card,Success,
T00007688,M00005,2025-02-14 19:58:46,24038.21,Travel,Small,Net Banking,Success,
T00007689,M00005,2025-12-14 10:44:03,23916.56,Travel,Small,Net Banking,Success,
T00007690,M00100,2025-07-06 13:07:07,817.87,E-commerce,Small,UPI,Success,
T00007691,M00046,2025-03-26 12:02:41,14244.38,Professional Services,Small,Net Banking,Failed,Technical Error
T00007692,M00033,2025-07-22 23:44:48,4380.94,E-commerce,Small,UPI,Success,
T00007693,M00041,2025-12-13 17:23:15,4672.56,E-commerce,Small,Wallet,Success,
T00007694,M00046,2025-10-18 12:24:07,10520.06,Professional Services,Small,Net Banking,Success,
T00007695,M00034,2025-08-29 18:50:41,1199.19,Gaming,Medium,Debit Card,Success,
T00007696,M00073,2025-07-30 10:12:54,3766.44,SaaS,Small,Net Banking,Success,
T00007697,M00076,2025-07-15 11:55:39,8134.42,Education,Small,Net Banking,Success,
T00007698,M00099,2025-02-11 14:35:18,4358.92,Retail,Small,Wallet,Success,
T00007699,M00061,2025-08-22 06:48:31,8391.71,SaaS,Medium,UPI,Success,
T00007700,M00014,2025-11-30 06:33:11,3471.89,E-commerce,Large,Credit Card,Success,
T00007701,M00069,2025-02-27 05:29:44,10128.39,Education,Small,Credit Card,Success,
T00007702,M00086,2025-10-07 12:02:42,1571.76,Food Delivery,Large,UPI,Success,
T00007703,M00057,2025-11-10 14:50:38,7879.6,Healthcare,Medium,Credit Card,Success,
T00007704,M00007,2025-06-07 00:09:41,355.26,Gaming,Small,Net Banking,Success,
T00007705,M00098,2025-04-06 04:11:58,12711.89,SaaS,Medium,Credit Card,Success,
T00007706,M00029,2025-05-09 03:46:29,6560.9,Retail,Small,Debit Card,Success,
T00007707,M00094,2025-08-02 13:54:40,11874.09,SaaS,Small,UPI,Success,
T00007708,M00065,2025-02-16 00:25:16,1530.28,E-commerce,Large,Debit Card,Success,
T00007709,M00002,2025-04-18 05:47:09,1167.54,Retail,Small,UPI,Success,
T00007710,M00060,2025-03-02 09:04:03,493.32,Food Delivery,Medium,Debit Card,Success,
T00007711,M00047,2025-11-15 13:24:15,1994.69,Healthcare,Medium,UPI,Success,
T00007712,M00059,2025-02-17 11:43:38,413.41,Retail,Medium,UPI,Success,
T00007713,M00089,2025-04-06 20:10:26,5793.43,Education,Small,UPI,Success,
T00007714,M00081,2025-12-02 15:10:58,393.1,Media,Small,UPI,Success,
T00007715,M00036,2025-08-01 01:10:10,931.98,Food Delivery,Medium,UPI,Success,
T00007716,M00002,2025-05-08 23:18:35,325.54,Retail,Small,UPI,Success,
T00007717,M00065,2025-02-22 00:50:37,1554.19,E-commerce,Large,Debit Card,Success,
T00007718,M00029,2025-07-16 18:41:23,5284.28,Retail,Small,Debit Card,Success,
T00007719,M00055,2025-05-21 16:41:59,12893.34,SaaS,Medium,Net Banking,Failed,Insufficient Funds
T00007720,M00092,2025-10-24 02:20:12,5694.54,Healthcare,Medium,Debit Card,Success,
T00007721,M00059,2025-08-21 10:57:51,644.43,Retail,Medium,UPI,Success,
T00007722,M00038,2025-03-01 14:48:03,3378.88,Education,Small,Debit Card,Success,
T00007723,M00001,2025-04-24 16:20:12,209.43,Food Delivery,Small,UPI,Failed,Network Error
T00007724,M00003,2025-06-14 05:15:41,4951.27,Education,Small,Credit Card,Success,
T00007725,M00070,2025-07-01 23:19:52,1337.35,Food Delivery,Large,Debit Card,Success,
T00007726,M00063,2025-01-11 14:36:28,6070.81,Healthcare,Small,Credit Card,Success,
T00007727,M00097,2025-01-24 17:55:23,8405.97,Professional Services,Small,Credit Card,Success,
T00007728,M00082,2025-11-09 19:53:15,4549.99,Education,Large,Debit Card,Success,
T00007729,M00016,2025-09-11 08:14:14,32.78,Retail,Medium,Debit Card,Success,
T00007730,M00013,2025-07-06 20:41:03,2714.51,E-commerce,Small,Debit Card,Success,
T00007731,M00089,2025-01-24 18:26:19,8284.52,Education,Small,UPI,Success,
T00007732,M00073,2025-03-30 15:38:20,5310.99,SaaS,Small,Net Banking,Success,
T00007733,M00048,2025-10-29 11:47:45,855.4,Food Delivery,Medium,Credit Card,Success,
T00007734,M00014,2025-11-23 10:22:09,5063.97,E-commerce,Large,Credit Card,Success,
T00007735,M00035,2025-11-25 19:35:37,1625.11,Retail,Small,UPI,Success,
T00007736,M00007,2025-01-20 08:16:04,3835.25,Gaming,Small,Net Banking,Success,
T00007737,M00011,2025-03-09 02:13:27,5510.15,Education,Small,UPI,Success,
T00007738,M00033,2025-07-25 02:02:14,5830.68,E-commerce,Small,UPI,Success,
T00007739,M00071,2025-02-27 06:48:17,3033.89,Retail,Small,Debit Card,Success,
T00007740,M00059,2025-04-27 14:36:05,717.61,Retail,Medium,UPI,Failed,Authentication Failure
T00007741,M00094,2025-06-11 19:10:29,9938.68,SaaS,Small,UPI,Success,
T00007742,M00076,2025-12-13 13:28:21,8214.07,Education,Small,Net Banking,Success,
T00007743,M00078,2025-03-22 08:12:33,18947.65,SaaS,Medium,Net Banking,Success,
T00007744,M00060,2025-10-02 08:11:19,926.18,Food Delivery,Medium,Debit Card,Success,
T00007745,M00096,2025-05-12 08:47:11,1872.37,Gaming,Small,UPI,Success,
T00007746,M00066,2025-07-04 19:35:51,2061.45,Education,Large,Net Banking,Success,
T00007747,M00058,2025-02-23 17:38:17,1266.33,Food Delivery,Small,UPI,Success,
T00007748,M00085,2025-06-17 11:25:25,463.44,Gaming,Medium,Wallet,Success,
T00007749,M00028,2025-11-21 15:06:41,2122.1,E-commerce,Small,UPI,Success,
T00007750,M00041,2025-09-27 13:19:08,4524.65,E-commerce,Small,Wallet,Success,
T00007751,M00053,2025-04-13 05:37:58,1268.09,Education,Small,Net Banking,Failed,Payment Timeout
T00007752,M00062,2025-09-21 20:41:08,3932.56,Retail,Medium,Credit Card,Success,
T00007753,M00084,2025-01-23 08:15:33,342.78,Food Delivery,Small,Net Banking,Success,
T00007754,M00021,2025-04-11 20:39:22,1370.05,E-commerce,Small,UPI,Success,
T00007755,M00098,2025-11-03 02:37:10,16149.68,SaaS,Medium,Credit Card,Success,
T00007756,M00095,2025-10-27 19:35:17,611.18,E-commerce,Small,Credit Card,Success,
T00007757,M00001,2025-03-19 16:16:22,215.02,Food Delivery,Small,UPI,Failed,Network Error
T00007758,M00018,2025-08-20 12:48:41,6202.75,Professional Services,Small,Net Banking,Success,
T00007759,M00068,2025-06-16 15:10:08,2220.43,Retail,Medium,Debit Card,Success,
T00007760,M00024,2025-09-22 18:56:36,691.44,Gaming,Small,Credit Card,Success,
T00007761,M00039,2025-05-05 22:10:21,1798.61,Gaming,Small,UPI,Success,
T00007762,M00043,2025-08-20 05:19:55,5571.58,Professional Services,Small,Wallet,Success,
T00007763,M00031,2025-07-14 02:34:49,1598.15,Media,Small,Net Banking,Success,
T00007764,M00069,2025-11-27 07:35:32,4843.5,Education,Small,Credit Card,Success,
T00007765,M00100,2025-10-01 14:04:39,806.98,E-commerce,Small,UPI,Success,
T00007766,M00043,2025-04-11 20:19:05,4388.19,Professional Services,Small,Wallet,Success,
T00007767,M00056,2025-03-12 06:22:05,2024.81,E-commerce,Large,Credit Card,Success,
T00007768,M00045,2025-02-20 13:54:19,2790.67,Media,Small,Wallet,Success,
T00007769,M00009,2025-03-22 02:18:54,971.3,Gaming,Small,Credit Card,Success,
T00007770,M00022,2025-09-07 21:31:40,590.97,Food Delivery,Small,Wallet,Success,
T00007771,M00009,2025-02-10 02:42:31,885.24,Gaming,Small,Credit Card,Success,
T00007772,M00017,2025-05-25 01:53:36,11500.1,Professional Services,Small,Credit Card,Success,
T00007773,M00047,2025-07-10 08:01:24,1449.14,Healthcare,Medium,UPI,Success,
T00007774,M00056,2025-06-14 06:02:03,5262.36,E-commerce,Large,Credit Card,Success,
T00007775,M00001,2025-10-30 16:53:13,337.64,Food Delivery,Small,UPI,Success,
T00007776,M00027,2025-02-14 06:44:37,2229.86,E-commerce,Large,Credit Card,Success,
T00007777,M00017,2025-11-22 02:48:03,6723.77,Professional Services,Small,Credit Card,Success,
T00007778,M00054,2025-05-26 13:21:37,855.16,Media,Small,Credit Card,Success,
T00007779,M00029,2025-02-10 05:17:56,5674.02,Retail,Small,Debit Card,Success,
T00007780,M00039,2025-08-16 00:03:59,704.79,Gaming,Small,UPI,Success,
T00007781,M00021,2025-03-11 13:59:47,3349.98,E-commerce,Small,UPI,Success,
T00007782,M00067,2025-08-09 20:05:55,823.53,Food Delivery,Medium,Credit Card,Success,
T00007783,M00078,2025-01-06 09:41:22,22102.84,SaaS,Medium,Net Banking,Success,
T00007784,M00092,2025-09-21 13:05:14,6494.73,Healthcare,Medium,Debit Card,Success,
T00007785,M00026,2025-07-12 09:58:53,1841.5,Retail,Medium,Credit Card,Success,
T00007786,M00002,2025-12-04 05:37:22,835.65,Retail,Small,UPI,Success,
T00007787,M00058,2025-06-30 09:56:55,1931.99,Food Delivery,Small,UPI,Success,
T00007788,M00028,2025-11-10 02:32:49,1554.75,E-commerce,Small,UPI,Failed,Authentication Failure
T00007789,M00036,2025-12-25 18:54:52,1045.88,Food Delivery,Medium,UPI,Success,
T00007790,M00004,2025-05-13 23:42:36,3316.79,Education,Medium,UPI,Success,
T00007791,M00067,2025-01-13 18:37:58,490.77,Food Delivery,Medium,Credit Card,Success,
T00007792,M00061,2025-11-21 07:58:57,9596.53,SaaS,Medium,UPI,Success,
T00007793,M00033,2025-04-09 13:38:08,5046.59,E-commerce,Small,UPI,Success,
T00007794,M00040,2025-02-13 22:28:15,10740.36,Professional Services,Small,Net Banking,Success,
T00007795,M00076,2025-06-21 02:24:22,8671.91,Education,Small,Net Banking,Success,
T00007796,M00098,2025-04-04 20:29:24,14291.05,SaaS,Medium,Credit Card,Success,
T00007797,M00077,2025-01-03 01:40:24,2051.52,Professional Services,Medium,Credit Card,Success,
T00007798,M00024,2025-06-04 10:49:08,665.4,Gaming,Small,Credit Card,Success,
T00007799,M00015,2025-05-07 06:07:04,2192.67,E-commerce,Medium,UPI,Success,
T00007800,M00008,2025-10-10 22:22:09,16304.67,Travel,Small,Credit Card,Success,
T00007801,M00087,2025-08-02 14:45:36,1483.95,Media,Small,Wallet,Success,
T00007802,M00043,2025-08-23 20:19:03,7470.51,Professional Services,Small,Wallet,Success,
T00007803,M00020,2025-06-29 10:18:49,6095.25,Healthcare,Small,Net Banking,Success,
T00007804,M00009,2025-07-30 01:43:20,97.01,Gaming,Small,Credit Card,Success,
T00007805,M00088,2025-03-04 03:55:00,762.6,Food Delivery,Small,UPI,Success,
T00007806,M00023,2025-05-16 04:10:11,6543.92,Healthcare,Small,Net Banking,Success,
T00007807,M00044,2025-04-26 21:53:48,20995.74,Professional Services,Small,Net Banking,Success,
T00007808,M00080,2025-02-18 17:10:22,744.66,Media,Small,Credit Card,Success,
T00007809,M00001,2025-10-07 01:09:01,280.93,Food Delivery,Small,UPI,Success,
T00007810,M00077,2025-03-08 15:51:06,8749.86,Professional Services,Medium,Credit Card,Success,
T00007811,M00069,2025-03-06 13:08:15,5015.2,Education,Small,Credit Card,Failed,Payment Timeout
T00007812,M00033,2025-07-10 00:09:32,3692.4,E-commerce,Small,UPI,Success,
T00007813,M00012,2025-10-18 20:25:37,8537.98,SaaS,Medium,Net Banking,Success,
T00007814,M00021,2025-01-01 05:19:04,2130.1,E-commerce,Small,UPI,Success,
T00007815,M00041,2025-08-01 02:18:54,2199.62,E-commerce,Small,Wallet,Success,
T00007816,M00051,2025-07-12 07:14:29,4652.71,Retail,Medium,UPI,Failed,Authentication Failure
T00007817,M00083,2025-11-25 17:50:08,1771.85,Retail,Small,Debit Card,Success,
T00007818,M00040,2025-09-16 07:14:58,10904.87,Professional Services,Small,Net Banking,Success,
T00007819,M00084,2025-02-10 02:39:53,196.85,Food Delivery,Small,Net Banking,Success,
T00007820,M00075,2025-01-19 01:00:53,453.15,E-commerce,Small,Wallet,Success,
T00007821,M00026,2025-10-27 16:16:24,2200.67,Retail,Medium,Credit Card,Success,
T00007822,M00056,2025-04-27 05:36:49,5594.33,E-commerce,Large,Credit Card,Success,
T00007823,M00017,2025-04-03 12:09:11,8812.88,Professional Services,Small,Credit Card,Success,
T00007824,M00049,2025-12-21 21:53:00,1205.5,Retail,Medium,Wallet,Success,
T00007825,M00001,2025-03-29 10:44:30,412.36,Food Delivery,Small,UPI,Failed,Bank Decline
T00007826,M00015,2025-03-22 02:45:42,2561.69,E-commerce,Medium,UPI,Success,
T00007827,M00001,2025-03-07 03:45:18,382.83,Food Delivery,Small,UPI,Success,
T00007828,M00051,2025-05-26 08:09:55,4241.27,Retail,Medium,UPI,Success,
T00007829,M00044,2025-11-09 18:30:19,10825.9,Professional Services,Small,Net Banking,Success,
T00007830,M00013,2025-08-29 01:57:53,3672.96,E-commerce,Small,Debit Card,Success,
T00007831,M00081,2025-03-29 20:43:44,534.32,Media,Small,UPI,Success,
T00007832,M00031,2025-09-23 05:33:32,1685.47,Media,Small,Net Banking,Success,
T00007833,M00052,2025-03-29 18:48:40,30685.46,Travel,Medium,Credit Card,Success,
T00007834,M00073,2025-11-11 00:06:08,2728.7,SaaS,Small,Net Banking,Success,
T00007835,M00099,2025-09-27 23:11:55,4617.6,Retail,Small,Wallet,Success,
T00007836,M00049,2025-04-06 09:11:17,852.32,Retail,Medium,Wallet,Success,
T00007837,M00063,2025-03-04 23:49:29,4669.13,Healthcare,Small,Credit Card,Success,
T00007838,M00035,2025-08-18 22:43:48,2325.61,Retail,Small,UPI,Success,
T00007839,M00003,2025-01-03 19:30:16,4253.96,Education,Small,Credit Card,Success,
T00007840,M00081,2025-10-15 13:12:16,401.63,Media,Small,UPI,Success,
T00007841,M00044,2025-09-08 12:51:22,15489.16,Professional Services,Small,Net Banking,Failed,Network Error
T00007842,M00071,2025-10-20 07:17:11,3043.94,Retail,Small,Debit Card,Success,
T00007843,M00097,2025-03-04 19:04:53,7820.51,Professional Services,Small,Credit Card,Success,
T00007844,M00003,2025-10-19 19:09:12,3850.88,Education,Small,Credit Card,Success,
T00007845,M00056,2025-05-02 13:54:07,6626.19,E-commerce,Large,Credit Card,Success,
T00007846,M00022,2025-01-22 22:04:33,320.88,Food Delivery,Small,Wallet,Success,
T00007847,M00089,2025-04-05 06:22:41,10023.45,Education,Small,UPI,Success,
T00007848,M00045,2025-06-28 13:30:49,2408.24,Media,Small,Wallet,Success,
T00007849,M00065,2025-05-25 08:27:03,1481.81,E-commerce,Large,Debit Card,Success,
T00007850,M00041,2025-03-12 18:42:53,4941.59,E-commerce,Small,Wallet,Success,
T00007851,M00057,2025-12-03 16:41:32,9709.08,Healthcare,Medium,Credit Card,Success,
T00007852,M00037,2025-06-24 00:56:13,8183.87,Education,Medium,UPI,Success,
T00007853,M00062,2025-11-06 10:59:33,4807.32,Retail,Medium,Credit Card,Success,
T00007854,M00079,2025-01-30 12:29:50,256.92,Food Delivery,Large,Credit Card,Success,
T00007855,M00059,2025-02-08 18:53:54,638.39,Retail,Medium,UPI,Success,
T00007856,M00054,2025-06-14 11:47:33,1004.72,Media,Small,Credit Card,Success,
T00007857,M00023,2025-04-17 10:30:45,5987.92,Healthcare,Small,Net Banking,Success,
T00007858,M00079,2025-09-02 11:52:50,241.94,Food Delivery,Large,Credit Card,Success,
T00007859,M00079,2025-04-08 19:38:26,123.49,Food Delivery,Large,Credit Card,Success,
T00007860,M00021,2025-01-10 20:47:24,3839.64,E-commerce,Small,UPI,Success,
T00007861,M00060,2025-06-15 08:01:48,824.59,Food Delivery,Medium,Debit Card,Success,
T00007862,M00096,2025-01-02 18:01:52,2343.85,Gaming,Small,UPI,Success,
T00007863,M00010,2025-03-03 11:49:41,1310.53,Retail,Medium,UPI,Success,
T00007864,M00059,2025-05-03 11:47:17,390.63,Retail,Medium,UPI,Success,
T00007865,M00089,2025-04-16 01:04:33,9021.29,Education,Small,UPI,Success,
T00007866,M00022,2025-05-18 09:57:41,442.76,Food Delivery,Small,Wallet,Success,
T00007867,M00058,2025-12-01 00:20:19,1373.98,Food Delivery,Small,UPI,Success,
T00007868,M00012,2025-03-23 12:15:29,11109.62,SaaS,Medium,Net Banking,Success,
T00007869,M00013,2025-02-24 04:55:26,3268.7,E-commerce,Small,Debit Card,Success,
T00007870,M00098,2025-09-16 17:20:39,14862.4,SaaS,Medium,Credit Card,Success,
T00007871,M00010,2025-07-20 22:44:52,2361.99,Retail,Medium,UPI,Success,
T00007872,M00033,2025-09-05 15:53:58,2908.79,E-commerce,Small,UPI,Success,
T00007873,M00015,2025-07-01 00:43:07,1944.15,E-commerce,Medium,UPI,Success,
T00007874,M00089,2025-04-08 14:30:43,6982.84,Education,Small,UPI,Success,
T00007875,M00087,2025-03-01 13:05:47,2536.04,Media,Small,Wallet,Success,
T00007876,M00066,2025-11-14 22:15:50,1412.09,Education,Large,Net Banking,Success,
T00007877,M00048,2025-11-06 20:55:13,599.08,Food Delivery,Medium,Credit Card,Success,
T00007878,M00087,2025-02-12 12:15:12,1099.42,Media,Small,Wallet,Success,
T00007879,M00074,2025-10-13 19:35:10,1094.43,Gaming,Medium,Credit Card,Success,
T00007880,M00051,2025-07-07 14:50:30,3753.22,Retail,Medium,UPI,Success,
T00007881,M00092,2025-06-17 13:08:42,3113.57,Healthcare,Medium,Debit Card,Success,
T00007882,M00033,2025-03-23 03:44:16,4082.63,E-commerce,Small,UPI,Success,
T00007883,M00017,2025-10-22 04:54:43,12776.02,Professional Services,Small,Credit Card,Success,
T00007884,M00040,2025-05-18 14:13:24,16983.74,Professional Services,Small,Net Banking,Success,
T00007885,M00099,2025-12-05 21:17:14,3923.54,Retail,Small,Wallet,Success,
T00007886,M00094,2025-10-06 05:26:25,10834.44,SaaS,Small,UPI,Success,
T00007887,M00057,2025-04-23 13:28:06,12155.22,Healthcare,Medium,Credit Card,Success,
T00007888,M00003,2025-05-10 12:51:03,3896.73,Education,Small,Credit Card,Success,
T00007889,M00090,2025-11-02 02:25:02,10249.26,Healthcare,Medium,Debit Card,Success,
T00007890,M00092,2025-11-19 03:53:41,2303.74,Healthcare,Medium,Debit Card,Success,
T00007891,M00048,2025-03-08 17:15:25,955.92,Food Delivery,Medium,Credit Card,Success,
T00007892,M00088,2025-11-05 06:08:37,651.0,Food Delivery,Small,UPI,Success,
T00007893,M00015,2025-06-07 02:30:00,2247.68,E-commerce,Medium,UPI,Success,
T00007894,M00094,2025-06-04 12:41:00,10994.88,SaaS,Small,UPI,Success,
T00007895,M00076,2025-09-13 17:18:43,6468.83,Education,Small,Net Banking,Success,
T00007896,M00018,2025-03-26 03:51:02,7329.07,Professional Services,Small,Net Banking,Success,
T00007897,M00067,2025-09-05 15:18:34,696.4,Food Delivery,Medium,Credit Card,Success,
T00007898,M00060,2025-08-16 10:12:30,385.55,Food Delivery,Medium,Debit Card,Success,
T00007899,M00033,2025-08-04 17:09:40,4444.71,E-commerce,Small,UPI,Success,
T00007900,M00084,2025-10-21 04:56:31,485.32,Food Delivery,Small,Net Banking,Success,
T00007901,M00031,2025-03-13 04:57:19,1162.65,Media,Small,Net Banking,Failed,Authentication Failure
T00007902,M00032,2025-03-07 05:53:53,3805.34,Retail,Medium,Credit Card,Success,
T00007903,M00066,2025-04-27 11:02:39,966.73,Education,Large,Net Banking,Success,
T00007904,M00031,2025-10-23 08:10:42,1925.89,Media,Small,Net Banking,Success,
T00007905,M00004,2025-03-12 00:19:56,1922.49,Education,Medium,UPI,Success,
T00007906,M00021,2025-11-04 22:32:24,2407.8,E-commerce,Small,UPI,Success,
T00007907,M00090,2025-12-25 02:12:16,8939.08,Healthcare,Medium,Debit Card,Success,
T00007908,M00063,2025-08-19 16:40:59,6195.95,Healthcare,Small,Credit Card,Success,
T00007909,M00002,2025-01-06 05:18:50,603.6,Retail,Small,UPI,Success,
T00007910,M00095,2025-11-19 21:54:40,422.02,E-commerce,Small,Credit Card,Success,
T00007911,M00062,2025-01-16 10:33:58,5106.04,Retail,Medium,Credit Card,Success,
T00007912,M00011,2025-11-19 17:53:34,9063.4,Education,Small,UPI,Success,
T00007913,M00097,2025-11-18 13:48:37,10249.25,Professional Services,Small,Credit Card,Success,
T00007914,M00033,2025-03-17 10:07:28,1400.66,E-commerce,Small,UPI,Success,
T00007915,M00092,2025-07-05 07:57:26,5392.83,Healthcare,Medium,Debit Card,Success,
T00007916,M00050,2025-03-31 22:39:43,7540.16,SaaS,Small,Wallet,Success,
T00007917,M00053,2025-01-20 09:07:21,4179.8,Education,Small,Net Banking,Success,
T00007918,M00011,2025-05-24 23:30:20,6463.63,Education,Small,UPI,Success,
T00007919,M00029,2025-07-29 05:27:05,3618.18,Retail,Small,Debit Card,Success,
T00007920,M00100,2025-06-30 01:48:51,627.46,E-commerce,Small,UPI,Success,
T00007921,M00080,2025-08-18 20:46:46,873.48,Media,Small,Credit Card,Success,
T00007922,M00024,2025-06-13 01:29:27,1292.01,Gaming,Small,Credit Card,Failed,Payment Timeout
T00007923,M00050,2025-02-25 18:08:01,6869.62,SaaS,Small,Wallet,Success,
T00007924,M00015,2025-04-20 02:59:05,2451.63,E-commerce,Medium,UPI,Success,
T00007925,M00041,2025-12-25 15:21:13,3904.95,E-commerce,Small,Wallet,Success,
T00007926,M00008,2025-07-04 02:00:55,9904.24,Travel,Small,Credit Card,Failed,Bank Decline
T00007927,M00062,2025-06-01 19:39:36,3859.31,Retail,Medium,Credit Card,Success,
T00007928,M00041,2025-05-18 11:24:45,6515.99,E-commerce,Small,Wallet,Success,
T00007929,M00073,2025-08-11 07:33:16,3360.23,SaaS,Small,Net Banking,Success,
T00007930,M00076,2025-06-14 12:47:25,9957.4,Education,Small,Net Banking,Success,
T00007931,M00065,2025-11-17 20:23:28,1283.02,E-commerce,Large,Debit Card,Success,
T00007932,M00023,2025-02-13 05:36:58,7757.51,Healthcare,Small,Net Banking,Success,
T00007933,M00039,2025-12-03 20:15:25,2756.33,Gaming,Small,UPI,Success,
T00007934,M00044,2025-09-07 16:23:38,9940.33,Professional Services,Small,Net Banking,Failed,Payment Timeout
T00007935,M00040,2025-04-11 13:49:26,12226.39,Professional Services,Small,Net Banking,Success,
T00007936,M00054,2025-02-23 06:57:14,1107.31,Media,Small,Credit Card,Success,
T00007937,M00057,2025-10-05 20:09:43,12083.51,Healthcare,Medium,Credit Card,Success,
T00007938,M00090,2025-04-22 17:36:32,10780.83,Healthcare,Medium,Debit Card,Success,
T00007939,M00051,2025-10-18 19:56:06,4050.84,Retail,Medium,UPI,Success,
T00007940,M00036,2025-12-14 11:45:52,1013.07,Food Delivery,Medium,UPI,Success,
T00007941,M00011,2025-05-21 14:11:55,5101.45,Education,Small,UPI,Success,
T00007942,M00055,2025-01-13 06:57:46,13725.95,SaaS,Medium,Net Banking,Success,
T00007943,M00038,2025-09-26 23:00:05,3403.94,Education,Small,Debit Card,Success,
T00007944,M00079,2025-08-31 05:04:43,287.06,Food Delivery,Large,Credit Card,Failed,Network Error
T00007945,M00012,2025-12-08 18:11:23,9615.36,SaaS,Medium,Net Banking,Success,
T00007946,M00007,2025-05-13 02:42:56,3103.21,Gaming,Small,Net Banking,Success,
T00007947,M00023,2025-08-02 18:50:10,94.18,Healthcare,Small,Net Banking,Success,
T00007948,M00070,2025-07-12 00:16:29,1567.39,Food Delivery,Large,Debit Card,Success,
T00007949,M00058,2025-08-08 06:45:03,1536.6,Food Delivery,Small,UPI,Success,
T00007950,M00062,2025-12-09 14:44:41,5249.92,Retail,Medium,Credit Card,Success,
T00007951,M00069,2025-08-06 14:57:05,6937.02,Education,Small,Credit Card,Success,
T00007952,M00078,2025-01-31 04:51:48,16389.65,SaaS,Medium,Net Banking,Success,
T00007953,M00034,2025-03-07 07:54:28,1592.07,Gaming,Medium,Debit Card,Success,
T00007954,M00056,2025-11-06 04:28:29,6260.6,E-commerce,Large,Credit Card,Success,
T00007955,M00034,2025-11-16 23:26:30,1244.76,Gaming,Medium,Debit Card,Success,
T00007956,M00070,2025-01-05 04:28:45,1303.42,Food Delivery,Large,Debit Card,Success,
T00007957,M00018,2025-12-06 11:38:08,7264.7,Professional Services,Small,Net Banking,Success,
T00007958,M00038,2025-05-27 23:52:43,4365.6,Education,Small,Debit Card,Success,
T00007959,M00029,2025-02-23 03:12:45,2715.26,Retail,Small,Debit Card,Success,
T00007960,M00032,2025-07-01 14:26:44,3176.47,Retail,Medium,Credit Card,Success,
T00007961,M00082,2025-07-20 06:50:14,3690.11,Education,Large,Debit Card,Success,
T00007962,M00002,2025-01-05 16:40:03,1096.28,Retail,Small,UPI,Failed,Insufficient Funds
T00007963,M00059,2025-08-20 07:34:54,662.14,Retail,Medium,UPI,Success,
T00007964,M00020,2025-12-10 22:43:45,11029.68,Healthcare,Small,Net Banking,Success,
T00007965,M00093,2025-10-16 03:10:54,8317.99,SaaS,Small,Net Banking,Success,
T00007966,M00062,2025-04-19 04:03:39,3977.79,Retail,Medium,Credit Card,Success,
T00007967,M00098,2025-10-31 00:16:10,11323.42,SaaS,Medium,Credit Card,Success,
T00007968,M00087,2025-08-14 20:26:55,1826.85,Media,Small,Wallet,Success,
T00007969,M00049,2025-07-05 05:32:53,1114.97,Retail,Medium,Wallet,Success,
T00007970,M00004,2025-04-29 08:14:24,1985.97,Education,Medium,UPI,Success,
T00007971,M00059,2025-09-09 11:32:30,550.81,Retail,Medium,UPI,Success,
T00007972,M00099,2025-06-26 22:35:58,2684.01,Retail,Small,Wallet,Success,
T00007973,M00045,2025-12-19 01:27:54,1956.12,Media,Small,Wallet,Success,
T00007974,M00025,2025-06-03 20:39:31,1082.07,Food Delivery,Small,UPI,Success,
T00007975,M00081,2025-02-01 23:35:54,293.14,Media,Small,UPI,Success,
T00007976,M00094,2025-11-29 11:47:41,10637.36,SaaS,Small,UPI,Success,
T00007977,M00076,2025-06-11 10:01:29,7578.2,Education,Small,Net Banking,Success,
T00007978,M00086,2025-09-21 20:48:28,1479.62,Food Delivery,Large,UPI,Success,
T00007979,M00003,2025-10-21 05:16:52,4304.49,Education,Small,Credit Card,Success,
T00007980,M00058,2025-10-31 18:09:09,1935.06,Food Delivery,Small,UPI,Success,
T00007981,M00037,2025-09-13 23:27:29,6261.57,Education,Medium,UPI,Success,
T00007982,M00041,2025-11-14 02:06:42,6425.5,E-commerce,Small,Wallet,Success,
T00007983,M00098,2025-08-25 11:37:38,4289.12,SaaS,Medium,Credit Card,Success,
T00007984,M00065,2025-07-04 14:50:36,1047.65,E-commerce,Large,Debit Card,Success,
T00007985,M00007,2025-03-06 19:58:01,2577.84,Gaming,Small,Net Banking,Success,
T00007986,M00057,2025-04-30 15:22:40,9195.08,Healthcare,Medium,Credit Card,Success,
T00007987,M00037,2025-09-28 21:12:40,3238.98,Education,Medium,UPI,Success,
T00007988,M00093,2025-01-08 22:27:26,8235.84,SaaS,Small,Net Banking,Success,
T00007989,M00015,2025-04-02 17:25:50,1490.48,E-commerce,Medium,UPI,Success,
T00007990,M00001,2025-05-12 01:21:49,526.22,Food Delivery,Small,UPI,Success,
T00007991,M00088,2025-03-30 12:07:20,621.08,Food Delivery,Small,UPI,Success,
T00007992,M00021,2025-08-18 23:08:45,1846.63,E-commerce,Small,UPI,Success,
T00007993,M00076,2025-03-24 01:13:00,10280.54,Education,Small,Net Banking,Success,
T00007994,M00058,2025-03-23 22:34:21,1485.05,Food Delivery,Small,UPI,Success,
T00007995,M00018,2025-06-07 02:41:36,3855.89,Professional Services,Small,Net Banking,Success,
T00007996,M00054,2025-08-01 19:40:15,1074.42,Media,Small,Credit Card,Success,
T00007997,M00037,2025-03-13 02:01:22,7017.2,Education,Medium,UPI,Success,
T00007998,M00039,2025-07-04 14:48:54,1356.64,Gaming,Small,UPI,Success,
T00007999,M00062,2025-09-07 11:21:03,4149.43,Retail,Medium,Credit Card,Success,
T00008000,M00003,2025-07-18 19:15:38,4646.61,Education,Small,Credit Card,Success,
T00008001,M00045,2025-09-09 06:52:31,1881.16,Media,Small,Wallet,Success,
T00008002,M00067,2025-05-08 23:04:22,511.03,Food Delivery,Medium,Credit Card,Success,
T00008003,M00060,2025-11-10 22:15:27,671.43,Food Delivery,Medium,Debit Card,Success,
T00008004,M00048,2025-08-11 09:24:07,558.95,Food Delivery,Medium,Credit Card,Success,
T00008005,M00048,2025-04-29 07:49:21,699.51,Food Delivery,Medium,Credit Card,Success,
T00008006,M00054,2025-08-28 23:24:25,818.25,Media,Small,Credit Card,Success,
T00008007,M00005,2025-07-15 14:57:51,26011.76,Travel,Small,Net Banking,Success,
T00008008,M00072,2025-11-24 17:06:31,98.48,Media,Small,Credit Card,Success,
T00008009,M00024,2025-09-05 15:36:45,796.14,Gaming,Small,Credit Card,Success,
T00008010,M00005,2025-04-28 13:12:46,26605.27,Travel,Small,Net Banking,Success,
T00008011,M00016,2025-02-23 23:33:49,1237.44,Retail,Medium,Debit Card,Success,
T00008012,M00074,2025-09-09 14:58:28,628.31,Gaming,Medium,Credit Card,Success,
T00008013,M00053,2025-06-14 02:48:01,4424.86,Education,Small,Net Banking,Success,
T00008014,M00099,2025-06-05 21:59:49,2088.69,Retail,Small,Wallet,Success,
T00008015,M00047,2025-06-21 23:01:35,2169.38,Healthcare,Medium,UPI,Success,
T00008016,M00032,2025-01-24 18:21:11,2814.03,Retail,Medium,Credit Card,Success,
T00008017,M00005,2025-06-06 04:57:14,25988.0,Travel,Small,Net Banking,Failed,Insufficient Funds
T00008018,M00044,2025-07-04 07:16:51,9230.67,Professional Services,Small,Net Banking,Success,
T00008019,M00032,2025-11-11 09:52:28,2228.53,Retail,Medium,Credit Card,Success,
T00008020,M00074,2025-11-22 22:53:36,963.65,Gaming,Medium,Credit Card,Success,
T00008021,M00092,2025-09-19 07:55:08,6846.19,Healthcare,Medium,Debit Card,Failed,Authentication Failure
T00008022,M00032,2025-02-16 14:27:45,2621.67,Retail,Medium,Credit Card,Success,
T00008023,M00029,2025-06-12 14:22:34,3161.05,Retail,Small,Debit Card,Success,
T00008024,M00070,2025-10-28 01:17:37,289.62,Food Delivery,Large,Debit Card,Success,
T00008025,M00065,2025-06-30 01:32:11,2135.75,E-commerce,Large,Debit Card,Success,
T00008026,M00049,2025-07-27 08:14:51,1827.0,Retail,Medium,Wallet,Success,
T00008027,M00096,2025-11-19 12:26:03,1562.92,Gaming,Small,UPI,Success,
T00008028,M00058,2025-04-24 09:02:51,1710.16,Food Delivery,Small,UPI,Success,
T00008029,M00077,2025-03-22 02:21:35,7026.84,Professional Services,Medium,Credit Card,Success,
T00008030,M00037,2025-09-16 05:01:24,4388.02,Education,Medium,UPI,Success,
T00008031,M00035,2025-12-10 10:03:18,2752.01,Retail,Small,UPI,Failed,Network Error
T00008032,M00094,2025-09-24 20:07:23,14761.37,SaaS,Small,UPI,Failed,Payment Timeout
T00008033,M00032,2025-09-26 20:58:25,3312.77,Retail,Medium,Credit Card,Success,
T00008034,M00036,2025-08-26 02:13:59,885.58,Food Delivery,Medium,UPI,Failed,Authentication Failure
T00008035,M00082,2025-01-11 09:38:43,9089.48,Education,Large,Debit Card,Success,
T00008036,M00015,2025-05-13 00:49:48,2182.75,E-commerce,Medium,UPI,Success,
T00008037,M00028,2025-06-20 13:32:24,2599.11,E-commerce,Small,UPI,Failed,Payment Timeout
T00008038,M00052,2025-03-05 01:44:03,31276.35,Travel,Medium,Credit Card,Failed,Network Error
T00008039,M00064,2025-04-01 02:23:56,5217.0,Professional Services,Large,Net Banking,Success,
T00008040,M00064,2025-09-13 19:25:33,6765.2,Professional Services,Large,Net Banking,Success,
T00008041,M00030,2025-11-12 05:48:26,2992.97,E-commerce,Small,UPI,Success,
T00008042,M00089,2025-09-21 10:09:47,8162.35,Education,Small,UPI,Success,
T00008043,M00046,2025-01-30 06:15:48,8786.85,Professional Services,Small,Net Banking,Success,
T00008044,M00007,2025-07-14 22:57:35,3191.75,Gaming,Small,Net Banking,Success,
T00008045,M00029,2025-01-03 04:00:46,3197.9,Retail,Small,Debit Card,Success,
T00008046,M00018,2025-09-15 14:37:29,9616.34,Professional Services,Small,Net Banking,Success,
T00008047,M00092,2025-02-14 05:36:15,3352.66,Healthcare,Medium,Debit Card,Success,
T00008048,M00047,2025-10-21 10:45:04,2279.48,Healthcare,Medium,UPI,Success,
T00008049,M00041,2025-12-24 17:38:01,5694.59,E-commerce,Small,Wallet,Success,
T00008050,M00070,2025-12-09 17:21:00,1241.46,Food Delivery,Large,Debit Card,Success,
T00008051,M00078,2025-12-24 16:25:02,12715.5,SaaS,Medium,Net Banking,Success,
T00008052,M00023,2025-07-18 10:53:09,6029.83,Healthcare,Small,Net Banking,Success,
T00008053,M00001,2025-01-01 13:43:35,420.2,Food Delivery,Small,UPI,Success,
T00008054,M00063,2025-07-04 20:12:45,6529.13,Healthcare,Small,Credit Card,Success,
T00008055,M00016,2025-08-21 15:48:10,1326.39,Retail,Medium,Debit Card,Success,
T00008056,M00090,2025-06-23 07:30:20,8869.18,Healthcare,Medium,Debit Card,Success,
T00008057,M00050,2025-03-21 01:34:09,16965.05,SaaS,Small,Wallet,Success,
T00008058,M00007,2025-09-06 19:01:43,3199.65,Gaming,Small,Net Banking,Success,
T00008059,M00026,2025-11-30 14:29:13,2037.08,Retail,Medium,Credit Card,Success,
T00008060,M00096,2025-03-06 07:32:41,1825.78,Gaming,Small,UPI,Success,
T00008061,M00077,2025-06-11 00:31:48,4477.57,Professional Services,Medium,Credit Card,Success,
T00008062,M00052,2025-11-20 11:24:37,21345.5,Travel,Medium,Credit Card,Success,
T00008063,M00057,2025-07-24 12:03:23,6558.76,Healthcare,Medium,Credit Card,Success,
T00008064,M00053,2025-01-08 11:20:05,6942.45,Education,Small,Net Banking,Success,
T00008065,M00072,2025-07-20 12:38:20,526.8,Media,Small,Credit Card,Success,
T00008066,M00034,2025-08-08 09:41:12,1482.7,Gaming,Medium,Debit Card,Success,
T00008067,M00015,2025-09-09 05:02:25,1694.62,E-commerce,Medium,UPI,Success,
T00008068,M00013,2025-07-29 15:38:40,2548.63,E-commerce,Small,Debit Card,Success,
T00008069,M00083,2025-12-30 22:01:29,1380.72,Retail,Small,Debit Card,Success,
T00008070,M00035,2025-12-14 07:54:40,1757.79,Retail,Small,UPI,Success,
T00008071,M00048,2025-02-12 18:56:23,880.58,Food Delivery,Medium,Credit Card,Success,
T00008072,M00050,2025-01-07 00:59:32,15576.77,SaaS,Small,Wallet,Success,
T00008073,M00031,2025-07-25 23:32:06,1776.8,Media,Small,Net Banking,Success,
T00008074,M00029,2025-06-27 04:55:34,4270.88,Retail,Small,Debit Card,Success,
T00008075,M00041,2025-10-22 03:34:21,5898.22,E-commerce,Small,Wallet,Success,
T00008076,M00041,2025-09-19 04:19:13,410.16,E-commerce,Small,Wallet,Success,
T00008077,M00046,2025-04-13 17:54:07,13274.22,Professional Services,Small,Net Banking,Success,
T00008078,M00064,2025-05-29 03:41:58,9441.59,Professional Services,Large,Net Banking,Success,
T00008079,M00038,2025-03-13 09:53:23,2668.48,Education,Small,Debit Card,Success,
T00008080,M00093,2025-11-15 23:15:34,5592.96,SaaS,Small,Net Banking,Success,
T00008081,M00066,2025-12-16 12:31:02,1793.77,Education,Large,Net Banking,Success,
T00008082,M00096,2025-04-25 15:47:25,1716.9,Gaming,Small,UPI,Success,
T00008083,M00092,2025-12-28 08:23:20,3800.9,Healthcare,Medium,Debit Card,Success,
T00008084,M00090,2025-05-26 05:19:36,7316.85,Healthcare,Medium,Debit Card,Success,
T00008085,M00011,2025-08-20 17:22:28,8348.65,Education,Small,UPI,Success,
T00008086,M00006,2025-03-28 12:54:57,3379.37,Retail,Small,UPI,Success,
T00008087,M00069,2025-04-07 13:31:48,9116.5,Education,Small,Credit Card,Success,
T00008088,M00056,2025-06-25 06:52:45,5031.2,E-commerce,Large,Credit Card,Success,
T00008089,M00083,2025-11-14 01:02:56,1720.72,Retail,Small,Debit Card,Success,
T00008090,M00048,2025-09-10 01:21:11,723.57,Food Delivery,Medium,Credit Card,Success,
T00008091,M00024,2025-01-01 07:10:08,1097.15,Gaming,Small,Credit Card,Success,
T00008092,M00097,2025-05-04 14:15:32,9967.83,Professional Services,Small,Credit Card,Success,
T00008093,M00052,2025-10-25 00:57:58,29619.24,Travel,Medium,Credit Card,Success,
T00008094,M00050,2025-03-28 08:02:27,10045.32,SaaS,Small,Wallet,Success,
T00008095,M00068,2025-06-15 00:29:17,1457.42,Retail,Medium,Debit Card,Success,
T00008096,M00031,2025-11-13 13:46:20,2573.93,Media,Small,Net Banking,Success,
T00008097,M00005,2025-05-23 14:42:28,26279.49,Travel,Small,Net Banking,Success,
T00008098,M00009,2025-04-05 09:35:28,616.89,Gaming,Small,Credit Card,Success,
T00008099,M00026,2025-11-18 04:50:32,1451.96,Retail,Medium,Credit Card,Success,
T00008100,M00064,2025-08-01 08:23:58,3533.07,Professional Services,Large,Net Banking,Success,
T00008101,M00003,2025-05-17 19:28:13,5281.43,Education,Small,Credit Card,Failed,Bank Decline
T00008102,M00085,2025-07-21 01:58:23,299.02,Gaming,Medium,Wallet,Success,
T00008103,M00086,2025-10-04 15:07:08,971.9,Food Delivery,Large,UPI,Success,
T00008104,M00057,2025-02-19 09:20:21,10856.74,Healthcare,Medium,Credit Card,Success,
T00008105,M00050,2025-01-15 22:17:24,7205.2,SaaS,Small,Wallet,Success,
T00008106,M00086,2025-08-31 16:45:51,1546.86,Food Delivery,Large,UPI,Failed,Authentication Failure
T00008107,M00095,2025-04-21 04:18:40,499.18,E-commerce,Small,Credit Card,Success,
T00008108,M00068,2025-08-09 04:20:05,1365.06,Retail,Medium,Debit Card,Success,
T00008109,M00014,2025-12-20 22:35:37,4966.88,E-commerce,Large,Credit Card,Success,
T00008110,M00060,2025-10-18 16:28:35,383.31,Food Delivery,Medium,Debit Card,Success,
T00008111,M00015,2025-04-10 15:25:37,2534.72,E-commerce,Medium,UPI,Success,
T00008112,M00076,2025-06-09 12:16:17,10256.97,Education,Small,Net Banking,Success,
T00008113,M00056,2025-02-20 00:36:15,6457.3,E-commerce,Large,Credit Card,Success,
T00008114,M00032,2025-06-26 04:50:10,2723.9,Retail,Medium,Credit Card,Failed,Payment Timeout
T00008115,M00073,2025-08-15 13:44:46,3321.02,SaaS,Small,Net Banking,Success,
T00008116,M00071,2025-08-26 00:09:17,2915.35,Retail,Small,Debit Card,Failed,Payment Timeout
T00008117,M00007,2025-09-13 06:31:11,3467.67,Gaming,Small,Net Banking,Success,
T00008118,M00033,2025-11-04 05:49:27,2577.0,E-commerce,Small,UPI,Success,
T00008119,M00055,2025-08-01 21:14:11,13168.56,SaaS,Medium,Net Banking,Success,
T00008120,M00075,2025-07-05 10:14:33,742.95,E-commerce,Small,Wallet,Success,
T00008121,M00059,2025-06-05 06:34:00,558.58,Retail,Medium,UPI,Success,
T00008122,M00022,2025-08-26 06:08:27,366.81,Food Delivery,Small,Wallet,Success,
T00008123,M00084,2025-12-22 21:08:11,421.96,Food Delivery,Small,Net Banking,Success,
T00008124,M00036,2025-04-09 22:58:22,820.25,Food Delivery,Medium,UPI,Success,
T00008125,M00005,2025-01-19 23:22:06,10169.25,Travel,Small,Net Banking,Success,
T00008126,M00015,2025-08-25 03:03:06,2022.76,E-commerce,Medium,UPI,Success,
T00008127,M00083,2025-02-07 03:28:55,1273.62,Retail,Small,Debit Card,Success,
T00008128,M00098,2025-10-24 21:03:29,16141.16,SaaS,Medium,Credit Card,Success,
T00008129,M00094,2025-03-02 02:26:53,15179.28,SaaS,Small,UPI,Success,
T00008130,M00023,2025-12-15 06:49:36,7085.35,Healthcare,Small,Net Banking,Success,
T00008131,M00073,2025-04-26 12:48:56,7112.99,SaaS,Small,Net Banking,Success,
T00008132,M00032,2025-12-28 03:43:38,3348.29,Retail,Medium,Credit Card,Success,
T00008133,M00094,2025-11-23 06:04:25,7344.83,SaaS,Small,UPI,Success,
T00008134,M00065,2025-11-04 17:47:28,1007.09,E-commerce,Large,Debit Card,Success,
T00008135,M00093,2025-09-11 05:40:12,4884.05,SaaS,Small,Net Banking,Success,
T00008136,M00055,2025-10-11 22:14:42,6580.92,SaaS,Medium,Net Banking,Failed,Insufficient Funds
T00008137,M00029,2025-03-26 13:21:51,4032.2,Retail,Small,Debit Card,Success,
T00008138,M00042,2025-08-12 06:33:58,10401.89,Healthcare,Small,Debit Card,Success,
T00008139,M00015,2025-03-01 03:35:32,3259.3,E-commerce,Medium,UPI,Success,
T00008140,M00088,2025-01-13 21:11:08,452.44,Food Delivery,Small,UPI,Success,
T00008141,M00018,2025-07-29 18:31:38,6095.67,Professional Services,Small,Net Banking,Success,
T00008142,M00042,2025-04-26 09:23:02,10937.06,Healthcare,Small,Debit Card,Success,
T00008143,M00079,2025-11-02 05:09:32,180.96,Food Delivery,Large,Credit Card,Success,
T00008144,M00005,2025-01-05 09:51:01,15048.4,Travel,Small,Net Banking,Success,
T00008145,M00027,2025-10-03 12:16:57,1497.59,E-commerce,Large,Credit Card,Success,
T00008146,M00074,2025-05-11 19:31:00,972.98,Gaming,Medium,Credit Card,Success,
T00008147,M00077,2025-01-13 00:45:24,5254.2,Professional Services,Medium,Credit Card,Success,
T00008148,M00047,2025-08-25 08:51:14,1429.82,Healthcare,Medium,UPI,Success,
T00008149,M00014,2025-02-09 17:33:02,3246.88,E-commerce,Large,Credit Card,Success,
T00008150,M00073,2025-06-05 14:35:48,3323.25,SaaS,Small,Net Banking,Success,
T00008151,M00090,2025-08-09 17:43:56,14127.82,Healthcare,Medium,Debit Card,Success,
T00008152,M00056,2025-11-14 01:54:23,3909.12,E-commerce,Large,Credit Card,Success,
T00008153,M00099,2025-11-29 22:40:32,3168.98,Retail,Small,Wallet,Success,
T00008154,M00012,2025-02-03 01:53:20,13609.18,SaaS,Medium,Net Banking,Success,
T00008155,M00077,2025-05-22 13:20:34,7774.5,Professional Services,Medium,Credit Card,Success,
T00008156,M00064,2025-06-08 15:24:49,13314.65,Professional Services,Large,Net Banking,Success,
T00008157,M00078,2025-12-30 16:19:17,8041.55,SaaS,Medium,Net Banking,Failed,Bank Decline
T00008158,M00034,2025-10-22 06:14:07,1414.59,Gaming,Medium,Debit Card,Success,
T00008159,M00095,2025-12-22 11:41:53,528.76,E-commerce,Small,Credit Card,Success,
T00008160,M00029,2025-11-25 19:07:08,953.62,Retail,Small,Debit Card,Success,
T00008161,M00051,2025-04-07 06:40:39,4090.54,Retail,Medium,UPI,Success,
T00008162,M00071,2025-10-04 01:20:03,1985.69,Retail,Small,Debit Card,Success,
T00008163,M00039,2025-03-29 14:10:10,2815.37,Gaming,Small,UPI,Success,
T00008164,M00085,2025-08-29 06:26:54,373.22,Gaming,Medium,Wallet,Success,
T00008165,M00096,2025-06-07 04:06:59,1841.95,Gaming,Small,UPI,Success,
T00008166,M00093,2025-03-18 07:02:24,7480.74,SaaS,Small,Net Banking,Success,
T00008167,M00093,2025-01-29 10:58:07,1439.09,SaaS,Small,Net Banking,Success,
T00008168,M00069,2025-06-12 17:46:13,6731.43,Education,Small,Credit Card,Success,
T00008169,M00098,2025-08-12 12:58:08,12028.94,SaaS,Medium,Credit Card,Success,
T00008170,M00092,2025-09-27 21:57:38,3581.22,Healthcare,Medium,Debit Card,Success,
T00008171,M00036,2025-08-30 13:35:17,847.75,Food Delivery,Medium,UPI,Success,
T00008172,M00049,2025-08-18 10:31:38,871.57,Retail,Medium,Wallet,Success,
T00008173,M00001,2025-07-08 01:48:35,425.62,Food Delivery,Small,UPI,Success,
T00008174,M00089,2025-10-12 04:31:11,10135.89,Education,Small,UPI,Success,
T00008175,M00021,2025-04-25 03:33:46,3101.81,E-commerce,Small,UPI,Success,
T00008176,M00071,2025-04-22 07:24:34,2088.86,Retail,Small,Debit Card,Success,
T00008177,M00038,2025-01-01 00:47:46,3423.46,Education,Small,Debit Card,Success,
T00008178,M00027,2025-10-19 04:34:18,1045.7,E-commerce,Large,Credit Card,Failed,Authentication Failure
T00008179,M00086,2025-12-03 07:43:04,1296.82,Food Delivery,Large,UPI,Failed,Insufficient Funds
T00008180,M00073,2025-09-26 16:18:22,4582.23,SaaS,Small,Net Banking,Success,
T00008181,M00093,2025-06-10 14:27:41,5487.28,SaaS,Small,Net Banking,Success,
T00008182,M00082,2025-11-02 10:02:11,9500.03,Education,Large,Debit Card,Success,
T00008183,M00035,2025-01-14 05:59:03,2777.64,Retail,Small,UPI,Success,
T00008184,M00098,2025-05-19 18:05:25,11096.37,SaaS,Medium,Credit Card,Success,
T00008185,M00077,2025-09-27 22:34:57,7873.85,Professional Services,Medium,Credit Card,Success,
T00008186,M00006,2025-08-19 07:59:41,4787.07,Retail,Small,UPI,Success,
T00008187,M00062,2025-04-15 01:47:49,3754.29,Retail,Medium,Credit Card,Success,
T00008188,M00070,2025-08-23 23:10:53,1313.86,Food Delivery,Large,Debit Card,Success,
T00008189,M00048,2025-08-05 20:08:48,834.1,Food Delivery,Medium,Credit Card,Success,
T00008190,M00038,2025-07-31 12:07:26,2109.77,Education,Small,Debit Card,Success,
T00008191,M00038,2025-10-11 02:01:28,3178.28,Education,Small,Debit Card,Success,
T00008192,M00026,2025-06-25 11:56:10,1518.42,Retail,Medium,Credit Card,Success,
T00008193,M00100,2025-10-06 23:09:52,771.01,E-commerce,Small,UPI,Success,
T00008194,M00097,2025-08-22 21:37:54,5205.43,Professional Services,Small,Credit Card,Success,
T00008195,M00090,2025-12-25 00:02:11,6053.46,Healthcare,Medium,Debit Card,Success,
T00008196,M00032,2025-01-02 01:05:56,3353.72,Retail,Medium,Credit Card,Success,
T00008197,M00081,2025-01-05 09:23:50,197.81,Media,Small,UPI,Success,
T00008198,M00023,2025-10-06 09:17:18,4815.37,Healthcare,Small,Net Banking,Success,
T00008199,M00003,2025-12-13 17:23:29,3558.53,Education,Small,Credit Card,Failed,Bank Decline
T00008200,M00089,2025-08-23 15:37:02,10397.49,Education,Small,UPI,Success,
T00008201,M00044,2025-10-04 10:51:36,12460.68,Professional Services,Small,Net Banking,Success,
T00008202,M00024,2025-01-10 08:56:30,775.12,Gaming,Small,Credit Card,Success,
T00008203,M00029,2025-08-17 13:50:09,2543.31,Retail,Small,Debit Card,Success,
T00008204,M00056,2025-10-14 18:31:56,6627.08,E-commerce,Large,Credit Card,Success,
T00008205,M00036,2025-04-03 15:25:22,288.87,Food Delivery,Medium,UPI,Success,
T00008206,M00005,2025-06-05 02:07:13,23730.76,Travel,Small,Net Banking,Success,
T00008207,M00059,2025-04-19 05:41:00,554.72,Retail,Medium,UPI,Success,
T00008208,M00065,2025-06-22 17:59:09,1007.83,E-commerce,Large,Debit Card,Success,
T00008209,M00098,2025-01-05 20:01:11,13681.6,SaaS,Medium,Credit Card,Success,
T00008210,M00043,2025-05-12 05:53:10,6420.63,Professional Services,Small,Wallet,Success,
T00008211,M00078,2025-12-17 00:40:58,8638.79,SaaS,Medium,Net Banking,Success,
T00008212,M00062,2025-03-22 06:05:09,5572.61,Retail,Medium,Credit Card,Success,
T00008213,M00035,2025-10-08 13:01:19,1987.5,Retail,Small,UPI,Success,
T00008214,M00080,2025-01-22 13:14:21,1171.2,Media,Small,Credit Card,Success,
T00008215,M00100,2025-08-23 22:05:22,882.66,E-commerce,Small,UPI,Success,
T00008216,M00008,2025-07-15 09:34:54,13560.75,Travel,Small,Credit Card,Success,
T00008217,M00070,2025-12-16 12:37:59,1685.16,Food Delivery,Large,Debit Card,Success,
T00008218,M00079,2025-01-17 12:47:42,275.0,Food Delivery,Large,Credit Card,Success,
T00008219,M00084,2025-08-24 00:07:08,52.34,Food Delivery,Small,Net Banking,Success,
T00008220,M00003,2025-03-07 07:37:19,2751.23,Education,Small,Credit Card,Success,
T00008221,M00070,2025-09-21 21:23:18,1036.38,Food Delivery,Large,Debit Card,Success,
T00008222,M00087,2025-07-30 01:06:01,1135.44,Media,Small,Wallet,Success,
T00008223,M00066,2025-11-16 08:37:19,1177.75,Education,Large,Net Banking,Success,
T00008224,M00091,2025-03-28 08:31:31,7107.96,Professional Services,Small,Net Banking,Success,
T00008225,M00034,2025-03-19 13:15:56,1091.49,Gaming,Medium,Debit Card,Success,
T00008226,M00075,2025-05-28 00:32:59,236.53,E-commerce,Small,Wallet,Success,
T00008227,M00082,2025-05-11 05:05:23,4070.84,Education,Large,Debit Card,Success,
T00008228,M00039,2025-05-14 04:09:17,1798.34,Gaming,Small,UPI,Success,
T00008229,M00083,2025-06-05 02:07:30,1612.67,Retail,Small,Debit Card,Success,
T00008230,M00027,2025-09-12 20:12:23,2292.78,E-commerce,Large,Credit Card,Success,
T00008231,M00079,2025-04-25 16:06:10,361.5,Food Delivery,Large,Credit Card,Success,
T00008232,M00045,2025-03-03 17:21:20,2518.77,Media,Small,Wallet,Success,
T00008233,M00083,2025-05-02 18:23:58,1728.0,Retail,Small,Debit Card,Success,
T00008234,M00078,2025-07-04 21:05:46,21506.21,SaaS,Medium,Net Banking,Success,
T00008235,M00054,2025-04-16 21:09:33,824.82,Media,Small,Credit Card,Success,
T00008236,M00056,2025-09-29 03:55:06,5829.77,E-commerce,Large,Credit Card,Failed,Insufficient Funds
T00008237,M00046,2025-12-02 08:48:21,5256.32,Professional Services,Small,Net Banking,Success,
T00008238,M00089,2025-12-23 17:21:22,6754.89,Education,Small,UPI,Success,
T00008239,M00057,2025-03-18 09:14:57,14178.98,Healthcare,Medium,Credit Card,Success,
T00008240,M00014,2025-10-17 16:16:18,4840.01,E-commerce,Large,Credit Card,Success,
T00008241,M00050,2025-08-28 20:19:27,6767.55,SaaS,Small,Wallet,Success,
T00008242,M00078,2025-06-13 14:05:50,10301.71,SaaS,Medium,Net Banking,Success,
T00008243,M00014,2025-07-08 17:04:48,5261.48,E-commerce,Large,Credit Card,Success,
T00008244,M00095,2025-06-08 05:39:51,5.8,E-commerce,Small,Credit Card,Success,
T00008245,M00008,2025-05-07 21:13:18,12297.6,Travel,Small,Credit Card,Success,
T00008246,M00023,2025-05-22 02:13:15,4496.98,Healthcare,Small,Net Banking,Success,
T00008247,M00100,2025-01-06 06:50:56,839.72,E-commerce,Small,UPI,Success,
T00008248,M00083,2025-04-27 23:27:05,1927.7,Retail,Small,Debit Card,Success,
T00008249,M00056,2025-05-26 05:39:20,3051.17,E-commerce,Large,Credit Card,Success,
T00008250,M00021,2025-03-25 22:01:42,2776.1,E-commerce,Small,UPI,Success,
T00008251,M00003,2025-07-20 18:11:53,3237.9,Education,Small,Credit Card,Success,
T00008252,M00015,2025-06-02 18:28:51,2563.72,E-commerce,Medium,UPI,Success,
T00008253,M00015,2025-06-03 21:05:59,1654.33,E-commerce,Medium,UPI,Success,
T00008254,M00051,2025-01-18 02:15:58,4557.92,Retail,Medium,UPI,Success,
T00008255,M00071,2025-07-26 04:21:49,2893.17,Retail,Small,Debit Card,Success,
T00008256,M00023,2025-04-14 07:07:51,6605.16,Healthcare,Small,Net Banking,Success,
T00008257,M00054,2025-08-31 06:39:01,836.89,Media,Small,Credit Card,Success,
T00008258,M00040,2025-08-16 19:53:47,12037.06,Professional Services,Small,Net Banking,Success,
T00008259,M00014,2025-02-15 22:18:55,4307.02,E-commerce,Large,Credit Card,Success,
T00008260,M00074,2025-09-06 04:47:34,1051.53,Gaming,Medium,Credit Card,Success,
T00008261,M00091,2025-05-22 16:31:20,21764.92,Professional Services,Small,Net Banking,Success,
T00008262,M00078,2025-09-25 09:50:25,17123.65,SaaS,Medium,Net Banking,Success,
T00008263,M00045,2025-06-28 16:08:41,2612.87,Media,Small,Wallet,Success,
T00008264,M00029,2025-05-23 09:35:39,2508.61,Retail,Small,Debit Card,Success,
T00008265,M00080,2025-02-13 12:58:38,396.81,Media,Small,Credit Card,Failed,Insufficient Funds
T00008266,M00038,2025-01-20 05:44:12,2403.24,Education,Small,Debit Card,Success,
T00008267,M00045,2025-07-27 04:04:42,2196.02,Media,Small,Wallet,Failed,Network Error
T00008268,M00069,2025-12-23 05:13:00,7058.78,Education,Small,Credit Card,Success,
T00008269,M00017,2025-07-11 11:03:43,15048.8,Professional Services,Small,Credit Card,Success,
T00008270,M00043,2025-04-17 03:50:49,4348.92,Professional Services,Small,Wallet,Failed,Payment Timeout
T00008271,M00096,2025-02-23 05:30:44,2108.96,Gaming,Small,UPI,Success,
T00008272,M00079,2025-08-23 22:46:29,250.98,Food Delivery,Large,Credit Card,Success,
T00008273,M00001,2025-04-21 19:18:45,454.38,Food Delivery,Small,UPI,Success,
T00008274,M00091,2025-08-05 11:41:53,15471.83,Professional Services,Small,Net Banking,Success,
T00008275,M00017,2025-08-06 21:27:23,13652.41,Professional Services,Small,Credit Card,Success,
T00008276,M00055,2025-09-02 09:02:22,16538.15,SaaS,Medium,Net Banking,Success,
T00008277,M00061,2025-03-24 02:01:50,7084.63,SaaS,Medium,UPI,Success,
T00008278,M00057,2025-05-09 05:25:10,15386.12,Healthcare,Medium,Credit Card,Success,
T00008279,M00056,2025-06-07 17:32:25,5420.68,E-commerce,Large,Credit Card,Success,
T00008280,M00055,2025-05-25 01:55:15,15113.99,SaaS,Medium,Net Banking,Success,
T00008281,M00081,2025-07-11 14:06:28,397.93,Media,Small,UPI,Success,
T00008282,M00091,2025-05-28 12:47:44,15996.53,Professional Services,Small,Net Banking,Success,
T00008283,M00007,2025-11-12 04:49:29,1599.01,Gaming,Small,Net Banking,Success,
T00008284,M00027,2025-05-01 05:39:08,2068.39,E-commerce,Large,Credit Card,Success,
T00008285,M00059,2025-01-12 20:07:31,620.91,Retail,Medium,UPI,Success,
T00008286,M00047,2025-03-01 21:50:19,1813.47,Healthcare,Medium,UPI,Success,
T00008287,M00054,2025-12-17 05:21:46,1026.66,Media,Small,Credit Card,Success,
T00008288,M00088,2025-11-07 14:27:42,664.33,Food Delivery,Small,UPI,Failed,Network Error
T00008289,M00050,2025-07-15 17:19:15,11079.39,SaaS,Small,Wallet,Success,
T00008290,M00060,2025-09-22 10:24:13,641.37,Food Delivery,Medium,Debit Card,Success,
T00008291,M00027,2025-06-21 08:27:35,1687.96,E-commerce,Large,Credit Card,Failed,Authentication Failure
T00008292,M00027,2025-07-13 00:50:44,2356.72,E-commerce,Large,Credit Card,Success,
T00008293,M00034,2025-05-03 17:38:40,1140.59,Gaming,Medium,Debit Card,Success,
T00008294,M00076,2025-01-25 00:22:31,8659.51,Education,Small,Net Banking,Success,
T00008295,M00050,2025-03-11 14:39:48,11943.19,SaaS,Small,Wallet,Success,
T00008296,M00095,2025-05-07 18:14:34,645.99,E-commerce,Small,Credit Card,Success,
T00008297,M00086,2025-08-09 06:23:07,1078.21,Food Delivery,Large,UPI,Failed,Technical Error
T00008298,M00099,2025-10-17 11:02:56,6241.21,Retail,Small,Wallet,Success,
T00008299,M00023,2025-02-07 16:47:36,6400.4,Healthcare,Small,Net Banking,Failed,Authentication Failure
T00008300,M00017,2025-08-15 14:50:37,8159.8,Professional Services,Small,Credit Card,Success,
T00008301,M00038,2025-10-08 15:53:01,1996.1,Education,Small,Debit Card,Success,
T00008302,M00014,2025-10-22 13:27:52,4278.36,E-commerce,Large,Credit Card,Success,
T00008303,M00048,2025-07-23 18:40:41,576.31,Food Delivery,Medium,Credit Card,Success,
T00008304,M00043,2025-10-16 18:48:05,3801.03,Professional Services,Small,Wallet,Success,
T00008305,M00063,2025-11-26 04:19:12,4592.2,Healthcare,Small,Credit Card,Success,
T00008306,M00006,2025-05-31 19:37:17,2037.81,Retail,Small,UPI,Success,
T00008307,M00043,2025-08-04 01:07:41,5589.71,Professional Services,Small,Wallet,Success,
T00008308,M00016,2025-07-12 04:45:59,1641.42,Retail,Medium,Debit Card,Success,
T00008309,M00030,2025-09-18 10:00:13,1857.9,E-commerce,Small,UPI,Success,
T00008310,M00013,2025-05-26 08:18:44,2160.55,E-commerce,Small,Debit Card,Success,
T00008311,M00099,2025-01-20 02:21:13,4712.93,Retail,Small,Wallet,Failed,Technical Error
T00008312,M00071,2025-07-05 17:47:14,556.1,Retail,Small,Debit Card,Success,
T00008313,M00049,2025-11-08 04:33:12,1380.92,Retail,Medium,Wallet,Success,
T00008314,M00058,2025-01-03 07:43:47,880.84,Food Delivery,Small,UPI,Success,
T00008315,M00094,2025-02-08 22:30:20,9716.0,SaaS,Small,UPI,Success,
T00008316,M00078,2025-06-17 23:04:03,12171.2,SaaS,Medium,Net Banking,Success,
T00008317,M00058,2025-03-26 06:42:57,1690.6,Food Delivery,Small,UPI,Success,
T00008318,M00070,2025-08-23 10:55:57,1718.41,Food Delivery,Large,Debit Card,Success,
T00008319,M00081,2025-03-24 14:31:15,444.85,Media,Small,UPI,Success,
T00008320,M00011,2025-12-01 05:28:32,6236.37,Education,Small,UPI,Success,
T00008321,M00045,2025-04-11 14:45:57,4073.22,Media,Small,Wallet,Success,
T00008322,M00096,2025-05-06 02:44:56,1960.84,Gaming,Small,UPI,Success,
T00008323,M00044,2025-03-05 15:20:17,19460.12,Professional Services,Small,Net Banking,Success,
T00008324,M00059,2025-06-28 17:16:31,291.33,Retail,Medium,UPI,Success,
T00008325,M00012,2025-11-30 18:48:21,8995.3,SaaS,Medium,Net Banking,Success,
T00008326,M00086,2025-07-03 20:23:12,1008.45,Food Delivery,Large,UPI,Success,
T00008327,M00083,2025-08-30 12:59:20,1827.42,Retail,Small,Debit Card,Success,
T00008328,M00071,2025-12-03 21:22:15,2445.69,Retail,Small,Debit Card,Success,
T00008329,M00002,2025-02-24 15:20:18,1116.9,Retail,Small,UPI,Success,
T00008330,M00064,2025-08-12 09:32:51,8325.65,Professional Services,Large,Net Banking,Success,
T00008331,M00022,2025-09-25 11:31:14,460.31,Food Delivery,Small,Wallet,Success,
T00008332,M00019,2025-03-30 12:40:39,4623.83,E-commerce,Medium,Wallet,Success,
T00008333,M00027,2025-03-10 00:51:46,1197.21,E-commerce,Large,Credit Card,Success,
T00008334,M00014,2025-04-26 07:31:03,3801.53,E-commerce,Large,Credit Card,Success,
T00008335,M00037,2025-01-28 10:03:33,5135.83,Education,Medium,UPI,Success,
T00008336,M00067,2025-01-04 12:45:03,401.43,Food Delivery,Medium,Credit Card,Success,
T00008337,M00049,2025-07-07 16:24:57,1258.57,Retail,Medium,Wallet,Success,
T00008338,M00068,2025-11-24 06:54:59,1826.64,Retail,Medium,Debit Card,Success,
T00008339,M00087,2025-05-13 20:34:14,2272.66,Media,Small,Wallet,Success,
T00008340,M00071,2025-06-21 21:00:36,3197.47,Retail,Small,Debit Card,Success,
T00008341,M00012,2025-08-09 17:48:58,9055.79,SaaS,Medium,Net Banking,Success,
T00008342,M00074,2025-03-27 21:08:54,647.4,Gaming,Medium,Credit Card,Success,
T00008343,M00084,2025-01-02 11:14:01,392.02,Food Delivery,Small,Net Banking,Success,
T00008344,M00094,2025-04-06 11:32:01,8225.84,SaaS,Small,UPI,Success,
T00008345,M00064,2025-03-02 02:08:45,9411.42,Professional Services,Large,Net Banking,Failed,Technical Error
T00008346,M00003,2025-10-30 13:34:34,6064.02,Education,Small,Credit Card,Success,
T00008347,M00095,2025-02-19 19:39:55,383.28,E-commerce,Small,Credit Card,Success,
T00008348,M00043,2025-01-30 07:04:45,5363.82,Professional Services,Small,Wallet,Success,
T00008349,M00089,2025-10-09 22:35:31,1847.43,Education,Small,UPI,Success,
T00008350,M00056,2025-06-06 01:07:55,4779.14,E-commerce,Large,Credit Card,Success,
T00008351,M00058,2025-10-11 13:08:55,452.84,Food Delivery,Small,UPI,Success,
T00008352,M00088,2025-03-22 12:30:20,745.55,Food Delivery,Small,UPI,Success,
T00008353,M00064,2025-01-21 08:01:48,8139.35,Professional Services,Large,Net Banking,Success,
T00008354,M00008,2025-05-02 15:09:37,21304.36,Travel,Small,Credit Card,Success,
T00008355,M00065,2025-07-15 12:14:44,1580.75,E-commerce,Large,Debit Card,Success,
T00008356,M00010,2025-10-10 16:45:47,1655.6,Retail,Medium,UPI,Success,
T00008357,M00080,2025-09-06 16:09:05,424.89,Media,Small,Credit Card,Success,
T00008358,M00032,2025-02-21 08:54:20,2878.66,Retail,Medium,Credit Card,Success,
T00008359,M00074,2025-04-15 22:53:59,1515.81,Gaming,Medium,Credit Card,Success,
T00008360,M00046,2025-10-31 12:07:09,14526.44,Professional Services,Small,Net Banking,Success,
T00008361,M00069,2025-07-16 15:25:36,7695.75,Education,Small,Credit Card,Success,
T00008362,M00099,2025-08-10 01:05:32,5461.12,Retail,Small,Wallet,Success,
T00008363,M00036,2025-11-23 22:40:45,1294.62,Food Delivery,Medium,UPI,Success,
T00008364,M00090,2025-01-16 12:55:06,6924.31,Healthcare,Medium,Debit Card,Success,
T00008365,M00098,2025-06-07 05:21:48,13401.9,SaaS,Medium,Credit Card,Failed,Technical Error
T00008366,M00080,2025-11-25 22:08:29,1056.71,Media,Small,Credit Card,Success,
T00008367,M00083,2025-06-06 17:15:55,2197.37,Retail,Small,Debit Card,Failed,Technical Error
T00008368,M00038,2025-01-28 13:31:24,2062.58,Education,Small,Debit Card,Success,
T00008369,M00005,2025-06-23 21:57:13,24078.61,Travel,Small,Net Banking,Success,
T00008370,M00007,2025-03-23 02:46:12,4142.93,Gaming,Small,Net Banking,Success,
T00008371,M00088,2025-12-26 08:31:41,736.75,Food Delivery,Small,UPI,Success,
T00008372,M00090,2025-09-21 20:23:03,12901.5,Healthcare,Medium,Debit Card,Success,
T00008373,M00048,2025-08-12 01:00:27,947.53,Food Delivery,Medium,Credit Card,Success,
T00008374,M00011,2025-08-21 07:13:35,4437.99,Education,Small,UPI,Success,
T00008375,M00040,2025-04-11 01:49:16,7769.19,Professional Services,Small,Net Banking,Success,
T00008376,M00076,2025-08-17 20:27:45,5579.54,Education,Small,Net Banking,Success,
T00008377,M00020,2025-12-12 03:41:42,7608.09,Healthcare,Small,Net Banking,Success,
T00008378,M00063,2025-08-20 22:27:03,6168.76,Healthcare,Small,Credit Card,Success,
T00008379,M00067,2025-09-15 00:47:06,593.37,Food Delivery,Medium,Credit Card,Success,
T00008380,M00053,2025-06-19 12:38:53,6497.92,Education,Small,Net Banking,Success,
T00008381,M00045,2025-02-19 12:56:09,2938.84,Media,Small,Wallet,Success,
T00008382,M00088,2025-12-13 21:07:05,788.61,Food Delivery,Small,UPI,Success,
T00008383,M00084,2025-02-20 18:47:34,579.11,Food Delivery,Small,Net Banking,Success,
T00008384,M00070,2025-12-29 22:44:02,1456.12,Food Delivery,Large,Debit Card,Success,
T00008385,M00038,2025-11-09 20:33:52,2387.97,Education,Small,Debit Card,Success,
T00008386,M00046,2025-05-08 23:34:31,8875.98,Professional Services,Small,Net Banking,Success,
T00008387,M00063,2025-08-07 09:48:25,5959.64,Healthcare,Small,Credit Card,Success,
T00008388,M00012,2025-09-29 18:38:20,9766.49,SaaS,Medium,Net Banking,Success,
T00008389,M00082,2025-09-24 01:11:04,3430.93,Education,Large,Debit Card,Failed,Bank Decline
T00008390,M00009,2025-02-23 09:19:10,932.4,Gaming,Small,Credit Card,Success,
T00008391,M00010,2025-11-14 03:27:14,1352.39,Retail,Medium,UPI,Success,
T00008392,M00096,2025-07-13 06:58:19,1362.51,Gaming,Small,UPI,Success,
T00008393,M00025,2025-11-18 01:30:14,1487.85,Food Delivery,Small,UPI,Success,
T00008394,M00079,2025-10-05 17:31:02,170.95,Food Delivery,Large,Credit Card,Success,
T00008395,M00065,2025-07-15 17:46:01,1456.0,E-commerce,Large,Debit Card,Success,
T00008396,M00065,2025-07-14 15:24:04,1355.13,E-commerce,Large,Debit Card,Success,
T00008397,M00043,2025-12-20 00:25:58,6331.01,Professional Services,Small,Wallet,Success,
T00008398,M00088,2025-08-01 01:25:35,651.68,Food Delivery,Small,UPI,Success,
T00008399,M00080,2025-01-23 10:48:53,648.84,Media,Small,Credit Card,Success,
T00008400,M00072,2025-01-27 04:08:38,1157.72,Media,Small,Credit Card,Success,
T00008401,M00072,2025-01-20 05:08:55,791.76,Media,Small,Credit Card,Success,
T00008402,M00055,2025-09-29 00:58:22,14170.78,SaaS,Medium,Net Banking,Success,
T00008403,M00054,2025-08-12 12:22:14,793.93,Media,Small,Credit Card,Success,
T00008404,M00006,2025-08-12 06:57:48,2540.32,Retail,Small,UPI,Success,
T00008405,M00052,2025-12-04 19:30:01,31920.85,Travel,Medium,Credit Card,Success,
T00008406,M00059,2025-05-07 01:11:11,767.03,Retail,Medium,UPI,Success,
T00008407,M00054,2025-09-24 16:29:39,761.52,Media,Small,Credit Card,Success,
T00008408,M00052,2025-05-31 05:25:44,26712.38,Travel,Medium,Credit Card,Success,
T00008409,M00091,2025-09-21 09:56:29,3913.15,Professional Services,Small,Net Banking,Success,
T00008410,M00013,2025-11-30 05:53:08,1927.2,E-commerce,Small,Debit Card,Success,
T00008411,M00072,2025-03-01 20:55:28,1011.72,Media,Small,Credit Card,Success,
T00008412,M00095,2025-07-30 21:09:25,875.9,E-commerce,Small,Credit Card,Success,
T00008413,M00078,2025-12-08 18:43:31,14126.56,SaaS,Medium,Net Banking,Success,
T00008414,M00024,2025-01-03 21:03:25,898.36,Gaming,Small,Credit Card,Success,
T00008415,M00087,2025-05-06 07:19:48,1574.9,Media,Small,Wallet,Success,
T00008416,M00075,2025-07-16 17:33:02,709.17,E-commerce,Small,Wallet,Success,
T00008417,M00064,2025-04-18 21:07:32,6140.39,Professional Services,Large,Net Banking,Success,
T00008418,M00023,2025-06-04 19:11:43,10008.26,Healthcare,Small,Net Banking,Success,
T00008419,M00084,2025-10-19 21:29:35,432.4,Food Delivery,Small,Net Banking,Success,
T00008420,M00031,2025-03-08 20:32:04,638.47,Media,Small,Net Banking,Success,
T00008421,M00040,2025-06-17 08:46:36,12502.83,Professional Services,Small,Net Banking,Success,
T00008422,M00045,2025-06-23 08:51:01,2658.37,Media,Small,Wallet,Success,
T00008423,M00071,2025-11-02 14:24:24,3159.28,Retail,Small,Debit Card,Success,
T00008424,M00064,2025-04-24 01:54:08,3850.24,Professional Services,Large,Net Banking,Success,
T00008425,M00058,2025-05-19 19:20:00,1775.9,Food Delivery,Small,UPI,Success,
T00008426,M00026,2025-02-11 08:45:28,1976.86,Retail,Medium,Credit Card,Success,
T00008427,M00061,2025-12-13 07:56:13,7959.29,SaaS,Medium,UPI,Success,
T00008428,M00062,2025-07-18 22:54:32,5333.58,Retail,Medium,Credit Card,Success,
T00008429,M00038,2025-07-03 10:14:34,3302.16,Education,Small,Debit Card,Success,
T00008430,M00080,2025-11-20 13:52:29,782.97,Media,Small,Credit Card,Success,
T00008431,M00008,2025-07-25 13:16:52,9595.07,Travel,Small,Credit Card,Success,
T00008432,M00063,2025-07-19 01:23:35,6002.88,Healthcare,Small,Credit Card,Success,
T00008433,M00002,2025-11-21 20:43:15,792.04,Retail,Small,UPI,Success,
T00008434,M00031,2025-01-25 16:04:37,2240.42,Media,Small,Net Banking,Success,
T00008435,M00050,2025-04-06 04:58:02,11072.42,SaaS,Small,Wallet,Success,
T00008436,M00023,2025-11-11 12:43:29,7569.03,Healthcare,Small,Net Banking,Failed,Bank Decline
T00008437,M00041,2025-12-22 20:35:59,4908.67,E-commerce,Small,Wallet,Success,
T00008438,M00092,2025-01-18 13:30:03,6256.71,Healthcare,Medium,Debit Card,Success,
T00008439,M00093,2025-05-10 05:46:36,6773.72,SaaS,Small,Net Banking,Success,
T00008440,M00070,2025-03-28 17:40:07,713.29,Food Delivery,Large,Debit Card,Success,
T00008441,M00076,2025-08-25 09:37:09,7986.1,Education,Small,Net Banking,Success,
T00008442,M00076,2025-04-15 12:19:54,5842.32,Education,Small,Net Banking,Success,
T00008443,M00034,2025-01-05 16:55:45,1093.73,Gaming,Medium,Debit Card,Success,
T00008444,M00075,2025-08-24 21:23:49,493.35,E-commerce,Small,Wallet,Success,
T00008445,M00073,2025-07-08 06:34:44,5770.23,SaaS,Small,Net Banking,Success,
T00008446,M00017,2025-12-07 20:11:47,5395.26,Professional Services,Small,Credit Card,Success,
T00008447,M00100,2025-11-23 11:53:18,613.43,E-commerce,Small,UPI,Success,
T00008448,M00078,2025-02-12 12:45:43,24883.19,SaaS,Medium,Net Banking,Success,
T00008449,M00011,2025-06-01 03:59:07,5295.65,Education,Small,UPI,Success,
T00008450,M00074,2025-12-22 02:34:25,812.9,Gaming,Medium,Credit Card,Success,
T00008451,M00056,2025-03-21 11:25:11,3386.34,E-commerce,Large,Credit Card,Success,
T00008452,M00029,2025-07-11 03:06:18,5778.8,Retail,Small,Debit Card,Success,
T00008453,M00040,2025-07-17 20:19:10,13199.13,Professional Services,Small,Net Banking,Success,
T00008454,M00032,2025-09-06 15:16:52,2643.87,Retail,Medium,Credit Card,Success,
T00008455,M00042,2025-03-28 12:23:08,5888.93,Healthcare,Small,Debit Card,Success,
T00008456,M00035,2025-08-15 23:43:46,1529.47,Retail,Small,UPI,Success,
T00008457,M00018,2025-10-23 15:32:07,6802.87,Professional Services,Small,Net Banking,Failed,Insufficient Funds
T00008458,M00016,2025-03-07 11:20:00,965.2,Retail,Medium,Debit Card,Success,
T00008459,M00065,2025-04-08 11:15:12,1427.4,E-commerce,Large,Debit Card,Success,
T00008460,M00100,2025-01-18 04:51:36,1009.01,E-commerce,Small,UPI,Success,
T00008461,M00057,2025-02-04 23:04:39,7651.48,Healthcare,Medium,Credit Card,Failed,Bank Decline
T00008462,M00003,2025-05-09 23:36:56,5359.65,Education,Small,Credit Card,Success,
T00008463,M00099,2025-08-26 02:29:51,4377.28,Retail,Small,Wallet,Success,
T00008464,M00098,2025-05-02 05:43:05,11301.07,SaaS,Medium,Credit Card,Success,
T00008465,M00018,2025-03-30 07:07:37,11361.55,Professional Services,Small,Net Banking,Success,
T00008466,M00001,2025-07-02 23:34:33,488.92,Food Delivery,Small,UPI,Success,
T00008467,M00043,2025-06-19 15:08:38,3176.37,Professional Services,Small,Wallet,Failed,Insufficient Funds
T00008468,M00052,2025-09-12 21:12:55,27193.41,Travel,Medium,Credit Card,Success,
T00008469,M00035,2025-07-19 10:01:47,2667.98,Retail,Small,UPI,Failed,Technical Error
T00008470,M00049,2025-07-22 23:44:18,1025.98,Retail,Medium,Wallet,Success,
T00008471,M00095,2025-03-20 05:48:17,788.06,E-commerce,Small,Credit Card,Success,
T00008472,M00096,2025-11-22 20:58:12,1719.49,Gaming,Small,UPI,Success,
T00008473,M00081,2025-11-02 12:38:55,264.06,Media,Small,UPI,Success,
T00008474,M00002,2025-11-10 00:17:11,485.07,Retail,Small,UPI,Success,
T00008475,M00026,2025-02-11 04:11:20,1473.38,Retail,Medium,Credit Card,Success,
T00008476,M00067,2025-03-27 08:31:37,477.99,Food Delivery,Medium,Credit Card,Success,
T00008477,M00002,2025-12-13 05:23:03,513.62,Retail,Small,UPI,Success,
T00008478,M00059,2025-08-02 01:39:35,986.4,Retail,Medium,UPI,Success,
T00008479,M00092,2025-08-30 20:04:59,4444.65,Healthcare,Medium,Debit Card,Success,
T00008480,M00039,2025-07-06 15:11:44,1616.12,Gaming,Small,UPI,Success,
T00008481,M00057,2025-07-20 12:45:56,11296.47,Healthcare,Medium,Credit Card,Success,
T00008482,M00035,2025-09-29 18:33:05,2991.29,Retail,Small,UPI,Success,
T00008483,M00078,2025-06-06 10:52:54,15265.65,SaaS,Medium,Net Banking,Success,
T00008484,M00026,2025-09-07 10:07:30,2392.27,Retail,Medium,Credit Card,Success,
T00008485,M00024,2025-02-03 13:47:19,338.26,Gaming,Small,Credit Card,Success,
T00008486,M00079,2025-12-14 00:14:00,379.45,Food Delivery,Large,Credit Card,Success,
T00008487,M00016,2025-02-05 01:55:07,663.35,Retail,Medium,Debit Card,Success,
T00008488,M00099,2025-02-26 23:10:11,4539.86,Retail,Small,Wallet,Success,
T00008489,M00068,2025-11-16 17:58:46,1222.46,Retail,Medium,Debit Card,Success,
T00008490,M00041,2025-08-30 21:27:11,5386.74,E-commerce,Small,Wallet,Success,
T00008491,M00026,2025-11-21 15:51:25,2296.54,Retail,Medium,Credit Card,Success,
T00008492,M00048,2025-02-21 20:28:25,793.55,Food Delivery,Medium,Credit Card,Success,
T00008493,M00043,2025-02-26 02:00:53,5618.76,Professional Services,Small,Wallet,Success,
T00008494,M00014,2025-07-15 04:26:58,5203.74,E-commerce,Large,Credit Card,Failed,Insufficient Funds
T00008495,M00098,2025-02-28 20:07:23,13772.08,SaaS,Medium,Credit Card,Success,
T00008496,M00057,2025-08-11 14:41:37,8440.16,Healthcare,Medium,Credit Card,Success,
T00008497,M00054,2025-10-03 03:02:27,1171.15,Media,Small,Credit Card,Success,
T00008498,M00071,2025-11-16 23:30:36,1396.6,Retail,Small,Debit Card,Success,
T00008499,M00008,2025-11-07 11:26:38,12585.61,Travel,Small,Credit Card,Success,
T00008500,M00001,2025-09-18 15:05:39,224.55,Food Delivery,Small,UPI,Success,
T00008501,M00016,2025-04-19 23:04:58,1338.64,Retail,Medium,Debit Card,Success,
T00008502,M00039,2025-10-01 02:55:22,384.6,Gaming,Small,UPI,Success,
T00008503,M00087,2025-09-01 13:10:52,2031.61,Media,Small,Wallet,Success,
T00008504,M00002,2025-03-20 15:40:12,642.27,Retail,Small,UPI,Success,
T00008505,M00050,2025-01-31 01:21:49,19363.65,SaaS,Small,Wallet,Success,
T00008506,M00057,2025-08-31 11:02:22,9432.39,Healthcare,Medium,Credit Card,Success,
T00008507,M00011,2025-11-24 09:15:48,5936.3,Education,Small,UPI,Success,
T00008508,M00059,2025-05-17 23:47:49,864.32,Retail,Medium,UPI,Success,
T00008509,M00035,2025-05-05 10:23:47,1713.01,Retail,Small,UPI,Success,
T00008510,M00014,2025-05-24 12:51:52,3915.99,E-commerce,Large,Credit Card,Success,
T00008511,M00065,2025-08-25 07:51:33,1559.26,E-commerce,Large,Debit Card,Success,
T00008512,M00073,2025-11-18 02:05:39,2299.98,SaaS,Small,Net Banking,Success,
T00008513,M00074,2025-07-16 07:51:43,1027.14,Gaming,Medium,Credit Card,Success,
T00008514,M00081,2025-07-23 22:30:25,583.01,Media,Small,UPI,Success,
T00008515,M00001,2025-03-02 09:52:26,549.77,Food Delivery,Small,UPI,Success,
T00008516,M00072,2025-02-28 14:50:28,769.97,Media,Small,Credit Card,Success,
T00008517,M00015,2025-06-05 00:19:48,2041.64,E-commerce,Medium,UPI,Success,
T00008518,M00014,2025-11-02 09:19:30,3230.6,E-commerce,Large,Credit Card,Success,
T00008519,M00055,2025-01-11 19:38:56,10728.31,SaaS,Medium,Net Banking,Success,
T00008520,M00059,2025-12-08 04:09:26,652.37,Retail,Medium,UPI,Success,
T00008521,M00023,2025-02-08 17:54:28,8786.31,Healthcare,Small,Net Banking,Success,
T00008522,M00075,2025-07-23 02:39:51,776.39,E-commerce,Small,Wallet,Success,
T00008523,M00065,2025-11-26 01:43:48,1081.58,E-commerce,Large,Debit Card,Success,
T00008524,M00094,2025-02-21 23:14:49,6730.01,SaaS,Small,UPI,Success,
T00008525,M00012,2025-01-11 07:29:27,8505.09,SaaS,Medium,Net Banking,Success,
T00008526,M00092,2025-05-31 16:38:43,3177.86,Healthcare,Medium,Debit Card,Success,
T00008527,M00095,2025-11-27 00:48:02,623.85,E-commerce,Small,Credit Card,Success,
T00008528,M00030,2025-06-26 13:56:22,2536.6,E-commerce,Small,UPI,Success,
T00008529,M00038,2025-03-27 05:23:08,2675.15,Education,Small,Debit Card,Success,
T00008530,M00015,2025-05-31 12:54:03,2261.81,E-commerce,Medium,UPI,Success,
T00008531,M00077,2025-12-13 23:42:09,7859.14,Professional Services,Medium,Credit Card,Success,
T00008532,M00049,2025-09-15 09:18:41,1790.52,Retail,Medium,Wallet,Success,
T00008533,M00048,2025-06-19 13:57:20,594.17,Food Delivery,Medium,Credit Card,Success,
T00008534,M00063,2025-01-18 22:48:11,3245.28,Healthcare,Small,Credit Card,Success,
T00008535,M00023,2025-05-03 19:02:15,9625.08,Healthcare,Small,Net Banking,Success,
T00008536,M00002,2025-08-27 12:36:16,1009.78,Retail,Small,UPI,Success,
T00008537,M00088,2025-07-21 09:22:13,765.85,Food Delivery,Small,UPI,Failed,Bank Decline
T00008538,M00035,2025-05-12 09:21:49,788.2,Retail,Small,UPI,Success,
T00008539,M00013,2025-06-23 05:52:12,3266.41,E-commerce,Small,Debit Card,Success,
T00008540,M00021,2025-02-09 10:37:12,2764.5,E-commerce,Small,UPI,Success,
T00008541,M00041,2025-11-23 04:06:10,5432.73,E-commerce,Small,Wallet,Success,
T00008542,M00051,2025-05-06 09:41:20,1512.02,Retail,Medium,UPI,Success,
T00008543,M00018,2025-09-03 11:50:16,12576.57,Professional Services,Small,Net Banking,Success,
T00008544,M00037,2025-09-20 13:53:13,8341.16,Education,Medium,UPI,Success,
T00008545,M00056,2025-05-19 19:55:17,5383.49,E-commerce,Large,Credit Card,Success,
T00008546,M00009,2025-08-23 09:03:57,887.07,Gaming,Small,Credit Card,Success,
T00008547,M00054,2025-10-15 01:23:01,1020.32,Media,Small,Credit Card,Success,
T00008548,M00070,2025-04-13 07:08:09,1403.46,Food Delivery,Large,Debit Card,Success,
T00008549,M00098,2025-05-23 18:41:41,16253.68,SaaS,Medium,Credit Card,Success,
T00008550,M00095,2025-01-30 15:37:57,553.11,E-commerce,Small,Credit Card,Success,
T00008551,M00065,2025-04-30 20:04:09,2358.49,E-commerce,Large,Debit Card,Success,
T00008552,M00050,2025-09-30 11:01:10,6266.26,SaaS,Small,Wallet,Success,
T00008553,M00093,2025-03-01 04:19:31,12483.26,SaaS,Small,Net Banking,Success,
T00008554,M00015,2025-11-27 10:19:36,1501.18,E-commerce,Medium,UPI,Success,
T00008555,M00040,2025-06-05 13:49:42,8587.58,Professional Services,Small,Net Banking,Success,
T00008556,M00046,2025-10-19 06:59:28,12829.48,Professional Services,Small,Net Banking,Success,
T00008557,M00100,2025-12-29 21:10:54,752.27,E-commerce,Small,UPI,Success,
T00008558,M00057,2025-08-15 07:53:49,5900.31,Healthcare,Medium,Credit Card,Success,
T00008559,M00072,2025-12-08 02:44:08,1122.16,Media,Small,Credit Card,Success,
T00008560,M00082,2025-12-06 07:34:14,4538.0,Education,Large,Debit Card,Success,
T00008561,M00037,2025-04-01 03:31:20,6047.41,Education,Medium,UPI,Success,
T00008562,M00096,2025-04-14 16:42:35,1372.56,Gaming,Small,UPI,Success,
T00008563,M00095,2025-07-18 23:42:36,531.09,E-commerce,Small,Credit Card,Success,
T00008564,M00080,2025-11-11 15:39:37,1029.26,Media,Small,Credit Card,Success,
T00008565,M00034,2025-12-22 08:13:35,1534.68,Gaming,Medium,Debit Card,Success,
T00008566,M00038,2025-10-09 19:21:16,2515.81,Education,Small,Debit Card,Success,
T00008567,M00085,2025-04-26 19:04:54,431.59,Gaming,Medium,Wallet,Success,
T00008568,M00022,2025-02-22 07:36:43,372.28,Food Delivery,Small,Wallet,Success,
T00008569,M00018,2025-07-06 07:44:30,8630.9,Professional Services,Small,Net Banking,Success,
T00008570,M00057,2025-12-04 07:58:35,13265.96,Healthcare,Medium,Credit Card,Success,
T00008571,M00044,2025-08-15 03:21:22,19294.69,Professional Services,Small,Net Banking,Success,
T00008572,M00069,2025-03-04 04:51:51,5967.51,Education,Small,Credit Card,Success,
T00008573,M00002,2025-10-01 03:14:19,723.86,Retail,Small,UPI,Success,
T00008574,M00028,2025-07-17 16:38:00,1441.37,E-commerce,Small,UPI,Success,
T00008575,M00035,2025-08-06 07:28:47,1970.16,Retail,Small,UPI,Success,
T00008576,M00064,2025-08-08 09:34:28,6237.94,Professional Services,Large,Net Banking,Success,
T00008577,M00025,2025-05-09 17:07:15,413.45,Food Delivery,Small,UPI,Success,
T00008578,M00077,2025-09-07 12:50:28,5759.1,Professional Services,Medium,Credit Card,Success,
T00008579,M00031,2025-11-16 02:17:28,1760.04,Media,Small,Net Banking,Success,
T00008580,M00020,2025-11-28 20:51:24,10047.36,Healthcare,Small,Net Banking,Failed,Network Error
T00008581,M00046,2025-01-27 18:52:15,8290.05,Professional Services,Small,Net Banking,Success,
T00008582,M00017,2025-04-07 02:17:52,9319.06,Professional Services,Small,Credit Card,Success,
T00008583,M00002,2025-11-06 13:28:56,408.23,Retail,Small,UPI,Success,
T00008584,M00062,2025-04-27 11:11:15,6234.78,Retail,Medium,Credit Card,Success,
T00008585,M00020,2025-05-30 05:56:30,10765.48,Healthcare,Small,Net Banking,Success,
T00008586,M00029,2025-10-10 09:34:47,2513.85,Retail,Small,Debit Card,Success,
T00008587,M00076,2025-10-16 13:21:34,6215.43,Education,Small,Net Banking,Success,
T00008588,M00015,2025-02-01 23:22:52,1755.95,E-commerce,Medium,UPI,Success,
T00008589,M00098,2025-07-09 03:41:33,10945.87,SaaS,Medium,Credit Card,Success,
T00008590,M00092,2025-02-14 14:59:17,7459.27,Healthcare,Medium,Debit Card,Success,
T00008591,M00047,2025-06-21 15:18:17,1758.98,Healthcare,Medium,UPI,Success,
T00008592,M00068,2025-03-06 07:21:44,1486.13,Retail,Medium,Debit Card,Success,
T00008593,M00010,2025-09-16 00:41:51,2588.68,Retail,Medium,UPI,Success,
T00008594,M00006,2025-11-20 22:38:50,4046.28,Retail,Small,UPI,Success,
T00008595,M00041,2025-12-13 02:57:43,5418.35,E-commerce,Small,Wallet,Success,
T00008596,M00078,2025-11-22 08:38:55,13058.28,SaaS,Medium,Net Banking,Success,
T00008597,M00081,2025-07-06 05:22:56,224.82,Media,Small,UPI,Success,
T00008598,M00066,2025-04-10 02:07:43,2131.1,Education,Large,Net Banking,Success,
T00008599,M00016,2025-03-20 23:47:05,823.85,Retail,Medium,Debit Card,Success,
T00008600,M00021,2025-10-13 19:29:43,1306.01,E-commerce,Small,UPI,Failed,Payment Timeout
T00008601,M00005,2025-11-11 17:08:53,24420.65,Travel,Small,Net Banking,Success,
T00008602,M00089,2025-09-16 01:00:36,6548.6,Education,Small,UPI,Success,
T00008603,M00013,2025-04-04 17:40:32,3657.37,E-commerce,Small,Debit Card,Success,
T00008604,M00009,2025-02-28 20:39:58,734.63,Gaming,Small,Credit Card,Success,
T00008605,M00050,2025-11-28 04:07:28,5688.57,SaaS,Small,Wallet,Success,
T00008606,M00047,2025-08-12 08:40:27,684.47,Healthcare,Medium,UPI,Success,
T00008607,M00055,2025-08-16 05:55:25,7678.01,SaaS,Medium,Net Banking,Success,
T00008608,M00080,2025-12-12 21:50:54,1084.58,Media,Small,Credit Card,Success,
T00008609,M00057,2025-05-27 10:56:04,8409.38,Healthcare,Medium,Credit Card,Success,
T00008610,M00013,2025-06-11 08:37:39,2537.92,E-commerce,Small,Debit Card,Success,
T00008611,M00020,2025-01-31 06:38:07,17262.18,Healthcare,Small,Net Banking,Success,
T00008612,M00009,2025-12-22 10:56:25,817.82,Gaming,Small,Credit Card,Success,
T00008613,M00053,2025-03-09 12:49:44,5296.41,Education,Small,Net Banking,Success,
T00008614,M00047,2025-11-26 17:31:46,624.69,Healthcare,Medium,UPI,Success,
T00008615,M00085,2025-02-21 21:36:37,266.91,Gaming,Medium,Wallet,Success,
T00008616,M00059,2025-08-17 12:07:40,200.51,Retail,Medium,UPI,Success,
T00008617,M00068,2025-01-29 02:32:31,1731.0,Retail,Medium,Debit Card,Success,
T00008618,M00018,2025-06-14 10:09:25,7096.32,Professional Services,Small,Net Banking,Success,
T00008619,M00004,2025-12-13 01:41:04,1569.68,Education,Medium,UPI,Success,
T00008620,M00088,2025-02-06 10:09:41,773.48,Food Delivery,Small,UPI,Success,
T00008621,M00033,2025-06-25 16:06:34,3217.7,E-commerce,Small,UPI,Success,
T00008622,M00028,2025-04-18 05:14:06,1936.91,E-commerce,Small,UPI,Success,
T00008623,M00051,2025-02-16 17:15:18,3773.81,Retail,Medium,UPI,Success,
T00008624,M00019,2025-04-06 06:29:06,4973.0,E-commerce,Medium,Wallet,Success,
T00008625,M00024,2025-05-17 02:32:28,1012.1,Gaming,Small,Credit Card,Success,
T00008626,M00042,2025-05-21 00:04:15,10853.81,Healthcare,Small,Debit Card,Success,
T00008627,M00080,2025-04-30 07:01:51,1068.22,Media,Small,Credit Card,Success,
T00008628,M00074,2025-02-12 17:40:52,1505.48,Gaming,Medium,Credit Card,Success,
T00008629,M00024,2025-04-06 15:59:20,690.49,Gaming,Small,Credit Card,Success,
T00008630,M00032,2025-08-09 10:31:26,2693.43,Retail,Medium,Credit Card,Success,
T00008631,M00025,2025-10-19 10:35:23,667.55,Food Delivery,Small,UPI,Success,
T00008632,M00091,2025-08-26 19:25:39,25847.46,Professional Services,Small,Net Banking,Success,
T00008633,M00011,2025-05-19 06:18:01,6263.04,Education,Small,UPI,Success,
T00008634,M00090,2025-09-24 03:32:37,8466.73,Healthcare,Medium,Debit Card,Success,
T00008635,M00002,2025-11-27 10:06:14,1291.79,Retail,Small,UPI,Success,
T00008636,M00071,2025-01-18 11:15:18,1651.76,Retail,Small,Debit Card,Success,
T00008637,M00006,2025-12-27 03:00:24,4443.85,Retail,Small,UPI,Success,
T00008638,M00079,2025-05-06 14:05:10,137.91,Food Delivery,Large,Credit Card,Success,
T00008639,M00094,2025-03-11 11:28:28,11501.36,SaaS,Small,UPI,Success,
T00008640,M00049,2025-10-08 09:35:14,1054.4,Retail,Medium,Wallet,Failed,Network Error
T00008641,M00081,2025-10-30 17:21:02,382.49,Media,Small,UPI,Success,
T00008642,M00067,2025-06-05 02:01:37,745.61,Food Delivery,Medium,Credit Card,Success,
T00008643,M00076,2025-03-12 03:00:54,4883.99,Education,Small,Net Banking,Success,
T00008644,M00003,2025-04-27 18:38:04,3823.08,Education,Small,Credit Card,Success,
T00008645,M00092,2025-04-04 16:09:00,4882.3,Healthcare,Medium,Debit Card,Success,
T00008646,M00015,2025-04-18 04:26:39,2151.18,E-commerce,Medium,UPI,Success,
T00008647,M00046,2025-10-14 23:23:35,12489.0,Professional Services,Small,Net Banking,Success,
T00008648,M00076,2025-08-14 08:24:42,5574.65,Education,Small,Net Banking,Success,
T00008649,M00088,2025-02-27 19:04:26,618.64,Food Delivery,Small,UPI,Success,
T00008650,M00081,2025-08-17 11:54:52,478.88,Media,Small,UPI,Success,
T00008651,M00089,2025-07-20 19:20:08,3501.1,Education,Small,UPI,Success,
T00008652,M00014,2025-02-22 01:05:32,4355.97,E-commerce,Large,Credit Card,Success,
T00008653,M00022,2025-01-04 03:17:06,374.23,Food Delivery,Small,Wallet,Success,
T00008654,M00053,2025-06-21 04:40:04,5846.4,Education,Small,Net Banking,Success,
T00008655,M00100,2025-06-19 02:39:27,478.61,E-commerce,Small,UPI,Success,
T00008656,M00058,2025-07-25 04:27:10,1632.99,Food Delivery,Small,UPI,Success,
T00008657,M00009,2025-07-14 23:25:50,915.63,Gaming,Small,Credit Card,Success,
T00008658,M00068,2025-07-06 13:52:09,1549.89,Retail,Medium,Debit Card,Failed,Insufficient Funds
T00008659,M00045,2025-05-02 04:14:08,2657.13,Media,Small,Wallet,Success,
T00008660,M00039,2025-01-26 05:07:31,2210.87,Gaming,Small,UPI,Success,
T00008661,M00052,2025-06-18 05:06:10,17098.19,Travel,Medium,Credit Card,Success,
T00008662,M00049,2025-11-07 18:17:25,1497.54,Retail,Medium,Wallet,Success,
T00008663,M00020,2025-11-07 01:55:25,5421.55,Healthcare,Small,Net Banking,Success,
T00008664,M00010,2025-08-27 21:30:55,1736.76,Retail,Medium,UPI,Success,
T00008665,M00083,2025-09-03 00:03:29,1084.08,Retail,Small,Debit Card,Success,
T00008666,M00027,2025-10-23 12:54:16,1516.57,E-commerce,Large,Credit Card,Success,
T00008667,M00096,2025-01-21 12:52:06,1168.48,Gaming,Small,UPI,Success,
T00008668,M00081,2025-02-25 10:52:46,519.26,Media,Small,UPI,Success,
T00008669,M00029,2025-11-16 05:17:54,3381.9,Retail,Small,Debit Card,Success,
T00008670,M00064,2025-10-08 04:44:13,7088.95,Professional Services,Large,Net Banking,Success,
T00008671,M00030,2025-04-13 05:55:42,3131.26,E-commerce,Small,UPI,Success,
T00008672,M00059,2025-01-13 21:49:21,1178.67,Retail,Medium,UPI,Success,
T00008673,M00006,2025-03-17 19:44:49,5707.34,Retail,Small,UPI,Success,
T00008674,M00066,2025-05-11 04:40:08,1892.28,Education,Large,Net Banking,Failed,Technical Error
T00008675,M00042,2025-05-11 03:42:18,10373.71,Healthcare,Small,Debit Card,Success,
T00008676,M00059,2025-11-19 16:56:40,789.3,Retail,Medium,UPI,Success,
T00008677,M00097,2025-04-22 23:12:45,7217.89,Professional Services,Small,Credit Card,Success,
T00008678,M00063,2025-01-11 14:32:01,4309.99,Healthcare,Small,Credit Card,Success,
T00008679,M00080,2025-07-06 13:38:56,994.05,Media,Small,Credit Card,Success,
T00008680,M00020,2025-10-14 19:38:53,8990.67,Healthcare,Small,Net Banking,Success,
T00008681,M00085,2025-02-25 00:26:12,765.32,Gaming,Medium,Wallet,Success,
T00008682,M00009,2025-12-13 17:50:20,893.03,Gaming,Small,Credit Card,Success,
T00008683,M00034,2025-11-26 15:25:54,1495.97,Gaming,Medium,Debit Card,Success,
T00008684,M00098,2025-02-23 01:29:04,9907.42,SaaS,Medium,Credit Card,Success,
T00008685,M00011,2025-01-13 05:40:04,9001.19,Education,Small,UPI,Failed,Bank Decline
T00008686,M00084,2025-03-13 12:46:04,413.1,Food Delivery,Small,Net Banking,Success,
T00008687,M00021,2025-01-19 07:51:25,2379.18,E-commerce,Small,UPI,Success,
T00008688,M00017,2025-09-15 13:59:00,11980.62,Professional Services,Small,Credit Card,Success,
T00008689,M00060,2025-10-22 04:29:22,657.66,Food Delivery,Medium,Debit Card,Success,
T00008690,M00091,2025-04-10 10:20:06,17707.03,Professional Services,Small,Net Banking,Success,
T00008691,M00038,2025-03-23 04:43:43,3288.01,Education,Small,Debit Card,Success,
T00008692,M00011,2025-03-09 16:40:50,8401.41,Education,Small,UPI,Success,
T00008693,M00035,2025-07-20 19:00:18,796.43,Retail,Small,UPI,Success,
T00008694,M00100,2025-03-03 11:41:07,1096.6,E-commerce,Small,UPI,Success,
T00008695,M00044,2025-08-21 03:00:47,14974.01,Professional Services,Small,Net Banking,Success,
T00008696,M00093,2025-04-21 00:37:26,11099.53,SaaS,Small,Net Banking,Success,
T00008697,M00071,2025-03-26 02:39:23,2324.33,Retail,Small,Debit Card,Success,
T00008698,M00057,2025-11-09 07:17:19,13142.51,Healthcare,Medium,Credit Card,Success,
T00008699,M00063,2025-06-21 22:26:05,4845.15,Healthcare,Small,Credit Card,Success,
T00008700,M00013,2025-07-18 20:10:29,2459.67,E-commerce,Small,Debit Card,Success,
T00008701,M00062,2025-03-17 01:56:06,4018.61,Retail,Medium,Credit Card,Success,
T00008702,M00044,2025-08-15 13:09:11,22695.98,Professional Services,Small,Net Banking,Failed,Bank Decline
T00008703,M00069,2025-06-19 19:36:32,6616.2,Education,Small,Credit Card,Success,
T00008704,M00032,2025-12-18 10:22:45,1527.98,Retail,Medium,Credit Card,Success,
T00008705,M00088,2025-04-05 04:17:29,637.15,Food Delivery,Small,UPI,Success,
T00008706,M00100,2025-05-21 00:19:11,976.73,E-commerce,Small,UPI,Success,
T00008707,M00098,2025-07-03 06:24:19,13479.29,SaaS,Medium,Credit Card,Success,
T00008708,M00029,2025-02-05 18:34:31,3091.77,Retail,Small,Debit Card,Success,
T00008709,M00059,2025-03-10 23:00:47,1506.95,Retail,Medium,UPI,Success,
T00008710,M00042,2025-11-13 03:43:14,9741.55,Healthcare,Small,Debit Card,Success,
T00008711,M00008,2025-11-25 23:11:46,18287.5,Travel,Small,Credit Card,Success,
T00008712,M00048,2025-03-03 05:55:37,865.33,Food Delivery,Medium,Credit Card,Success,
T00008713,M00055,2025-04-06 15:34:22,16397.38,SaaS,Medium,Net Banking,Success,
T00008714,M00005,2025-06-11 18:34:49,18684.4,Travel,Small,Net Banking,Success,
T00008715,M00035,2025-02-10 20:46:51,1806.9,Retail,Small,UPI,Success,
T00008716,M00006,2025-04-07 18:50:20,5064.48,Retail,Small,UPI,Success,
T00008717,M00098,2025-08-14 20:57:02,11190.09,SaaS,Medium,Credit Card,Success,
T00008718,M00051,2025-10-29 22:24:10,3176.2,Retail,Medium,UPI,Failed,Network Error
T00008719,M00033,2025-12-25 18:28:36,4147.17,E-commerce,Small,UPI,Success,
T00008720,M00085,2025-04-01 14:44:55,281.64,Gaming,Medium,Wallet,Success,
T00008721,M00084,2025-08-06 22:41:52,250.36,Food Delivery,Small,Net Banking,Failed,Bank Decline
T00008722,M00052,2025-10-23 21:19:23,19193.94,Travel,Medium,Credit Card,Success,
T00008723,M00089,2025-10-25 10:26:52,3424.61,Education,Small,UPI,Success,
T00008724,M00097,2025-03-01 20:16:42,5159.44,Professional Services,Small,Credit Card,Success,
T00008725,M00025,2025-12-07 18:14:16,1597.55,Food Delivery,Small,UPI,Success,
T00008726,M00062,2025-12-25 18:14:37,3114.4,Retail,Medium,Credit Card,Success,
T00008727,M00017,2025-04-26 15:47:33,13619.77,Professional Services,Small,Credit Card,Success,
T00008728,M00077,2025-06-27 17:45:41,9211.59,Professional Services,Medium,Credit Card,Success,
T00008729,M00055,2025-09-29 00:21:36,21971.36,SaaS,Medium,Net Banking,Success,
T00008730,M00065,2025-08-01 10:53:48,1062.58,E-commerce,Large,Debit Card,Failed,Network Error
T00008731,M00055,2025-04-16 10:07:46,14472.72,SaaS,Medium,Net Banking,Success,
T00008732,M00013,2025-05-08 14:03:43,3467.38,E-commerce,Small,Debit Card,Success,
T00008733,M00040,2025-06-16 16:06:58,12684.42,Professional Services,Small,Net Banking,Success,
T00008734,M00068,2025-02-09 07:53:13,2069.55,Retail,Medium,Debit Card,Success,
T00008735,M00050,2025-07-29 02:15:03,14792.16,SaaS,Small,Wallet,Success,
T00008736,M00042,2025-04-02 19:04:27,12941.55,Healthcare,Small,Debit Card,Success,
T00008737,M00075,2025-10-20 01:37:15,758.24,E-commerce,Small,Wallet,Success,
T00008738,M00048,2025-06-11 06:41:43,575.49,Food Delivery,Medium,Credit Card,Success,
T00008739,M00067,2025-12-01 03:55:14,576.81,Food Delivery,Medium,Credit Card,Success,
T00008740,M00091,2025-06-02 21:05:49,29388.88,Professional Services,Small,Net Banking,Success,
T00008741,M00045,2025-07-20 02:39:20,1906.63,Media,Small,Wallet,Success,
T00008742,M00072,2025-04-06 02:06:12,536.33,Media,Small,Credit Card,Success,
T00008743,M00076,2025-11-10 04:13:16,7990.35,Education,Small,Net Banking,Success,
T00008744,M00016,2025-09-26 09:49:46,1171.26,Retail,Medium,Debit Card,Success,
T00008745,M00024,2025-11-19 09:04:15,904.59,Gaming,Small,Credit Card,Success,
T00008746,M00079,2025-08-27 06:39:00,68.12,Food Delivery,Large,Credit Card,Success,
T00008747,M00043,2025-07-07 04:19:08,8599.24,Professional Services,Small,Wallet,Success,
T00008748,M00083,2025-12-15 01:32:18,1312.73,Retail,Small,Debit Card,Success,
T00008749,M00013,2025-10-12 05:56:48,2349.83,E-commerce,Small,Debit Card,Success,
T00008750,M00100,2025-02-17 13:39:11,847.43,E-commerce,Small,UPI,Failed,Authentication Failure
T00008751,M00021,2025-11-01 09:07:11,3141.95,E-commerce,Small,UPI,Success,
T00008752,M00034,2025-06-21 15:56:22,2243.19,Gaming,Medium,Debit Card,Success,
T00008753,M00049,2025-05-06 13:30:42,927.56,Retail,Medium,Wallet,Success,
T00008754,M00088,2025-11-19 20:43:17,377.12,Food Delivery,Small,UPI,Success,
T00008755,M00026,2025-05-31 22:01:06,1995.22,Retail,Medium,Credit Card,Success,
T00008756,M00095,2025-03-21 15:48:31,456.09,E-commerce,Small,Credit Card,Success,
T00008757,M00091,2025-03-16 06:37:30,12464.13,Professional Services,Small,Net Banking,Success,
T00008758,M00088,2025-08-16 05:20:04,550.78,Food Delivery,Small,UPI,Success,
T00008759,M00009,2025-08-17 14:26:24,669.88,Gaming,Small,Credit Card,Success,
T00008760,M00066,2025-11-15 17:06:00,1229.61,Education,Large,Net Banking,Success,
T00008761,M00061,2025-07-16 08:47:10,8606.65,SaaS,Medium,UPI,Success,
T00008762,M00025,2025-03-12 11:54:29,1007.46,Food Delivery,Small,UPI,Success,
T00008763,M00081,2025-09-30 19:55:21,603.24,Media,Small,UPI,Success,
T00008764,M00097,2025-02-04 08:14:18,5431.11,Professional Services,Small,Credit Card,Success,
T00008765,M00049,2025-06-25 08:15:53,1543.83,Retail,Medium,Wallet,Success,
T00008766,M00055,2025-08-02 20:55:57,13065.26,SaaS,Medium,Net Banking,Success,
T00008767,M00073,2025-05-08 15:06:53,4072.67,SaaS,Small,Net Banking,Success,
T00008768,M00018,2025-06-01 07:36:33,9228.26,Professional Services,Small,Net Banking,Success,
T00008769,M00098,2025-05-16 21:20:41,12881.21,SaaS,Medium,Credit Card,Success,
T00008770,M00088,2025-10-29 09:30:10,422.08,Food Delivery,Small,UPI,Success,
T00008771,M00046,2025-08-09 11:13:17,8429.0,Professional Services,Small,Net Banking,Success,
T00008772,M00071,2025-10-20 23:03:26,1871.77,Retail,Small,Debit Card,Success,
T00008773,M00053,2025-03-29 22:24:01,4612.46,Education,Small,Net Banking,Success,
T00008774,M00038,2025-12-23 09:02:31,5777.12,Education,Small,Debit Card,Success,
T00008775,M00042,2025-11-20 14:16:24,4597.57,Healthcare,Small,Debit Card,Failed,Network Error
T00008776,M00073,2025-07-27 04:23:08,4207.52,SaaS,Small,Net Banking,Success,
T00008777,M00093,2025-04-20 07:16:29,9708.48,SaaS,Small,Net Banking,Success,
T00008778,M00008,2025-04-14 00:47:44,15396.58,Travel,Small,Credit Card,Success,
T00008779,M00007,2025-01-25 02:35:36,4661.99,Gaming,Small,Net Banking,Success,
T00008780,M00060,2025-03-26 02:01:14,491.56,Food Delivery,Medium,Debit Card,Success,
T00008781,M00036,2025-04-08 11:54:45,954.94,Food Delivery,Medium,UPI,Success,
T00008782,M00082,2025-04-20 21:03:33,6008.24,Education,Large,Debit Card,Success,
T00008783,M00026,2025-10-03 21:11:44,1103.73,Retail,Medium,Credit Card,Success,
T00008784,M00018,2025-01-19 11:17:50,6167.29,Professional Services,Small,Net Banking,Success,
T00008785,M00027,2025-09-12 19:49:41,1821.98,E-commerce,Large,Credit Card,Success,
T00008786,M00100,2025-02-28 10:58:04,630.38,E-commerce,Small,UPI,Success,
T00008787,M00033,2025-11-19 15:33:30,5771.3,E-commerce,Small,UPI,Success,
T00008788,M00097,2025-06-06 23:24:05,4381.02,Professional Services,Small,Credit Card,Success,
T00008789,M00043,2025-01-13 19:23:57,5275.19,Professional Services,Small,Wallet,Success,
T00008790,M00046,2025-01-16 08:41:02,12222.93,Professional Services,Small,Net Banking,Success,
T00008791,M00028,2025-02-26 01:42:50,3331.64,E-commerce,Small,UPI,Success,
T00008792,M00074,2025-07-14 22:27:30,1485.77,Gaming,Medium,Credit Card,Success,
T00008793,M00032,2025-12-29 22:29:50,2181.67,Retail,Medium,Credit Card,Success,
T00008794,M00069,2025-01-24 06:26:10,8823.29,Education,Small,Credit Card,Success,
T00008795,M00027,2025-03-18 16:39:48,1745.25,E-commerce,Large,Credit Card,Success,
T00008796,M00092,2025-09-18 16:58:04,4623.91,Healthcare,Medium,Debit Card,Success,
T00008797,M00054,2025-11-22 04:30:47,1345.27,Media,Small,Credit Card,Success,
T00008798,M00092,2025-07-31 02:12:30,3750.76,Healthcare,Medium,Debit Card,Success,
T00008799,M00010,2025-02-01 00:08:21,1657.91,Retail,Medium,UPI,Success,
T00008800,M00096,2025-12-10 05:14:13,2228.5,Gaming,Small,UPI,Success,
T00008801,M00060,2025-07-12 10:30:37,860.85,Food Delivery,Medium,Debit Card,Success,
T00008802,M00030,2025-02-07 23:11:56,3637.76,E-commerce,Small,UPI,Success,
T00008803,M00050,2025-05-01 04:09:45,17924.32,SaaS,Small,Wallet,Failed,Network Error
T00008804,M00050,2025-12-18 22:30:36,9029.11,SaaS,Small,Wallet,Success,
T00008805,M00014,2025-12-03 21:02:58,7008.78,E-commerce,Large,Credit Card,Success,
T00008806,M00096,2025-11-08 20:32:31,1741.85,Gaming,Small,UPI,Success,
T00008807,M00093,2025-04-23 08:44:02,8033.11,SaaS,Small,Net Banking,Success,
T00008808,M00053,2025-11-27 12:40:53,4591.21,Education,Small,Net Banking,Success,
T00008809,M00067,2025-05-04 03:42:53,633.86,Food Delivery,Medium,Credit Card,Success,
T00008810,M00064,2025-10-28 01:13:10,9870.72,Professional Services,Large,Net Banking,Failed,Bank Decline
T00008811,M00030,2025-06-19 09:07:03,1666.69,E-commerce,Small,UPI,Success,
T00008812,M00035,2025-04-25 09:32:08,2012.25,Retail,Small,UPI,Success,
T00008813,M00069,2025-03-14 19:50:04,5453.43,Education,Small,Credit Card,Success,
T00008814,M00035,2025-01-31 22:46:29,1651.18,Retail,Small,UPI,Success,
T00008815,M00072,2025-09-05 10:41:18,509.49,Media,Small,Credit Card,Success,
T00008816,M00022,2025-05-28 04:04:39,415.41,Food Delivery,Small,Wallet,Success,
T00008817,M00037,2025-08-13 07:34:43,8553.5,Education,Medium,UPI,Success,
T00008818,M00051,2025-02-16 04:53:04,3809.09,Retail,Medium,UPI,Success,
T00008819,M00023,2025-12-07 14:01:57,10458.7,Healthcare,Small,Net Banking,Success,
T00008820,M00092,2025-05-11 07:13:49,5027.92,Healthcare,Medium,Debit Card,Success,
T00008821,M00042,2025-01-20 23:04:29,6175.65,Healthcare,Small,Debit Card,Failed,Bank Decline
T00008822,M00077,2025-05-31 21:25:06,9435.02,Professional Services,Medium,Credit Card,Success,
T00008823,M00028,2025-08-01 18:29:43,2336.65,E-commerce,Small,UPI,Success,
T00008824,M00078,2025-05-06 12:12:32,16692.77,SaaS,Medium,Net Banking,Success,
T00008825,M00039,2025-09-12 18:15:06,1460.54,Gaming,Small,UPI,Success,
T00008826,M00094,2025-02-23 22:55:40,11700.7,SaaS,Small,UPI,Success,
T00008827,M00097,2025-04-20 21:42:40,3319.06,Professional Services,Small,Credit Card,Success,
T00008828,M00086,2025-07-01 04:30:41,1181.51,Food Delivery,Large,UPI,Success,
T00008829,M00003,2025-08-20 22:24:25,3864.44,Education,Small,Credit Card,Success,
T00008830,M00069,2025-12-20 08:09:16,5080.36,Education,Small,Credit Card,Success,
T00008831,M00001,2025-06-01 15:02:27,273.67,Food Delivery,Small,UPI,Failed,Payment Timeout
T00008832,M00050,2025-03-27 18:59:25,9382.53,SaaS,Small,Wallet,Failed,Insufficient Funds
T00008833,M00032,2025-05-24 09:36:20,4583.67,Retail,Medium,Credit Card,Success,
T00008834,M00026,2025-05-13 07:51:46,2743.55,Retail,Medium,Credit Card,Success,
T00008835,M00079,2025-05-16 02:21:56,381.29,Food Delivery,Large,Credit Card,Success,
T00008836,M00070,2025-05-22 09:18:02,851.3,Food Delivery,Large,Debit Card,Success,
T00008837,M00033,2025-04-26 01:11:28,5814.26,E-commerce,Small,UPI,Success,
T00008838,M00085,2025-09-05 20:00:12,254.94,Gaming,Medium,Wallet,Success,
T00008839,M00007,2025-06-26 23:17:22,3459.62,Gaming,Small,Net Banking,Success,
T00008840,M00094,2025-05-21 10:35:31,14593.7,SaaS,Small,UPI,Success,
T00008841,M00083,2025-01-11 01:18:55,1519.21,Retail,Small,Debit Card,Success,
T00008842,M00034,2025-09-15 14:44:50,2432.69,Gaming,Medium,Debit Card,Success,
T00008843,M00012,2025-04-25 04:50:25,13676.64,SaaS,Medium,Net Banking,Success,
T00008844,M00031,2025-11-22 18:28:58,1133.68,Media,Small,Net Banking,Success,
T00008845,M00095,2025-11-14 20:09:02,397.08,E-commerce,Small,Credit Card,Failed,Bank Decline
T00008846,M00049,2025-04-12 05:41:09,1879.93,Retail,Medium,Wallet,Success,
T00008847,M00030,2025-09-30 00:30:54,1241.73,E-commerce,Small,UPI,Success,
T00008848,M00005,2025-01-02 23:59:01,24195.0,Travel,Small,Net Banking,Success,
T00008849,M00037,2025-09-05 20:11:20,9450.57,Education,Medium,UPI,Success,
T00008850,M00074,2025-01-23 21:52:06,1019.46,Gaming,Medium,Credit Card,Success,
T00008851,M00018,2025-11-09 07:45:07,8243.66,Professional Services,Small,Net Banking,Success,
T00008852,M00085,2025-01-03 23:50:26,270.67,Gaming,Medium,Wallet,Success,
T00008853,M00006,2025-03-07 10:32:19,3895.27,Retail,Small,UPI,Success,
T00008854,M00097,2025-12-04 22:40:50,10528.93,Professional Services,Small,Credit Card,Success,
T00008855,M00088,2025-03-04 15:46:37,754.11,Food Delivery,Small,UPI,Success,
T00008856,M00082,2025-03-09 23:01:04,7298.8,Education,Large,Debit Card,Success,
T00008857,M00011,2025-04-21 06:13:08,9174.64,Education,Small,UPI,Success,
T00008858,M00013,2025-03-02 09:46:52,2476.52,E-commerce,Small,Debit Card,Success,
T00008859,M00065,2025-05-20 00:01:03,2117.03,E-commerce,Large,Debit Card,Success,
T00008860,M00048,2025-01-01 12:00:45,758.57,Food Delivery,Medium,Credit Card,Success,
T00008861,M00019,2025-01-16 03:38:03,4387.69,E-commerce,Medium,Wallet,Success,
T00008862,M00067,2025-11-08 16:09:24,322.13,Food Delivery,Medium,Credit Card,Success,
T00008863,M00035,2025-05-25 20:51:05,2115.82,Retail,Small,UPI,Success,
T00008864,M00094,2025-04-06 15:26:47,10608.76,SaaS,Small,UPI,Success,
T00008865,M00062,2025-01-12 12:50:08,5667.45,Retail,Medium,Credit Card,Success,
T00008866,M00099,2025-05-04 18:21:14,1515.98,Retail,Small,Wallet,Failed,Authentication Failure
T00008867,M00053,2025-12-27 06:17:00,5538.91,Education,Small,Net Banking,Success,
T00008868,M00069,2025-02-20 23:21:26,9289.02,Education,Small,Credit Card,Success,
T00008869,M00042,2025-01-03 23:21:25,10705.08,Healthcare,Small,Debit Card,Success,
T00008870,M00067,2025-09-29 22:25:10,356.59,Food Delivery,Medium,Credit Card,Failed,Network Error
T00008871,M00013,2025-07-10 01:18:22,2230.5,E-commerce,Small,Debit Card,Success,
T00008872,M00017,2025-07-23 13:48:46,10390.17,Professional Services,Small,Credit Card,Success,
T00008873,M00086,2025-02-19 13:33:29,1186.04,Food Delivery,Large,UPI,Success,
T00008874,M00073,2025-12-14 13:35:05,3868.34,SaaS,Small,Net Banking,Success,
T00008875,M00026,2025-08-30 14:00:59,1505.37,Retail,Medium,Credit Card,Failed,Bank Decline
T00008876,M00083,2025-04-28 00:09:16,2494.67,Retail,Small,Debit Card,Success,
T00008877,M00001,2025-05-10 07:00:18,422.52,Food Delivery,Small,UPI,Success,
T00008878,M00019,2025-10-23 12:34:20,4127.5,E-commerce,Medium,Wallet,Success,
T00008879,M00066,2025-12-28 02:41:22,1301.53,Education,Large,Net Banking,Success,
T00008880,M00029,2025-11-07 15:18:17,3260.97,Retail,Small,Debit Card,Success,
T00008881,M00005,2025-10-12 13:51:16,28134.64,Travel,Small,Net Banking,Success,
T00008882,M00001,2025-02-03 00:16:48,341.31,Food Delivery,Small,UPI,Success,
T00008883,M00088,2025-09-19 19:23:26,417.86,Food Delivery,Small,UPI,Success,
T00008884,M00083,2025-03-28 05:18:40,1352.17,Retail,Small,Debit Card,Success,
T00008885,M00025,2025-07-13 07:06:14,1547.41,Food Delivery,Small,UPI,Success,
T00008886,M00091,2025-01-10 16:26:03,16353.23,Professional Services,Small,Net Banking,Success,
T00008887,M00082,2025-03-30 07:00:15,3957.48,Education,Large,Debit Card,Success,
T00008888,M00075,2025-02-26 15:58:12,639.42,E-commerce,Small,Wallet,Success,
T00008889,M00083,2025-11-16 23:22:24,1169.44,Retail,Small,Debit Card,Success,
T00008890,M00064,2025-04-08 07:35:03,4629.75,Professional Services,Large,Net Banking,Failed,Bank Decline
T00008891,M00054,2025-11-16 05:46:30,907.1,Media,Small,Credit Card,Success,
T00008892,M00085,2025-11-13 06:01:25,249.28,Gaming,Medium,Wallet,Success,
T00008893,M00044,2025-05-06 12:05:47,24969.83,Professional Services,Small,Net Banking,Success,
T00008894,M00099,2025-08-19 01:09:45,3505.93,Retail,Small,Wallet,Success,
T00008895,M00010,2025-09-29 00:38:43,2043.2,Retail,Medium,UPI,Success,
T00008896,M00059,2025-08-12 15:53:38,510.2,Retail,Medium,UPI,Success,
T00008897,M00088,2025-01-01 06:10:36,821.87,Food Delivery,Small,UPI,Success,
T00008898,M00018,2025-09-05 15:10:05,5231.5,Professional Services,Small,Net Banking,Success,
T00008899,M00030,2025-04-26 17:54:32,2298.62,E-commerce,Small,UPI,Success,
T00008900,M00072,2025-07-30 23:11:41,986.29,Media,Small,Credit Card,Success,
T00008901,M00080,2025-05-27 12:20:18,861.13,Media,Small,Credit Card,Success,
T00008902,M00059,2025-06-28 12:41:36,846.23,Retail,Medium,UPI,Success,
T00008903,M00071,2025-06-25 16:10:50,2665.44,Retail,Small,Debit Card,Success,
T00008904,M00019,2025-02-02 05:33:48,3307.79,E-commerce,Medium,Wallet,Success,
T00008905,M00018,2025-02-25 21:15:37,7067.26,Professional Services,Small,Net Banking,Success,
T00008906,M00078,2025-09-15 19:49:48,13683.04,SaaS,Medium,Net Banking,Success,
T00008907,M00078,2025-04-27 01:23:57,8849.17,SaaS,Medium,Net Banking,Success,
T00008908,M00100,2025-03-27 10:06:04,564.49,E-commerce,Small,UPI,Success,
T00008909,M00098,2025-07-18 20:26:57,11092.97,SaaS,Medium,Credit Card,Success,
T00008910,M00094,2025-08-27 08:50:59,15556.02,SaaS,Small,UPI,Success,
T00008911,M00087,2025-08-27 00:21:31,2156.24,Media,Small,Wallet,Success,
T00008912,M00064,2025-10-28 13:00:35,6226.0,Professional Services,Large,Net Banking,Success,
T00008913,M00025,2025-11-30 20:48:36,1370.26,Food Delivery,Small,UPI,Success,
T00008914,M00098,2025-01-04 13:17:12,10168.49,SaaS,Medium,Credit Card,Success,
T00008915,M00095,2025-09-20 06:21:54,692.53,E-commerce,Small,Credit Card,Success,
T00008916,M00048,2025-03-09 14:48:45,1102.77,Food Delivery,Medium,Credit Card,Success,
T00008917,M00078,2025-07-18 22:49:51,14085.43,SaaS,Medium,Net Banking,Success,
T00008918,M00038,2025-10-03 12:26:30,3221.95,Education,Small,Debit Card,Success,
T00008919,M00016,2025-02-12 22:58:07,963.5,Retail,Medium,Debit Card,Failed,Authentication Failure
T00008920,M00070,2025-08-22 03:41:30,828.97,Food Delivery,Large,Debit Card,Success,
T00008921,M00015,2025-07-27 14:37:13,1830.19,E-commerce,Medium,UPI,Success,
T00008922,M00090,2025-08-16 04:12:49,11899.5,Healthcare,Medium,Debit Card,Success,
T00008923,M00037,2025-05-30 04:44:57,8402.63,Education,Medium,UPI,Success,
T00008924,M00041,2025-01-06 19:18:34,5853.33,E-commerce,Small,Wallet,Success,
T00008925,M00075,2025-03-05 21:38:40,545.21,E-commerce,Small,Wallet,Failed,Bank Decline
T00008926,M00090,2025-03-28 01:40:41,10003.55,Healthcare,Medium,Debit Card,Success,
T00008927,M00096,2025-08-30 00:14:56,1918.43,Gaming,Small,UPI,Success,
T00008928,M00061,2025-03-12 09:40:52,4566.14,SaaS,Medium,UPI,Success,
T00008929,M00063,2025-11-26 10:56:52,6833.91,Healthcare,Small,Credit Card,Success,
T00008930,M00088,2025-02-24 02:21:55,826.7,Food Delivery,Small,UPI,Success,
T00008931,M00082,2025-03-29 21:49:35,6844.87,Education,Large,Debit Card,Success,
T00008932,M00017,2025-08-23 23:56:55,10898.97,Professional Services,Small,Credit Card,Success,
T00008933,M00019,2025-03-13 09:20:09,6416.18,E-commerce,Medium,Wallet,Success,
T00008934,M00030,2025-06-21 21:32:05,1914.27,E-commerce,Small,UPI,Success,
T00008935,M00064,2025-07-08 12:00:13,7437.6,Professional Services,Large,Net Banking,Success,
T00008936,M00096,2025-02-20 21:12:47,1991.87,Gaming,Small,UPI,Success,
T00008937,M00027,2025-02-03 19:01:07,1094.93,E-commerce,Large,Credit Card,Success,
T00008938,M00023,2025-12-18 12:49:10,8695.0,Healthcare,Small,Net Banking,Success,
T00008939,M00004,2025-09-23 19:58:29,2111.04,Education,Medium,UPI,Success,
T00008940,M00056,2025-08-23 14:50:24,5844.22,E-commerce,Large,Credit Card,Success,
T00008941,M00020,2025-11-30 09:13:15,8738.24,Healthcare,Small,Net Banking,Success,
T00008942,M00043,2025-02-19 00:17:13,5273.54,Professional Services,Small,Wallet,Success,
T00008943,M00016,2025-10-19 20:42:49,1223.15,Retail,Medium,Debit Card,Success,
T00008944,M00098,2025-08-16 17:21:33,12373.91,SaaS,Medium,Credit Card,Success,
T00008945,M00002,2025-01-18 12:54:00,766.95,Retail,Small,UPI,Success,
T00008946,M00093,2025-01-03 22:44:35,10587.42,SaaS,Small,Net Banking,Success,
T00008947,M00069,2025-01-18 12:12:23,4035.57,Education,Small,Credit Card,Success,
T00008948,M00033,2025-08-12 20:56:34,4916.86,E-commerce,Small,UPI,Success,
T00008949,M00013,2025-04-05 13:45:29,2669.44,E-commerce,Small,Debit Card,Success,
T00008950,M00046,2025-07-09 05:09:34,19428.56,Professional Services,Small,Net Banking,Success,
T00008951,M00010,2025-01-24 23:57:48,2806.43,Retail,Medium,UPI,Success,
T00008952,M00003,2025-08-14 22:27:49,4167.67,Education,Small,Credit Card,Success,
T00008953,M00092,2025-06-17 02:33:53,5014.37,Healthcare,Medium,Debit Card,Success,
T00008954,M00064,2025-05-27 05:54:50,8596.48,Professional Services,Large,Net Banking,Success,
T00008955,M00054,2025-09-20 22:14:23,914.31,Media,Small,Credit Card,Success,
T00008956,M00002,2025-05-24 02:21:14,1237.53,Retail,Small,UPI,Success,
T00008957,M00044,2025-08-21 21:37:43,12532.7,Professional Services,Small,Net Banking,Success,
T00008958,M00037,2025-08-30 10:11:21,10490.2,Education,Medium,UPI,Success,
T00008959,M00041,2025-02-25 09:22:31,4615.3,E-commerce,Small,Wallet,Success,
T00008960,M00006,2025-10-10 07:43:26,4139.4,Retail,Small,UPI,Success,
T00008961,M00083,2025-03-26 08:24:21,1798.76,Retail,Small,Debit Card,Failed,Technical Error
T00008962,M00031,2025-09-01 16:57:12,1998.12,Media,Small,Net Banking,Success,
T00008963,M00056,2025-12-22 18:11:44,5428.27,E-commerce,Large,Credit Card,Success,
T00008964,M00022,2025-05-27 08:26:42,206.14,Food Delivery,Small,Wallet,Success,
T00008965,M00072,2025-10-13 00:36:04,823.68,Media,Small,Credit Card,Success,
T00008966,M00067,2025-10-15 10:08:20,630.23,Food Delivery,Medium,Credit Card,Success,
T00008967,M00038,2025-04-25 20:12:05,4060.9,Education,Small,Debit Card,Success,
T00008968,M00083,2025-09-29 13:56:41,1424.26,Retail,Small,Debit Card,Success,
T00008969,M00009,2025-12-24 06:59:26,1043.04,Gaming,Small,Credit Card,Success,
T00008970,M00013,2025-06-13 09:23:46,2813.67,E-commerce,Small,Debit Card,Success,
T00008971,M00040,2025-05-13 00:51:20,14766.66,Professional Services,Small,Net Banking,Success,
T00008972,M00053,2025-12-15 02:24:29,4505.64,Education,Small,Net Banking,Success,
T00008973,M00034,2025-01-26 23:31:13,2072.35,Gaming,Medium,Debit Card,Success,
T00008974,M00096,2025-02-03 14:36:58,2338.15,Gaming,Small,UPI,Success,
T00008975,M00093,2025-09-09 15:49:32,5927.12,SaaS,Small,Net Banking,Success,
T00008976,M00097,2025-01-29 19:23:57,9751.65,Professional Services,Small,Credit Card,Success,
T00008977,M00098,2025-08-31 16:56:01,13624.87,SaaS,Medium,Credit Card,Success,
T00008978,M00082,2025-02-14 05:24:44,6848.06,Education,Large,Debit Card,Success,
T00008979,M00038,2025-09-01 03:20:07,1102.07,Education,Small,Debit Card,Success,
T00008980,M00100,2025-09-02 08:33:52,563.62,E-commerce,Small,UPI,Success,
T00008981,M00087,2025-09-03 16:21:45,1423.0,Media,Small,Wallet,Success,
T00008982,M00096,2025-03-19 01:25:54,1908.25,Gaming,Small,UPI,Success,
T00008983,M00026,2025-02-17 19:24:51,1075.89,Retail,Medium,Credit Card,Success,
T00008984,M00088,2025-02-23 14:48:27,615.62,Food Delivery,Small,UPI,Success,
T00008985,M00092,2025-09-04 21:42:09,3334.2,Healthcare,Medium,Debit Card,Success,
T00008986,M00046,2025-06-10 19:33:09,13472.87,Professional Services,Small,Net Banking,Success,
T00008987,M00023,2025-07-13 09:30:42,8743.8,Healthcare,Small,Net Banking,Success,
T00008988,M00032,2025-05-02 00:02:02,2996.04,Retail,Medium,Credit Card,Success,
T00008989,M00068,2025-01-16 13:13:19,2210.57,Retail,Medium,Debit Card,Success,
T00008990,M00074,2025-05-11 17:49:28,1154.71,Gaming,Medium,Credit Card,Success,
T00008991,M00090,2025-04-06 09:41:59,6145.92,Healthcare,Medium,Debit Card,Success,
T00008992,M00053,2025-02-27 16:08:42,3553.84,Education,Small,Net Banking,Success,
T00008993,M00007,2025-10-01 00:47:54,2760.58,Gaming,Small,Net Banking,Success,
T00008994,M00084,2025-05-14 19:42:53,337.3,Food Delivery,Small,Net Banking,Success,
T00008995,M00073,2025-09-01 06:10:59,2803.2,SaaS,Small,Net Banking,Success,
T00008996,M00065,2025-02-19 05:57:15,1504.74,E-commerce,Large,Debit Card,Failed,Payment Timeout
T00008997,M00088,2025-10-05 03:17:11,670.02,Food Delivery,Small,UPI,Success,
T00008998,M00027,2025-11-08 06:01:51,2148.29,E-commerce,Large,Credit Card,Success,
T00008999,M00045,2025-06-10 06:57:53,2406.01,Media,Small,Wallet,Failed,Bank Decline
T00009000,M00027,2025-12-24 00:57:43,1747.48,E-commerce,Large,Credit Card,Success,
T00009001,M00036,2025-01-17 00:25:23,1232.19,Food Delivery,Medium,UPI,Success,
T00009002,M00085,2025-01-12 18:43:55,533.79,Gaming,Medium,Wallet,Success,
T00009003,M00097,2025-11-09 04:13:27,5229.62,Professional Services,Small,Credit Card,Success,
T00009004,M00046,2025-03-13 10:54:10,18967.58,Professional Services,Small,Net Banking,Success,
T00009005,M00060,2025-12-03 05:49:41,623.79,Food Delivery,Medium,Debit Card,Success,
T00009006,M00086,2025-01-25 16:55:20,899.13,Food Delivery,Large,UPI,Success,
T00009007,M00052,2025-07-09 11:06:28,27132.73,Travel,Medium,Credit Card,Failed,Bank Decline
T00009008,M00032,2025-11-10 17:13:39,3257.51,Retail,Medium,Credit Card,Success,
T00009009,M00029,2025-07-09 21:53:37,5219.5,Retail,Small,Debit Card,Success,
T00009010,M00005,2025-12-28 07:30:43,22959.89,Travel,Small,Net Banking,Success,
T00009011,M00031,2025-08-27 07:07:13,1194.75,Media,Small,Net Banking,Success,
T00009012,M00072,2025-07-18 13:44:52,921.41,Media,Small,Credit Card,Success,
T00009013,M00060,2025-06-15 09:18:26,667.33,Food Delivery,Medium,Debit Card,Success,
T00009014,M00026,2025-04-22 20:09:34,2111.72,Retail,Medium,Credit Card,Success,
T00009015,M00074,2025-11-19 12:27:26,1257.57,Gaming,Medium,Credit Card,Success,
T00009016,M00045,2025-05-03 07:05:38,3021.73,Media,Small,Wallet,Success,
T00009017,M00073,2025-06-10 12:00:32,1182.61,SaaS,Small,Net Banking,Success,
T00009018,M00050,2025-05-29 18:32:28,7462.13,SaaS,Small,Wallet,Success,
T00009019,M00046,2025-05-10 15:16:04,15286.23,Professional Services,Small,Net Banking,Success,
T00009020,M00077,2025-12-03 11:08:06,6652.47,Professional Services,Medium,Credit Card,Success,
T00009021,M00088,2025-02-19 01:53:05,683.56,Food Delivery,Small,UPI,Success,
T00009022,M00009,2025-03-11 15:24:45,313.65,Gaming,Small,Credit Card,Success,
T00009023,M00097,2025-03-31 20:56:40,7054.11,Professional Services,Small,Credit Card,Success,
T00009024,M00014,2025-08-15 22:08:02,2083.38,E-commerce,Large,Credit Card,Success,
T00009025,M00080,2025-04-10 23:08:51,717.64,Media,Small,Credit Card,Success,
T00009026,M00009,2025-02-20 20:55:08,633.39,Gaming,Small,Credit Card,Success,
T00009027,M00075,2025-04-27 23:01:52,303.55,E-commerce,Small,Wallet,Success,
T00009028,M00032,2025-01-02 16:44:05,3204.18,Retail,Medium,Credit Card,Success,
T00009029,M00074,2025-11-02 19:18:21,1283.68,Gaming,Medium,Credit Card,Success,
T00009030,M00036,2025-11-29 20:06:20,1374.5,Food Delivery,Medium,UPI,Success,
T00009031,M00082,2025-11-28 21:27:48,5483.98,Education,Large,Debit Card,Success,
T00009032,M00091,2025-12-20 16:24:43,9230.17,Professional Services,Small,Net Banking,Success,
T00009033,M00043,2025-07-11 08:43:53,4984.71,Professional Services,Small,Wallet,Success,
T00009034,M00034,2025-05-26 02:01:15,1012.5,Gaming,Medium,Debit Card,Success,
T00009035,M00076,2025-07-21 20:26:36,6811.54,Education,Small,Net Banking,Success,
T00009036,M00029,2025-03-21 01:47:58,5839.2,Retail,Small,Debit Card,Success,
T00009037,M00001,2025-08-26 06:35:54,331.55,Food Delivery,Small,UPI,Success,
T00009038,M00002,2025-09-22 07:58:17,898.89,Retail,Small,UPI,Success,
T00009039,M00027,2025-02-25 22:20:51,1640.86,E-commerce,Large,Credit Card,Success,
T00009040,M00086,2025-12-09 01:56:21,910.12,Food Delivery,Large,UPI,Success,
T00009041,M00082,2025-01-22 18:53:33,9159.42,Education,Large,Debit Card,Success,
T00009042,M00005,2025-01-25 20:48:53,19962.54,Travel,Small,Net Banking,Success,
T00009043,M00065,2025-06-03 06:56:26,740.53,E-commerce,Large,Debit Card,Success,
T00009044,M00049,2025-06-03 13:37:12,1499.9,Retail,Medium,Wallet,Success,
T00009045,M00044,2025-09-02 17:19:55,15674.31,Professional Services,Small,Net Banking,Success,
T00009046,M00005,2025-11-10 19:13:01,29261.64,Travel,Small,Net Banking,Success,
T00009047,M00041,2025-03-19 20:26:03,4955.87,E-commerce,Small,Wallet,Success,
T00009048,M00082,2025-11-05 06:31:20,6488.41,Education,Large,Debit Card,Success,
T00009049,M00011,2025-01-11 12:16:45,9243.86,Education,Small,UPI,Success,
T00009050,M00019,2025-10-07 15:16:20,2242.13,E-commerce,Medium,Wallet,Success,
T00009051,M00021,2025-04-24 11:17:44,2049.78,E-commerce,Small,UPI,Success,
T00009052,M00033,2025-04-09 07:19:01,4008.03,E-commerce,Small,UPI,Success,
T00009053,M00079,2025-12-04 17:59:06,189.23,Food Delivery,Large,Credit Card,Success,
T00009054,M00068,2025-06-14 05:20:13,1404.1,Retail,Medium,Debit Card,Success,
T00009055,M00037,2025-09-20 09:56:04,6817.22,Education,Medium,UPI,Success,
T00009056,M00060,2025-03-06 14:49:34,572.83,Food Delivery,Medium,Debit Card,Failed,Technical Error
T00009057,M00077,2025-07-29 19:33:48,5514.01,Professional Services,Medium,Credit Card,Success,
T00009058,M00038,2025-02-03 07:39:27,2518.48,Education,Small,Debit Card,Success,
T00009059,M00009,2025-05-29 00:57:13,1029.34,Gaming,Small,Credit Card,Success,
T00009060,M00006,2025-08-24 13:49:29,3378.37,Retail,Small,UPI,Success,
T00009061,M00047,2025-12-12 21:29:00,649.83,Healthcare,Medium,UPI,Success,
T00009062,M00055,2025-08-07 08:56:03,16610.79,SaaS,Medium,Net Banking,Failed,Authentication Failure
T00009063,M00022,2025-04-19 17:09:10,200.29,Food Delivery,Small,Wallet,Success,
T00009064,M00034,2025-03-14 22:23:49,1154.05,Gaming,Medium,Debit Card,Success,
T00009065,M00067,2025-08-30 10:01:36,304.36,Food Delivery,Medium,Credit Card,Success,
T00009066,M00064,2025-12-28 09:09:13,11270.81,Professional Services,Large,Net Banking,Success,
T00009067,M00073,2025-01-20 09:16:26,5389.56,SaaS,Small,Net Banking,Success,
T00009068,M00065,2025-01-31 01:50:32,445.32,E-commerce,Large,Debit Card,Success,
T00009069,M00060,2025-05-09 20:37:17,568.26,Food Delivery,Medium,Debit Card,Success,
T00009070,M00054,2025-12-16 09:09:42,1116.99,Media,Small,Credit Card,Success,
T00009071,M00097,2025-09-26 07:52:12,9741.11,Professional Services,Small,Credit Card,Success,
T00009072,M00004,2025-01-19 22:43:59,1535.88,Education,Medium,UPI,Success,
T00009073,M00029,2025-07-23 11:18:47,3938.08,Retail,Small,Debit Card,Success,
T00009074,M00004,2025-10-13 13:28:22,1270.71,Education,Medium,UPI,Success,
T00009075,M00059,2025-04-10 03:23:25,758.66,Retail,Medium,UPI,Success,
T00009076,M00030,2025-04-04 23:30:46,2371.8,E-commerce,Small,UPI,Success,
T00009077,M00042,2025-06-07 13:05:21,7232.55,Healthcare,Small,Debit Card,Success,
T00009078,M00091,2025-03-24 22:40:50,21175.06,Professional Services,Small,Net Banking,Success,
T00009079,M00069,2025-03-16 03:37:00,3747.48,Education,Small,Credit Card,Success,
T00009080,M00100,2025-09-08 18:36:16,661.5,E-commerce,Small,UPI,Success,
T00009081,M00077,2025-05-01 12:09:08,5577.54,Professional Services,Medium,Credit Card,Success,
T00009082,M00043,2025-01-17 08:03:12,5667.49,Professional Services,Small,Wallet,Success,
T00009083,M00100,2025-01-05 16:03:19,876.16,E-commerce,Small,UPI,Success,
T00009084,M00060,2025-05-29 03:12:53,699.05,Food Delivery,Medium,Debit Card,Success,
T00009085,M00022,2025-02-12 17:10:47,186.66,Food Delivery,Small,Wallet,Success,
T00009086,M00085,2025-01-15 00:23:56,432.02,Gaming,Medium,Wallet,Success,
T00009087,M00010,2025-12-27 01:35:03,1694.19,Retail,Medium,UPI,Success,
T00009088,M00011,2025-12-21 03:29:52,6583.5,Education,Small,UPI,Success,
T00009089,M00027,2025-06-07 04:59:41,2061.26,E-commerce,Large,Credit Card,Success,
T00009090,M00020,2025-10-01 03:05:02,6613.84,Healthcare,Small,Net Banking,Success,
T00009091,M00005,2025-09-30 12:34:02,27849.09,Travel,Small,Net Banking,Success,
T00009092,M00038,2025-12-27 08:07:25,3471.73,Education,Small,Debit Card,Success,
T00009093,M00064,2025-11-07 05:39:52,5379.64,Professional Services,Large,Net Banking,Success,
T00009094,M00092,2025-08-10 20:46:25,4259.98,Healthcare,Medium,Debit Card,Success,
T00009095,M00096,2025-11-19 23:06:56,1344.19,Gaming,Small,UPI,Success,
T00009096,M00053,2025-07-22 11:01:11,5006.16,Education,Small,Net Banking,Success,
T00009097,M00034,2025-03-19 08:44:11,1601.05,Gaming,Medium,Debit Card,Success,
T00009098,M00034,2025-10-07 09:27:14,1652.36,Gaming,Medium,Debit Card,Success,
T00009099,M00021,2025-01-11 21:45:38,1572.38,E-commerce,Small,UPI,Success,
T00009100,M00005,2025-03-15 15:07:08,43398.35,Travel,Small,Net Banking,Success,
T00009101,M00015,2025-09-07 23:00:31,1358.0,E-commerce,Medium,UPI,Success,
T00009102,M00043,2025-06-20 18:35:45,4769.35,Professional Services,Small,Wallet,Success,
T00009103,M00060,2025-07-31 19:47:52,475.21,Food Delivery,Medium,Debit Card,Success,
T00009104,M00065,2025-04-07 02:32:31,1826.35,E-commerce,Large,Debit Card,Success,
T00009105,M00009,2025-08-19 09:38:57,847.12,Gaming,Small,Credit Card,Success,
T00009106,M00012,2025-05-31 15:27:20,6911.11,SaaS,Medium,Net Banking,Success,
T00009107,M00062,2025-02-25 03:46:50,6550.09,Retail,Medium,Credit Card,Success,
T00009108,M00025,2025-05-11 03:50:04,1527.63,Food Delivery,Small,UPI,Success,
T00009109,M00049,2025-01-26 20:09:32,1219.51,Retail,Medium,Wallet,Success,
T00009110,M00079,2025-06-15 04:17:31,155.41,Food Delivery,Large,Credit Card,Success,
T00009111,M00063,2025-07-08 07:23:05,4172.33,Healthcare,Small,Credit Card,Success,
T00009112,M00080,2025-10-29 12:16:21,693.31,Media,Small,Credit Card,Success,
T00009113,M00002,2025-02-28 21:14:47,982.41,Retail,Small,UPI,Success,
T00009114,M00018,2025-11-17 16:22:41,5926.71,Professional Services,Small,Net Banking,Success,
T00009115,M00028,2025-07-06 00:30:32,2368.51,E-commerce,Small,UPI,Success,
T00009116,M00055,2025-09-09 09:43:47,8950.64,SaaS,Medium,Net Banking,Success,
T00009117,M00082,2025-05-03 23:26:45,8161.21,Education,Large,Debit Card,Success,
T00009118,M00040,2025-01-24 18:42:18,14109.45,Professional Services,Small,Net Banking,Success,
T00009119,M00067,2025-02-18 20:22:21,622.61,Food Delivery,Medium,Credit Card,Success,
T00009120,M00029,2025-02-11 08:36:30,3264.05,Retail,Small,Debit Card,Failed,Insufficient Funds
T00009121,M00009,2025-11-09 03:52:57,378.6,Gaming,Small,Credit Card,Failed,Insufficient Funds
T00009122,M00044,2025-07-27 20:09:14,12882.5,Professional Services,Small,Net Banking,Success,
T00009123,M00013,2025-12-25 18:58:40,933.58,E-commerce,Small,Debit Card,Success,
T00009124,M00003,2025-09-06 03:03:34,4599.55,Education,Small,Credit Card,Success,
T00009125,M00054,2025-11-18 19:35:26,1076.67,Media,Small,Credit Card,Success,
T00009126,M00021,2025-07-07 21:09:30,4278.35,E-commerce,Small,UPI,Success,
T00009127,M00024,2025-07-02 04:43:37,427.22,Gaming,Small,Credit Card,Success,
T00009128,M00037,2025-02-16 22:35:43,8216.28,Education,Medium,UPI,Success,
T00009129,M00043,2025-07-14 16:06:24,4916.42,Professional Services,Small,Wallet,Success,
T00009130,M00032,2025-07-06 16:44:31,3342.44,Retail,Medium,Credit Card,Success,
T00009131,M00073,2025-12-24 21:23:28,3923.99,SaaS,Small,Net Banking,Success,
T00009132,M00039,2025-01-04 08:20:43,1989.62,Gaming,Small,UPI,Success,
T00009133,M00001,2025-02-02 05:05:45,403.15,Food Delivery,Small,UPI,Success,
T00009134,M00003,2025-11-30 00:56:26,4454.9,Education,Small,Credit Card,Success,
T00009135,M00090,2025-03-17 03:11:51,8630.79,Healthcare,Medium,Debit Card,Success,
T00009136,M00068,2025-09-21 05:39:06,1838.87,Retail,Medium,Debit Card,Failed,Network Error
T00009137,M00056,2025-10-14 22:40:06,3366.34,E-commerce,Large,Credit Card,Success,
T00009138,M00017,2025-06-23 14:40:14,5467.48,Professional Services,Small,Credit Card,Failed,Insufficient Funds
T00009139,M00008,2025-10-22 03:23:53,6880.1,Travel,Small,Credit Card,Success,
T00009140,M00084,2025-06-15 21:43:44,222.46,Food Delivery,Small,Net Banking,Failed,Technical Error
T00009141,M00015,2025-08-14 02:29:07,1561.77,E-commerce,Medium,UPI,Success,
T00009142,M00032,2025-10-03 15:35:53,2216.1,Retail,Medium,Credit Card,Success,
T00009143,M00040,2025-05-16 20:59:48,13095.55,Professional Services,Small,Net Banking,Success,
T00009144,M00034,2025-04-25 22:52:45,1055.43,Gaming,Medium,Debit Card,Success,
T00009145,M00085,2025-08-25 16:01:10,393.42,Gaming,Medium,Wallet,Success,
T00009146,M00064,2025-03-17 15:24:02,5570.16,Professional Services,Large,Net Banking,Success,
T00009147,M00098,2025-04-14 07:25:57,16755.49,SaaS,Medium,Credit Card,Success,
T00009148,M00093,2025-03-04 17:04:24,7380.19,SaaS,Small,Net Banking,Failed,Network Error
T00009149,M00082,2025-02-23 18:04:17,8358.77,Education,Large,Debit Card,Success,
T00009150,M00049,2025-03-18 05:25:51,1409.2,Retail,Medium,Wallet,Success,
T00009151,M00076,2025-08-31 09:26:03,8763.52,Education,Small,Net Banking,Success,
T00009152,M00028,2025-02-04 06:29:20,3383.2,E-commerce,Small,UPI,Success,
T00009153,M00050,2025-10-23 05:56:29,11449.32,SaaS,Small,Wallet,Success,
T00009154,M00033,2025-06-28 02:58:17,7500.88,E-commerce,Small,UPI,Success,
T00009155,M00054,2025-09-27 05:49:58,885.66,Media,Small,Credit Card,Success,
T00009156,M00039,2025-10-24 00:48:23,2834.3,Gaming,Small,UPI,Success,
T00009157,M00077,2025-07-11 09:37:05,8371.5,Professional Services,Medium,Credit Card,Success,
T00009158,M00035,2025-05-08 16:12:00,1171.27,Retail,Small,UPI,Success,
T00009159,M00004,2025-09-30 16:02:13,2283.66,Education,Medium,UPI,Success,
T00009160,M00026,2025-12-20 05:26:17,1866.36,Retail,Medium,Credit Card,Success,
T00009161,M00010,2025-01-04 11:04:42,2108.01,Retail,Medium,UPI,Success,
T00009162,M00078,2025-08-06 16:28:19,13280.31,SaaS,Medium,Net Banking,Success,
T00009163,M00024,2025-03-23 03:24:52,589.01,Gaming,Small,Credit Card,Success,
T00009164,M00001,2025-08-21 04:35:01,188.27,Food Delivery,Small,UPI,Success,
T00009165,M00069,2025-08-05 01:08:38,7775.45,Education,Small,Credit Card,Success,
T00009166,M00085,2025-07-17 03:10:32,372.52,Gaming,Medium,Wallet,Success,
T00009167,M00057,2025-03-22 09:31:44,5916.8,Healthcare,Medium,Credit Card,Success,
T00009168,M00031,2025-02-11 20:44:25,2561.63,Media,Small,Net Banking,Success,
T00009169,M00057,2025-06-06 11:29:00,8584.05,Healthcare,Medium,Credit Card,Success,
T00009170,M00010,2025-04-05 03:56:48,2004.29,Retail,Medium,UPI,Failed,Technical Error
T00009171,M00035,2025-07-16 06:16:16,3387.09,Retail,Small,UPI,Success,
T00009172,M00076,2025-04-21 03:38:02,4613.53,Education,Small,Net Banking,Success,
T00009173,M00032,2025-04-04 05:34:09,2731.87,Retail,Medium,Credit Card,Success,
T00009174,M00074,2025-07-12 04:23:04,996.25,Gaming,Medium,Credit Card,Success,
T00009175,M00063,2025-11-14 09:39:54,4118.12,Healthcare,Small,Credit Card,Success,
T00009176,M00030,2025-07-21 08:16:57,1902.89,E-commerce,Small,UPI,Success,
T00009177,M00039,2025-06-02 13:35:03,1522.53,Gaming,Small,UPI,Success,
T00009178,M00070,2025-12-17 03:54:35,1070.84,Food Delivery,Large,Debit Card,Success,
T00009179,M00081,2025-10-07 20:31:05,361.78,Media,Small,UPI,Success,
T00009180,M00079,2025-11-11 21:36:50,235.68,Food Delivery,Large,Credit Card,Success,
T00009181,M00043,2025-12-08 23:35:52,5059.25,Professional Services,Small,Wallet,Success,
T00009182,M00057,2025-06-01 21:31:49,5546.99,Healthcare,Medium,Credit Card,Success,
T00009183,M00006,2025-02-03 12:56:24,2776.49,Retail,Small,UPI,Success,
T00009184,M00040,2025-05-05 03:09:47,18458.32,Professional Services,Small,Net Banking,Success,
T00009185,M00017,2025-01-10 08:30:50,7995.97,Professional Services,Small,Credit Card,Success,
T00009186,M00018,2025-02-25 15:06:06,7270.54,Professional Services,Small,Net Banking,Success,
T00009187,M00065,2025-02-14 11:36:18,976.73,E-commerce,Large,Debit Card,Success,
T00009188,M00099,2025-12-08 09:52:57,5328.4,Retail,Small,Wallet,Success,
T00009189,M00029,2025-10-09 18:03:57,4390.64,Retail,Small,Debit Card,Success,
T00009190,M00085,2025-11-25 04:07:03,499.4,Gaming,Medium,Wallet,Success,
T00009191,M00017,2025-03-26 07:14:34,6982.41,Professional Services,Small,Credit Card,Success,
T00009192,M00098,2025-03-19 23:20:04,15675.54,SaaS,Medium,Credit Card,Success,
T00009193,M00003,2025-02-04 17:21:13,4499.43,Education,Small,Credit Card,Success,
T00009194,M00084,2025-01-21 08:32:43,394.47,Food Delivery,Small,Net Banking,Success,
T00009195,M00044,2025-08-20 03:33:37,13769.43,Professional Services,Small,Net Banking,Success,
T00009196,M00040,2025-02-14 06:09:57,11834.39,Professional Services,Small,Net Banking,Success,
T00009197,M00058,2025-11-11 09:28:50,2171.53,Food Delivery,Small,UPI,Success,
T00009198,M00003,2025-01-18 10:04:40,3254.51,Education,Small,Credit Card,Success,
T00009199,M00012,2025-09-07 23:41:33,13027.61,SaaS,Medium,Net Banking,Success,
T00009200,M00050,2025-04-19 05:28:37,11706.14,SaaS,Small,Wallet,Success,
T00009201,M00100,2025-07-31 04:09:54,914.48,E-commerce,Small,UPI,Success,
T00009202,M00013,2025-09-23 05:29:18,1756.37,E-commerce,Small,Debit Card,Success,
T00009203,M00033,2025-10-15 05:31:33,4369.75,E-commerce,Small,UPI,Success,
T00009204,M00009,2025-09-03 23:19:01,1356.54,Gaming,Small,Credit Card,Success,
T00009205,M00056,2025-06-14 22:28:04,7078.71,E-commerce,Large,Credit Card,Success,
T00009206,M00094,2025-07-27 07:16:46,14803.41,SaaS,Small,UPI,Success,
T00009207,M00038,2025-01-10 14:31:26,1459.74,Education,Small,Debit Card,Success,
T00009208,M00018,2025-02-23 05:54:53,7744.94,Professional Services,Small,Net Banking,Success,
T00009209,M00080,2025-06-16 15:24:09,574.13,Media,Small,Credit Card,Failed,Payment Timeout
T00009210,M00085,2025-04-28 17:05:42,399.15,Gaming,Medium,Wallet,Success,
T00009211,M00044,2025-12-14 05:53:26,14060.48,Professional Services,Small,Net Banking,Success,
T00009212,M00096,2025-01-02 10:54:50,1332.6,Gaming,Small,UPI,Success,
T00009213,M00097,2025-12-20 22:29:46,7102.38,Professional Services,Small,Credit Card,Success,
T00009214,M00095,2025-02-04 06:48:02,511.19,E-commerce,Small,Credit Card,Success,
T00009215,M00030,2025-05-16 11:31:54,1792.21,E-commerce,Small,UPI,Success,
T00009216,M00057,2025-10-16 00:58:33,3357.81,Healthcare,Medium,Credit Card,Success,
T00009217,M00093,2025-12-01 18:35:22,5192.83,SaaS,Small,Net Banking,Success,
T00009218,M00010,2025-06-23 22:24:02,1510.4,Retail,Medium,UPI,Success,
T00009219,M00037,2025-04-23 17:00:30,8190.99,Education,Medium,UPI,Success,
T00009220,M00020,2025-02-18 11:08:44,8333.74,Healthcare,Small,Net Banking,Success,
T00009221,M00028,2025-02-24 08:14:59,1871.74,E-commerce,Small,UPI,Success,
T00009222,M00076,2025-06-08 12:37:26,4945.42,Education,Small,Net Banking,Success,
T00009223,M00100,2025-05-19 05:57:28,491.37,E-commerce,Small,UPI,Success,
T00009224,M00040,2025-11-12 11:07:59,7491.26,Professional Services,Small,Net Banking,Success,
T00009225,M00058,2025-07-06 00:00:32,1332.84,Food Delivery,Small,UPI,Success,
T00009226,M00051,2025-06-04 14:49:34,3330.43,Retail,Medium,UPI,Success,
T00009227,M00035,2025-02-18 15:33:25,1520.09,Retail,Small,UPI,Failed,Authentication Failure
T00009228,M00001,2025-12-26 22:44:47,261.43,Food Delivery,Small,UPI,Success,
T00009229,M00026,2025-07-31 13:24:34,985.85,Retail,Medium,Credit Card,Success,
T00009230,M00078,2025-02-04 02:11:01,12143.32,SaaS,Medium,Net Banking,Success,
T00009231,M00009,2025-06-03 23:45:43,1117.61,Gaming,Small,Credit Card,Success,
T00009232,M00085,2025-12-25 23:16:19,264.31,Gaming,Medium,Wallet,Success,
T00009233,M00078,2025-08-18 23:00:02,15323.2,SaaS,Medium,Net Banking,Success,
T00009234,M00074,2025-07-19 21:34:05,1340.73,Gaming,Medium,Credit Card,Success,
T00009235,M00045,2025-07-19 23:01:02,3760.85,Media,Small,Wallet,Success,
T00009236,M00005,2025-09-07 22:36:47,26000.99,Travel,Small,Net Banking,Success,
T00009237,M00002,2025-06-03 11:17:02,1166.17,Retail,Small,UPI,Success,
T00009238,M00079,2025-12-23 00:58:41,231.11,Food Delivery,Large,Credit Card,Success,
T00009239,M00027,2025-09-20 12:34:27,2055.79,E-commerce,Large,Credit Card,Success,
T00009240,M00063,2025-06-30 02:55:30,3814.46,Healthcare,Small,Credit Card,Success,
T00009241,M00053,2025-08-15 16:46:37,4278.93,Education,Small,Net Banking,Success,
T00009242,M00041,2025-02-22 15:41:18,5624.92,E-commerce,Small,Wallet,Success,
T00009243,M00004,2025-08-30 17:59:53,1395.33,Education,Medium,UPI,Success,
T00009244,M00008,2025-08-23 06:48:20,14563.38,Travel,Small,Credit Card,Success,
T00009245,M00016,2025-05-28 15:33:08,905.0,Retail,Medium,Debit Card,Success,
T00009246,M00066,2025-08-05 08:01:24,2057.33,Education,Large,Net Banking,Success,
T00009247,M00027,2025-10-16 04:25:35,1184.49,E-commerce,Large,Credit Card,Success,
T00009248,M00062,2025-12-23 16:37:49,4027.9,Retail,Medium,Credit Card,Success,
T00009249,M00084,2025-12-30 03:27:51,363.2,Food Delivery,Small,Net Banking,Success,
T00009250,M00049,2025-10-31 04:43:48,2167.73,Retail,Medium,Wallet,Success,
T00009251,M00008,2025-07-07 12:27:01,11329.68,Travel,Small,Credit Card,Success,
T00009252,M00007,2025-11-16 14:35:17,2775.06,Gaming,Small,Net Banking,Success,
T00009253,M00003,2025-12-02 03:29:03,3394.36,Education,Small,Credit Card,Success,
T00009254,M00058,2025-07-27 12:48:44,1741.6,Food Delivery,Small,UPI,Success,
T00009255,M00021,2025-02-01 04:15:09,1764.11,E-commerce,Small,UPI,Success,
T00009256,M00009,2025-06-16 10:11:38,435.6,Gaming,Small,Credit Card,Success,
T00009257,M00065,2025-12-06 01:17:56,1057.42,E-commerce,Large,Debit Card,Success,
T00009258,M00005,2025-08-23 08:44:21,14569.98,Travel,Small,Net Banking,Success,
T00009259,M00095,2025-04-15 18:26:09,372.57,E-commerce,Small,Credit Card,Success,
T00009260,M00003,2025-06-23 16:15:34,3153.24,Education,Small,Credit Card,Success,
T00009261,M00064,2025-12-12 06:01:15,4476.56,Professional Services,Large,Net Banking,Failed,Technical Error
T00009262,M00019,2025-04-01 10:55:15,4760.15,E-commerce,Medium,Wallet,Success,
T00009263,M00098,2025-10-28 13:39:25,13347.69,SaaS,Medium,Credit Card,Success,
T00009264,M00093,2025-10-11 22:13:08,8173.51,SaaS,Small,Net Banking,Success,
T00009265,M00006,2025-05-13 00:03:17,3086.7,Retail,Small,UPI,Success,
T00009266,M00045,2025-11-21 12:28:45,2360.76,Media,Small,Wallet,Success,
T00009267,M00073,2025-07-11 14:53:32,3722.24,SaaS,Small,Net Banking,Failed,Authentication Failure
T00009268,M00090,2025-09-14 22:15:26,12854.83,Healthcare,Medium,Debit Card,Success,
T00009269,M00054,2025-05-14 20:10:48,1090.08,Media,Small,Credit Card,Success,
T00009270,M00065,2025-03-15 09:54:41,1741.91,E-commerce,Large,Debit Card,Success,
T00009271,M00037,2025-03-23 20:59:25,8556.41,Education,Medium,UPI,Success,
T00009272,M00088,2025-03-07 07:15:16,420.02,Food Delivery,Small,UPI,Success,
T00009273,M00006,2025-01-06 07:08:05,3566.5,Retail,Small,UPI,Success,
T00009274,M00033,2025-02-22 20:33:28,2637.98,E-commerce,Small,UPI,Success,
T00009275,M00052,2025-11-02 01:21:24,28089.94,Travel,Medium,Credit Card,Success,
T00009276,M00080,2025-02-23 22:34:29,1000.01,Media,Small,Credit Card,Success,
T00009277,M00051,2025-11-09 14:29:35,2842.95,Retail,Medium,UPI,Success,
T00009278,M00092,2025-11-04 19:36:51,3845.39,Healthcare,Medium,Debit Card,Success,
T00009279,M00045,2025-04-22 22:58:03,3759.78,Media,Small,Wallet,Success,
T00009280,M00034,2025-12-10 08:41:05,1485.56,Gaming,Medium,Debit Card,Success,
T00009281,M00010,2025-02-05 17:42:15,2307.3,Retail,Medium,UPI,Success,
T00009282,M00013,2025-09-15 14:49:34,1270.35,E-commerce,Small,Debit Card,Failed,Network Error
T00009283,M00002,2025-12-17 00:38:42,520.47,Retail,Small,UPI,Success,
T00009284,M00095,2025-01-20 07:14:05,741.59,E-commerce,Small,Credit Card,Success,
T00009285,M00083,2025-07-30 18:47:53,2256.85,Retail,Small,Debit Card,Success,
T00009286,M00066,2025-04-29 00:49:21,1053.34,Education,Large,Net Banking,Success,
T00009287,M00099,2025-05-25 17:36:28,4468.56,Retail,Small,Wallet,Success,
T00009288,M00046,2025-05-28 21:28:25,17475.64,Professional Services,Small,Net Banking,Success,
T00009289,M00020,2025-12-15 02:20:24,5476.71,Healthcare,Small,Net Banking,Success,
T00009290,M00009,2025-05-18 10:55:15,718.69,Gaming,Small,Credit Card,Success,
T00009291,M00017,2025-07-19 15:53:01,12404.9,Professional Services,Small,Credit Card,Success,
T00009292,M00027,2025-03-19 00:16:55,2345.71,E-commerce,Large,Credit Card,Success,
T00009293,M00080,2025-08-07 02:09:32,783.41,Media,Small,Credit Card,Success,
T00009294,M00053,2025-05-18 03:49:03,3310.77,Education,Small,Net Banking,Success,
T00009295,M00038,2025-06-16 14:11:33,1917.82,Education,Small,Debit Card,Success,
T00009296,M00032,2025-03-25 19:43:17,1521.08,Retail,Medium,Credit Card,Success,
T00009297,M00021,2025-06-02 02:19:18,3155.16,E-commerce,Small,UPI,Success,
T00009298,M00061,2025-01-12 09:04:55,5490.42,SaaS,Medium,UPI,Success,
T00009299,M00024,2025-11-12 02:50:01,591.92,Gaming,Small,Credit Card,Success,
T00009300,M00078,2025-12-25 23:12:32,13999.92,SaaS,Medium,Net Banking,Success,
T00009301,M00099,2025-08-25 11:48:17,4057.01,Retail,Small,Wallet,Success,
T00009302,M00053,2025-06-08 15:37:08,4943.42,Education,Small,Net Banking,Success,
T00009303,M00010,2025-08-25 22:23:42,1161.62,Retail,Medium,UPI,Success,
T00009304,M00079,2025-04-27 19:20:33,196.72,Food Delivery,Large,Credit Card,Success,
T00009305,M00095,2025-10-11 00:54:36,365.81,E-commerce,Small,Credit Card,Success,
T00009306,M00021,2025-07-27 23:53:32,3145.87,E-commerce,Small,UPI,Success,
T00009307,M00092,2025-01-10 05:38:17,4604.1,Healthcare,Medium,Debit Card,Success,
T00009308,M00013,2025-01-24 03:15:51,1144.62,E-commerce,Small,Debit Card,Success,
T00009309,M00015,2025-10-07 21:41:58,2621.47,E-commerce,Medium,UPI,Success,
T00009310,M00042,2025-06-29 23:57:24,10250.96,Healthcare,Small,Debit Card,Success,
T00009311,M00007,2025-11-16 12:24:56,3937.55,Gaming,Small,Net Banking,Success,
T00009312,M00068,2025-12-23 10:11:55,1510.15,Retail,Medium,Debit Card,Failed,Payment Timeout
T00009313,M00004,2025-10-22 13:36:48,2151.95,Education,Medium,UPI,Success,
T00009314,M00014,2025-03-30 06:22:14,4238.6,E-commerce,Large,Credit Card,Success,
T00009315,M00098,2025-07-10 07:20:21,17590.35,SaaS,Medium,Credit Card,Success,
T00009316,M00008,2025-04-15 17:14:13,9448.6,Travel,Small,Credit Card,Success,
T00009317,M00032,2025-12-25 02:27:47,2031.0,Retail,Medium,Credit Card,Success,
T00009318,M00026,2025-04-04 20:42:21,2364.69,Retail,Medium,Credit Card,Success,
T00009319,M00005,2025-01-12 02:21:36,28967.66,Travel,Small,Net Banking,Success,
T00009320,M00072,2025-05-17 09:05:12,925.02,Media,Small,Credit Card,Success,
T00009321,M00007,2025-01-15 22:23:39,2353.53,Gaming,Small,Net Banking,Success,
T00009322,M00091,2025-04-27 11:14:45,10090.92,Professional Services,Small,Net Banking,Failed,Insufficient Funds
T00009323,M00067,2025-09-13 12:23:09,596.4,Food Delivery,Medium,Credit Card,Success,
T00009324,M00079,2025-05-14 08:53:05,318.48,Food Delivery,Large,Credit Card,Success,
T00009325,M00011,2025-01-26 03:19:44,8979.33,Education,Small,UPI,Success,
T00009326,M00058,2025-09-23 13:17:32,1764.12,Food Delivery,Small,UPI,Success,
T00009327,M00087,2025-09-23 20:26:03,1925.13,Media,Small,Wallet,Success,
T00009328,M00005,2025-11-30 09:32:36,30522.57,Travel,Small,Net Banking,Success,
T00009329,M00049,2025-05-09 09:31:29,1739.23,Retail,Medium,Wallet,Success,
T00009330,M00028,2025-02-09 01:23:01,3515.76,E-commerce,Small,UPI,Success,
T00009331,M00092,2025-04-03 19:38:49,3452.88,Healthcare,Medium,Debit Card,Success,
T00009332,M00060,2025-12-04 11:04:56,397.0,Food Delivery,Medium,Debit Card,Success,
T00009333,M00093,2025-05-20 00:31:10,8026.81,SaaS,Small,Net Banking,Success,
T00009334,M00073,2025-08-03 03:03:13,5179.56,SaaS,Small,Net Banking,Success,
T00009335,M00033,2025-09-20 09:27:30,3466.91,E-commerce,Small,UPI,Success,
T00009336,M00073,2025-02-13 02:41:00,4484.11,SaaS,Small,Net Banking,Success,
T00009337,M00087,2025-07-23 08:03:00,1618.62,Media,Small,Wallet,Success,
T00009338,M00009,2025-10-05 15:27:58,940.66,Gaming,Small,Credit Card,Success,
T00009339,M00094,2025-05-16 08:49:46,9346.62,SaaS,Small,UPI,Success,
T00009340,M00042,2025-10-21 20:00:49,16996.89,Healthcare,Small,Debit Card,Success,
T00009341,M00050,2025-01-16 21:56:26,13992.8,SaaS,Small,Wallet,Success,
T00009342,M00082,2025-08-16 00:52:11,3017.02,Education,Large,Debit Card,Success,
T00009343,M00064,2025-02-06 09:58:17,10885.57,Professional Services,Large,Net Banking,Success,
T00009344,M00039,2025-05-14 14:29:56,2386.0,Gaming,Small,UPI,Success,
T00009345,M00061,2025-05-02 10:14:39,8107.33,SaaS,Medium,UPI,Success,
T00009346,M00094,2025-01-13 03:16:37,9181.25,SaaS,Small,UPI,Success,
T00009347,M00007,2025-06-12 06:54:53,3332.14,Gaming,Small,Net Banking,Success,
T00009348,M00080,2025-06-11 10:54:49,907.7,Media,Small,Credit Card,Success,
T00009349,M00018,2025-04-07 02:24:28,5839.74,Professional Services,Small,Net Banking,Failed,Bank Decline
T00009350,M00006,2025-11-25 11:57:00,3678.49,Retail,Small,UPI,Success,
T00009351,M00046,2025-05-04 06:56:47,15777.56,Professional Services,Small,Net Banking,Success,
T00009352,M00053,2025-10-08 08:43:23,3148.48,Education,Small,Net Banking,Success,
T00009353,M00081,2025-10-18 04:04:09,497.05,Media,Small,UPI,Success,
T00009354,M00025,2025-03-09 11:55:54,1426.69,Food Delivery,Small,UPI,Success,
T00009355,M00070,2025-01-12 03:56:41,720.68,Food Delivery,Large,Debit Card,Success,
T00009356,M00066,2025-11-01 07:05:09,1462.25,Education,Large,Net Banking,Success,
T00009357,M00085,2025-06-02 08:04:53,502.34,Gaming,Medium,Wallet,Success,
T00009358,M00073,2025-06-14 15:00:04,5306.02,SaaS,Small,Net Banking,Success,
T00009359,M00057,2025-02-02 13:24:38,7356.66,Healthcare,Medium,Credit Card,Success,
T00009360,M00085,2025-11-24 19:25:04,333.67,Gaming,Medium,Wallet,Success,
T00009361,M00022,2025-08-29 04:31:30,165.93,Food Delivery,Small,Wallet,Success,
T00009362,M00047,2025-07-11 21:04:59,968.09,Healthcare,Medium,UPI,Success,
T00009363,M00005,2025-05-01 16:32:11,19071.22,Travel,Small,Net Banking,Success,
T00009364,M00045,2025-11-16 00:59:28,3613.94,Media,Small,Wallet,Success,
T00009365,M00085,2025-02-25 11:21:10,469.22,Gaming,Medium,Wallet,Success,
T00009366,M00041,2025-10-09 00:12:26,4115.02,E-commerce,Small,Wallet,Success,
T00009367,M00069,2025-03-30 09:03:01,6205.43,Education,Small,Credit Card,Success,
T00009368,M00060,2025-10-23 09:12:12,517.6,Food Delivery,Medium,Debit Card,Success,
T00009369,M00080,2025-10-31 13:27:21,846.33,Media,Small,Credit Card,Success,
T00009370,M00044,2025-07-26 01:28:54,23012.43,Professional Services,Small,Net Banking,Failed,Network Error
T00009371,M00054,2025-07-14 23:44:30,595.87,Media,Small,Credit Card,Success,
T00009372,M00006,2025-09-10 12:25:24,5271.19,Retail,Small,UPI,Success,
T00009373,M00062,2025-02-26 09:49:30,2652.94,Retail,Medium,Credit Card,Success,
T00009374,M00074,2025-05-23 05:51:47,1487.62,Gaming,Medium,Credit Card,Success,
T00009375,M00053,2025-09-21 21:36:11,4705.69,Education,Small,Net Banking,Success,
T00009376,M00022,2025-02-11 13:56:11,475.7,Food Delivery,Small,Wallet,Success,
T00009377,M00032,2025-02-21 11:07:32,1322.69,Retail,Medium,Credit Card,Success,
T00009378,M00056,2025-07-01 04:38:17,5377.19,E-commerce,Large,Credit Card,Success,
T00009379,M00086,2025-08-25 18:11:58,1626.01,Food Delivery,Large,UPI,Success,
T00009380,M00023,2025-01-10 10:19:57,8554.65,Healthcare,Small,Net Banking,Success,
T00009381,M00070,2025-09-02 04:00:33,1095.26,Food Delivery,Large,Debit Card,Success,
T00009382,M00020,2025-10-02 16:01:43,13884.6,Healthcare,Small,Net Banking,Success,
T00009383,M00011,2025-04-27 04:19:23,7428.56,Education,Small,UPI,Success,
T00009384,M00014,2025-12-22 11:41:39,6324.92,E-commerce,Large,Credit Card,Success,
T00009385,M00022,2025-12-11 07:41:53,590.54,Food Delivery,Small,Wallet,Success,
T00009386,M00086,2025-08-16 06:58:44,1246.55,Food Delivery,Large,UPI,Success,
T00009387,M00013,2025-02-16 02:23:09,2276.72,E-commerce,Small,Debit Card,Success,
T00009388,M00010,2025-02-27 02:51:37,1707.35,Retail,Medium,UPI,Success,
T00009389,M00001,2025-02-14 13:00:34,635.97,Food Delivery,Small,UPI,Success,
T00009390,M00077,2025-06-01 09:26:58,5937.68,Professional Services,Medium,Credit Card,Success,
T00009391,M00019,2025-05-12 22:31:55,5757.63,E-commerce,Medium,Wallet,Success,
T00009392,M00084,2025-03-04 19:22:26,161.66,Food Delivery,Small,Net Banking,Success,
T00009393,M00012,2025-11-23 22:38:16,6326.8,SaaS,Medium,Net Banking,Success,
T00009394,M00013,2025-01-21 19:21:25,2916.1,E-commerce,Small,Debit Card,Success,
T00009395,M00070,2025-07-09 23:24:41,1198.47,Food Delivery,Large,Debit Card,Success,
T00009396,M00040,2025-08-19 13:43:18,17759.49,Professional Services,Small,Net Banking,Success,
T00009397,M00075,2025-06-04 04:57:45,524.14,E-commerce,Small,Wallet,Success,
T00009398,M00005,2025-03-26 14:20:01,23951.57,Travel,Small,Net Banking,Success,
T00009399,M00007,2025-06-18 23:53:13,3033.54,Gaming,Small,Net Banking,Success,
T00009400,M00028,2025-02-23 04:05:03,2008.6,E-commerce,Small,UPI,Success,
T00009401,M00043,2025-09-23 00:50:42,5216.08,Professional Services,Small,Wallet,Success,
T00009402,M00023,2025-05-15 11:21:00,7237.69,Healthcare,Small,Net Banking,Success,
T00009403,M00064,2025-10-15 13:49:16,5039.02,Professional Services,Large,Net Banking,Success,
T00009404,M00076,2025-03-18 07:28:56,5148.72,Education,Small,Net Banking,Success,
T00009405,M00042,2025-04-17 11:23:38,9708.32,Healthcare,Small,Debit Card,Failed,Insufficient Funds
T00009406,M00029,2025-02-20 20:22:33,4264.36,Retail,Small,Debit Card,Success,
T00009407,M00041,2025-05-27 12:32:21,4379.33,E-commerce,Small,Wallet,Success,
T00009408,M00057,2025-08-04 12:31:24,6275.24,Healthcare,Medium,Credit Card,Success,
T00009409,M00005,2025-12-11 11:56:45,29302.69,Travel,Small,Net Banking,Success,
T00009410,M00015,2025-12-08 22:50:02,3753.44,E-commerce,Medium,UPI,Success,
T00009411,M00035,2025-08-19 20:37:55,1677.12,Retail,Small,UPI,Success,
T00009412,M00085,2025-01-19 08:13:25,528.14,Gaming,Medium,Wallet,Success,
T00009413,M00065,2025-10-30 13:50:40,1567.51,E-commerce,Large,Debit Card,Success,
T00009414,M00076,2025-11-03 07:01:17,7762.55,Education,Small,Net Banking,Success,
T00009415,M00098,2025-06-08 11:38:45,10292.42,SaaS,Medium,Credit Card,Success,
T00009416,M00045,2025-08-31 21:27:53,1785.09,Media,Small,Wallet,Success,
T00009417,M00098,2025-10-04 02:50:43,11427.82,SaaS,Medium,Credit Card,Success,
T00009418,M00077,2025-07-16 02:50:06,5964.8,Professional Services,Medium,Credit Card,Success,
T00009419,M00002,2025-01-30 07:52:09,1319.95,Retail,Small,UPI,Success,
T00009420,M00051,2025-06-23 08:49:00,2427.23,Retail,Medium,UPI,Success,
T00009421,M00055,2025-01-19 19:45:22,15482.92,SaaS,Medium,Net Banking,Success,
T00009422,M00030,2025-04-20 01:24:24,2095.95,E-commerce,Small,UPI,Success,
T00009423,M00064,2025-02-09 01:11:39,6495.93,Professional Services,Large,Net Banking,Success,
T00009424,M00052,2025-04-02 06:33:29,23452.71,Travel,Medium,Credit Card,Success,
T00009425,M00064,2025-08-01 09:31:23,9862.64,Professional Services,Large,Net Banking,Success,
T00009426,M00037,2025-10-27 09:45:30,10611.43,Education,Medium,UPI,Success,
T00009427,M00064,2025-03-18 12:03:02,7452.46,Professional Services,Large,Net Banking,Success,
T00009428,M00070,2025-05-31 04:38:12,1010.08,Food Delivery,Large,Debit Card,Success,
T00009429,M00014,2025-10-09 01:02:42,4124.71,E-commerce,Large,Credit Card,Success,
T00009430,M00077,2025-01-04 12:14:11,5322.43,Professional Services,Medium,Credit Card,Success,
T00009431,M00068,2025-08-08 13:21:12,1185.98,Retail,Medium,Debit Card,Success,
T00009432,M00003,2025-09-30 09:39:00,2462.39,Education,Small,Credit Card,Success,
T00009433,M00060,2025-04-06 08:32:00,572.77,Food Delivery,Medium,Debit Card,Success,
T00009434,M00032,2025-07-18 04:09:39,1585.95,Retail,Medium,Credit Card,Success,
T00009435,M00094,2025-04-29 22:31:04,9432.73,SaaS,Small,UPI,Success,
T00009436,M00080,2025-01-17 14:22:55,591.03,Media,Small,Credit Card,Success,
T00009437,M00039,2025-02-20 06:06:35,2772.8,Gaming,Small,UPI,Success,
T00009438,M00088,2025-01-20 13:20:03,835.75,Food Delivery,Small,UPI,Failed,Insufficient Funds
T00009439,M00086,2025-06-27 09:14:14,1319.38,Food Delivery,Large,UPI,Success,
T00009440,M00023,2025-12-05 09:40:40,8265.51,Healthcare,Small,Net Banking,Success,
T00009441,M00039,2025-11-05 12:51:54,1558.54,Gaming,Small,UPI,Success,
T00009442,M00027,2025-02-10 11:12:37,1107.13,E-commerce,Large,Credit Card,Success,
T00009443,M00063,2025-06-28 04:07:08,6417.51,Healthcare,Small,Credit Card,Success,
T00009444,M00032,2025-12-09 14:15:24,2697.19,Retail,Medium,Credit Card,Success,
T00009445,M00083,2025-10-20 14:53:40,1897.36,Retail,Small,Debit Card,Success,
T00009446,M00050,2025-05-21 12:17:11,13361.26,SaaS,Small,Wallet,Success,
T00009447,M00027,2025-05-22 02:50:27,1119.09,E-commerce,Large,Credit Card,Success,
T00009448,M00084,2025-05-14 15:24:15,486.24,Food Delivery,Small,Net Banking,Success,
T00009449,M00046,2025-11-16 12:08:38,15829.38,Professional Services,Small,Net Banking,Success,
T00009450,M00062,2025-01-31 09:19:05,4792.58,Retail,Medium,Credit Card,Success,
T00009451,M00080,2025-06-23 06:23:36,750.08,Media,Small,Credit Card,Success,
T00009452,M00047,2025-09-20 10:15:24,763.34,Healthcare,Medium,UPI,Success,
T00009453,M00100,2025-06-11 06:37:52,705.03,E-commerce,Small,UPI,Success,
T00009454,M00001,2025-05-18 15:01:05,159.9,Food Delivery,Small,UPI,Success,
T00009455,M00056,2025-02-22 05:22:11,4802.55,E-commerce,Large,Credit Card,Success,
T00009456,M00067,2025-10-29 12:12:42,253.48,Food Delivery,Medium,Credit Card,Success,
T00009457,M00069,2025-03-26 22:58:43,8388.94,Education,Small,Credit Card,Success,
T00009458,M00016,2025-06-28 04:00:45,907.18,Retail,Medium,Debit Card,Success,
T00009459,M00012,2025-07-31 10:50:01,12939.66,SaaS,Medium,Net Banking,Success,
T00009460,M00001,2025-11-16 16:26:50,266.5,Food Delivery,Small,UPI,Failed,Bank Decline
T00009461,M00096,2025-10-11 06:51:38,2203.1,Gaming,Small,UPI,Success,
T00009462,M00007,2025-10-23 16:59:37,3998.42,Gaming,Small,Net Banking,Failed,Technical Error
T00009463,M00097,2025-05-28 21:08:01,9069.91,Professional Services,Small,Credit Card,Success,
T00009464,M00026,2025-12-10 23:45:15,1646.1,Retail,Medium,Credit Card,Success,
T00009465,M00031,2025-07-11 22:38:31,976.74,Media,Small,Net Banking,Success,
T00009466,M00041,2025-09-22 01:50:33,5444.43,E-commerce,Small,Wallet,Success,
T00009467,M00070,2025-11-09 20:08:23,564.65,Food Delivery,Large,Debit Card,Success,
T00009468,M00060,2025-03-09 14:52:36,672.43,Food Delivery,Medium,Debit Card,Success,
T00009469,M00039,2025-02-09 17:11:20,1622.71,Gaming,Small,UPI,Success,
T00009470,M00004,2025-08-22 09:24:15,2460.11,Education,Medium,UPI,Success,
T00009471,M00054,2025-07-26 13:20:03,963.89,Media,Small,Credit Card,Success,
T00009472,M00035,2025-04-12 17:22:55,1521.77,Retail,Small,UPI,Success,
T00009473,M00014,2025-11-23 21:23:20,3899.41,E-commerce,Large,Credit Card,Success,
T00009474,M00044,2025-08-08 13:41:30,19152.03,Professional Services,Small,Net Banking,Success,
T00009475,M00005,2025-07-18 06:20:01,39309.63,Travel,Small,Net Banking,Success,
T00009476,M00085,2025-08-03 01:37:00,250.15,Gaming,Medium,Wallet,Success,
T00009477,M00033,2025-03-31 20:07:12,5004.19,E-commerce,Small,UPI,Success,
T00009478,M00048,2025-09-23 05:11:44,762.17,Food Delivery,Medium,Credit Card,Success,
T00009479,M00092,2025-09-06 19:43:25,4707.68,Healthcare,Medium,Debit Card,Success,
T00009480,M00082,2025-01-31 14:04:37,9573.88,Education,Large,Debit Card,Success,
T00009481,M00074,2025-08-12 22:47:48,1580.21,Gaming,Medium,Credit Card,Success,
T00009482,M00056,2025-10-02 13:13:20,4550.85,E-commerce,Large,Credit Card,Failed,Payment Timeout
T00009483,M00022,2025-02-14 02:58:00,374.82,Food Delivery,Small,Wallet,Success,
T00009484,M00093,2025-05-29 20:37:53,5991.27,SaaS,Small,Net Banking,Success,
T00009485,M00062,2025-03-28 15:00:57,4179.95,Retail,Medium,Credit Card,Success,
T00009486,M00025,2025-05-27 11:00:59,1218.83,Food Delivery,Small,UPI,Success,
T00009487,M00063,2025-09-24 06:10:24,5386.18,Healthcare,Small,Credit Card,Success,
T00009488,M00049,2025-03-08 03:40:24,1597.85,Retail,Medium,Wallet,Success,
T00009489,M00012,2025-03-02 22:12:38,10396.38,SaaS,Medium,Net Banking,Success,
T00009490,M00070,2025-02-03 23:36:24,1307.07,Food Delivery,Large,Debit Card,Success,
T00009491,M00051,2025-06-23 08:17:01,3165.08,Retail,Medium,UPI,Success,
T00009492,M00006,2025-09-11 05:06:51,1706.04,Retail,Small,UPI,Success,
T00009493,M00096,2025-11-18 07:46:18,941.69,Gaming,Small,UPI,Success,
T00009494,M00028,2025-10-11 03:41:20,2479.79,E-commerce,Small,UPI,Success,
T00009495,M00072,2025-10-10 09:47:55,672.67,Media,Small,Credit Card,Success,
T00009496,M00068,2025-12-14 08:19:09,1440.89,Retail,Medium,Debit Card,Success,
T00009497,M00064,2025-08-27 13:41:41,4808.69,Professional Services,Large,Net Banking,Success,
T00009498,M00096,2025-12-28 02:54:33,1924.11,Gaming,Small,UPI,Success,
T00009499,M00027,2025-02-11 08:14:15,1362.71,E-commerce,Large,Credit Card,Success,
T00009500,M00090,2025-06-08 22:11:50,9358.27,Healthcare,Medium,Debit Card,Success,
T00009501,M00091,2025-06-12 03:27:54,11931.82,Professional Services,Small,Net Banking,Success,
T00009502,M00031,2025-07-27 14:14:50,2375.21,Media,Small,Net Banking,Success,
T00009503,M00001,2025-12-13 04:19:05,500.76,Food Delivery,Small,UPI,Success,
T00009504,M00093,2025-09-03 09:11:58,6630.79,SaaS,Small,Net Banking,Success,
T00009505,M00021,2025-11-28 17:18:37,3904.66,E-commerce,Small,UPI,Success,
T00009506,M00030,2025-04-05 11:17:29,2262.28,E-commerce,Small,UPI,Success,
T00009507,M00057,2025-06-08 10:13:34,10263.55,Healthcare,Medium,Credit Card,Success,
T00009508,M00009,2025-05-23 08:14:42,912.72,Gaming,Small,Credit Card,Success,
T00009509,M00083,2025-06-24 05:32:49,1896.63,Retail,Small,Debit Card,Success,
T00009510,M00052,2025-02-10 03:20:43,13544.3,Travel,Medium,Credit Card,Success,
T00009511,M00075,2025-04-29 11:37:44,492.02,E-commerce,Small,Wallet,Success,
T00009512,M00014,2025-07-16 22:40:08,3382.76,E-commerce,Large,Credit Card,Success,
T00009513,M00027,2025-08-11 21:40:59,1768.53,E-commerce,Large,Credit Card,Success,
T00009514,M00053,2025-10-03 22:35:41,3482.93,Education,Small,Net Banking,Success,
T00009515,M00001,2025-08-14 13:05:38,410.2,Food Delivery,Small,UPI,Success,
T00009516,M00060,2025-03-06 17:39:36,552.13,Food Delivery,Medium,Debit Card,Success,
T00009517,M00003,2025-02-14 04:57:35,4296.88,Education,Small,Credit Card,Success,
T00009518,M00096,2025-01-30 20:23:04,973.57,Gaming,Small,UPI,Success,
T00009519,M00061,2025-07-11 18:05:55,5560.93,SaaS,Medium,UPI,Success,
T00009520,M00052,2025-02-14 15:07:30,35449.63,Travel,Medium,Credit Card,Success,
T00009521,M00084,2025-11-08 15:36:57,500.19,Food Delivery,Small,Net Banking,Failed,Bank Decline
T00009522,M00049,2025-01-30 20:35:23,1416.13,Retail,Medium,Wallet,Success,
T00009523,M00042,2025-12-01 08:56:29,7577.16,Healthcare,Small,Debit Card,Success,
T00009524,M00063,2025-11-26 06:51:30,4781.18,Healthcare,Small,Credit Card,Success,
T00009525,M00039,2025-09-25 16:14:55,1810.58,Gaming,Small,UPI,Success,
T00009526,M00081,2025-03-05 10:27:34,403.12,Media,Small,UPI,Success,
T00009527,M00067,2025-10-19 04:02:14,464.08,Food Delivery,Medium,Credit Card,Success,
T00009528,M00060,2025-03-29 08:17:21,794.98,Food Delivery,Medium,Debit Card,Success,
T00009529,M00049,2025-06-13 12:55:03,2106.43,Retail,Medium,Wallet,Success,
T00009530,M00064,2025-08-21 02:59:09,5352.74,Professional Services,Large,Net Banking,Success,
T00009531,M00016,2025-08-01 21:12:34,1023.84,Retail,Medium,Debit Card,Success,
T00009532,M00082,2025-04-19 03:21:27,5472.95,Education,Large,Debit Card,Failed,Bank Decline
T00009533,M00006,2025-08-23 11:25:11,2950.98,Retail,Small,UPI,Success,
T00009534,M00007,2025-12-13 09:49:12,2589.98,Gaming,Small,Net Banking,Success,
T00009535,M00058,2025-06-20 01:56:47,1460.98,Food Delivery,Small,UPI,Success,
T00009536,M00076,2025-10-15 07:07:30,6857.53,Education,Small,Net Banking,Success,
T00009537,M00068,2025-08-05 13:41:18,1605.92,Retail,Medium,Debit Card,Success,
T00009538,M00013,2025-12-17 18:42:00,2243.31,E-commerce,Small,Debit Card,Failed,Network Error
T00009539,M00048,2025-11-20 03:28:04,520.97,Food Delivery,Medium,Credit Card,Success,
T00009540,M00024,2025-12-30 03:22:30,829.37,Gaming,Small,Credit Card,Success,
T00009541,M00074,2025-10-01 02:26:20,1556.68,Gaming,Medium,Credit Card,Success,
T00009542,M00100,2025-01-15 11:52:20,687.05,E-commerce,Small,UPI,Success,
T00009543,M00082,2025-07-30 11:48:22,4470.89,Education,Large,Debit Card,Success,
T00009544,M00087,2025-04-11 06:40:22,2330.83,Media,Small,Wallet,Success,
T00009545,M00073,2025-03-22 17:51:14,3714.37,SaaS,Small,Net Banking,Success,
T00009546,M00042,2025-02-06 10:25:43,6164.94,Healthcare,Small,Debit Card,Success,
T00009547,M00075,2025-03-26 12:26:25,626.86,E-commerce,Small,Wallet,Success,
T00009548,M00056,2025-10-27 17:48:48,2943.66,E-commerce,Large,Credit Card,Success,
T00009549,M00082,2025-08-21 04:02:49,4158.48,Education,Large,Debit Card,Success,
T00009550,M00093,2025-08-30 11:14:43,8923.57,SaaS,Small,Net Banking,Success,
T00009551,M00040,2025-08-17 00:34:19,7567.84,Professional Services,Small,Net Banking,Success,
T00009552,M00007,2025-11-03 03:06:54,3523.2,Gaming,Small,Net Banking,Success,
T00009553,M00009,2025-06-30 12:22:46,938.96,Gaming,Small,Credit Card,Success,
T00009554,M00040,2025-08-07 09:58:44,14859.75,Professional Services,Small,Net Banking,Failed,Payment Timeout
T00009555,M00047,2025-08-24 02:17:11,2199.98,Healthcare,Medium,UPI,Success,
T00009556,M00030,2025-09-05 00:25:35,1683.25,E-commerce,Small,UPI,Success,
T00009557,M00094,2025-03-15 01:59:16,7643.88,SaaS,Small,UPI,Success,
T00009558,M00056,2025-06-12 13:02:52,8066.7,E-commerce,Large,Credit Card,Success,
T00009559,M00026,2025-01-25 23:59:23,2079.79,Retail,Medium,Credit Card,Failed,Authentication Failure
T00009560,M00026,2025-03-16 14:35:24,1898.27,Retail,Medium,Credit Card,Success,
T00009561,M00096,2025-06-25 20:36:00,2477.74,Gaming,Small,UPI,Success,
T00009562,M00005,2025-09-13 02:24:02,27264.43,Travel,Small,Net Banking,Success,
T00009563,M00077,2025-04-25 01:48:06,11182.4,Professional Services,Medium,Credit Card,Success,
T00009564,M00090,2025-02-21 11:57:35,8584.78,Healthcare,Medium,Debit Card,Success,
T00009565,M00007,2025-09-09 00:19:08,3784.05,Gaming,Small,Net Banking,Success,
T00009566,M00040,2025-09-25 07:50:40,19035.7,Professional Services,Small,Net Banking,Success,
T00009567,M00094,2025-12-08 14:05:04,13095.18,SaaS,Small,UPI,Success,
T00009568,M00064,2025-01-24 19:38:43,4198.76,Professional Services,Large,Net Banking,Success,
T00009569,M00019,2025-12-21 07:50:12,4713.2,E-commerce,Medium,Wallet,Success,
T00009570,M00055,2025-04-30 19:48:42,19524.62,SaaS,Medium,Net Banking,Success,
T00009571,M00087,2025-02-06 13:29:26,2082.24,Media,Small,Wallet,Success,
T00009572,M00049,2025-04-23 16:45:36,1320.06,Retail,Medium,Wallet,Success,
T00009573,M00092,2025-04-26 03:52:05,4524.51,Healthcare,Medium,Debit Card,Success,
T00009574,M00055,2025-03-02 07:30:48,8140.81,SaaS,Medium,Net Banking,Success,
T00009575,M00036,2025-09-17 11:38:21,1249.42,Food Delivery,Medium,UPI,Success,
T00009576,M00027,2025-11-21 23:23:33,1734.88,E-commerce,Large,Credit Card,Success,
T00009577,M00091,2025-01-03 20:15:14,15701.05,Professional Services,Small,Net Banking,Success,
T00009578,M00087,2025-09-30 10:56:09,1423.1,Media,Small,Wallet,Success,
T00009579,M00060,2025-02-05 06:53:20,803.55,Food Delivery,Medium,Debit Card,Success,
T00009580,M00097,2025-01-26 07:00:53,9678.7,Professional Services,Small,Credit Card,Failed,Authentication Failure
T00009581,M00044,2025-04-17 09:32:01,23404.3,Professional Services,Small,Net Banking,Success,
T00009582,M00012,2025-04-30 23:25:47,11007.53,SaaS,Medium,Net Banking,Success,
T00009583,M00067,2025-03-16 17:20:57,360.76,Food Delivery,Medium,Credit Card,Success,
T00009584,M00018,2025-03-16 18:25:12,5751.61,Professional Services,Small,Net Banking,Success,
T00009585,M00099,2025-05-05 05:51:40,3568.73,Retail,Small,Wallet,Success,
T00009586,M00036,2025-05-07 03:14:34,1200.53,Food Delivery,Medium,UPI,Failed,Technical Error
T00009587,M00095,2025-09-04 00:04:02,430.25,E-commerce,Small,Credit Card,Success,
T00009588,M00082,2025-05-30 17:31:33,4847.52,Education,Large,Debit Card,Success,
T00009589,M00058,2025-09-17 04:35:35,2000.71,Food Delivery,Small,UPI,Success,
T00009590,M00039,2025-03-19 12:43:25,1376.48,Gaming,Small,UPI,Success,
T00009591,M00013,2025-05-05 02:11:19,2085.32,E-commerce,Small,Debit Card,Success,
T00009592,M00084,2025-03-10 03:06:40,365.11,Food Delivery,Small,Net Banking,Success,
T00009593,M00059,2025-03-09 18:27:12,827.14,Retail,Medium,UPI,Success,
T00009594,M00072,2025-08-15 10:45:20,1125.69,Media,Small,Credit Card,Success,
T00009595,M00068,2025-06-14 10:37:16,861.87,Retail,Medium,Debit Card,Success,
T00009596,M00050,2025-04-01 18:29:58,8340.41,SaaS,Small,Wallet,Success,
T00009597,M00010,2025-05-30 00:33:39,2330.77,Retail,Medium,UPI,Success,
T00009598,M00018,2025-08-31 18:28:15,9089.76,Professional Services,Small,Net Banking,Success,
T00009599,M00034,2025-10-31 20:49:40,1528.89,Gaming,Medium,Debit Card,Success,
T00009600,M00067,2025-08-30 05:10:41,304.69,Food Delivery,Medium,Credit Card,Success,
T00009601,M00061,2025-11-01 06:12:19,8388.39,SaaS,Medium,UPI,Success,
T00009602,M00019,2025-11-30 11:18:27,3951.89,E-commerce,Medium,Wallet,Success,
T00009603,M00021,2025-01-01 20:30:40,1815.52,E-commerce,Small,UPI,Success,
T00009604,M00052,2025-03-14 22:36:55,32340.92,Travel,Medium,Credit Card,Success,
T00009605,M00068,2025-03-16 07:11:21,1597.49,Retail,Medium,Debit Card,Success,
T00009606,M00060,2025-08-23 18:25:20,733.12,Food Delivery,Medium,Debit Card,Success,
T00009607,M00074,2025-04-03 11:31:56,1042.95,Gaming,Medium,Credit Card,Success,
T00009608,M00010,2025-10-14 10:43:18,2623.49,Retail,Medium,UPI,Success,
T00009609,M00020,2025-06-19 09:29:31,10080.99,Healthcare,Small,Net Banking,Success,
T00009610,M00048,2025-06-18 19:18:13,658.46,Food Delivery,Medium,Credit Card,Success,
T00009611,M00020,2025-05-21 13:49:02,9085.41,Healthcare,Small,Net Banking,Success,
T00009612,M00058,2025-08-07 06:24:21,1161.1,Food Delivery,Small,UPI,Success,
T00009613,M00098,2025-08-29 20:53:22,16118.66,SaaS,Medium,Credit Card,Success,
T00009614,M00023,2025-06-24 16:07:49,6272.61,Healthcare,Small,Net Banking,Success,
T00009615,M00092,2025-05-13 01:16:13,4530.82,Healthcare,Medium,Debit Card,Success,
T00009616,M00030,2025-03-05 08:06:05,2435.52,E-commerce,Small,UPI,Failed,Payment Timeout
T00009617,M00062,2025-09-04 01:35:40,5526.78,Retail,Medium,Credit Card,Success,
T00009618,M00001,2025-05-25 22:38:24,302.0,Food Delivery,Small,UPI,Success,
T00009619,M00072,2025-12-08 10:09:34,1166.93,Media,Small,Credit Card,Success,
T00009620,M00063,2025-01-04 04:57:30,4824.14,Healthcare,Small,Credit Card,Success,
T00009621,M00097,2025-06-15 19:10:58,8310.71,Professional Services,Small,Credit Card,Failed,Network Error
T00009622,M00100,2025-05-07 21:36:58,434.68,E-commerce,Small,UPI,Success,
T00009623,M00098,2025-08-22 09:09:50,17692.09,SaaS,Medium,Credit Card,Success,
T00009624,M00095,2025-01-18 09:34:51,773.4,E-commerce,Small,Credit Card,Success,
T00009625,M00093,2025-02-18 09:21:49,7922.76,SaaS,Small,Net Banking,Success,
T00009626,M00008,2025-10-23 22:33:39,9088.25,Travel,Small,Credit Card,Success,
T00009627,M00095,2025-08-17 15:06:32,527.2,E-commerce,Small,Credit Card,Success,
T00009628,M00022,2025-06-26 19:58:35,471.5,Food Delivery,Small,Wallet,Success,
T00009629,M00045,2025-04-17 17:03:27,3828.46,Media,Small,Wallet,Success,
T00009630,M00096,2025-06-06 02:35:12,1631.12,Gaming,Small,UPI,Success,
T00009631,M00081,2025-07-20 12:40:56,562.15,Media,Small,UPI,Success,
T00009632,M00004,2025-08-26 09:38:26,1934.87,Education,Medium,UPI,Success,
T00009633,M00089,2025-06-27 11:24:37,11306.81,Education,Small,UPI,Success,
T00009634,M00025,2025-11-28 09:49:19,1173.89,Food Delivery,Small,UPI,Success,
T00009635,M00097,2025-01-09 15:22:33,10315.32,Professional Services,Small,Credit Card,Success,
T00009636,M00015,2025-01-20 23:55:26,1256.74,E-commerce,Medium,UPI,Success,
T00009637,M00060,2025-04-12 07:24:44,310.29,Food Delivery,Medium,Debit Card,Success,
T00009638,M00100,2025-10-22 15:45:35,385.91,E-commerce,Small,UPI,Success,
T00009639,M00050,2025-07-23 08:18:02,11398.72,SaaS,Small,Wallet,Success,
T00009640,M00030,2025-06-23 23:57:01,4482.37,E-commerce,Small,UPI,Success,
T00009641,M00053,2025-06-02 07:27:58,3037.61,Education,Small,Net Banking,Success,
T00009642,M00065,2025-05-07 12:36:18,1563.25,E-commerce,Large,Debit Card,Success,
T00009643,M00046,2025-05-12 12:58:24,19766.11,Professional Services,Small,Net Banking,Success,
T00009644,M00054,2025-01-08 18:26:22,1199.65,Media,Small,Credit Card,Success,
T00009645,M00032,2025-05-30 06:29:22,2001.67,Retail,Medium,Credit Card,Success,
T00009646,M00036,2025-10-08 20:45:16,871.78,Food Delivery,Medium,UPI,Success,
T00009647,M00098,2025-03-21 09:14:27,11347.4,SaaS,Medium,Credit Card,Failed,Payment Timeout
T00009648,M00017,2025-12-11 16:57:20,12855.09,Professional Services,Small,Credit Card,Success,
T00009649,M00034,2025-06-18 21:54:35,1151.93,Gaming,Medium,Debit Card,Success,
T00009650,M00054,2025-12-26 18:13:24,860.44,Media,Small,Credit Card,Success,
T00009651,M00028,2025-10-22 22:45:43,3205.16,E-commerce,Small,UPI,Success,
T00009652,M00055,2025-06-08 15:45:41,10064.7,SaaS,Medium,Net Banking,Success,
T00009653,M00025,2025-08-12 22:26:00,1181.97,Food Delivery,Small,UPI,Success,
T00009654,M00071,2025-01-18 16:39:38,2084.06,Retail,Small,Debit Card,Success,
T00009655,M00010,2025-10-04 11:41:49,1957.5,Retail,Medium,UPI,Success,
T00009656,M00021,2025-08-06 20:48:23,2055.41,E-commerce,Small,UPI,Success,
T00009657,M00081,2025-07-03 03:53:58,507.61,Media,Small,UPI,Success,
T00009658,M00033,2025-05-09 14:23:02,2720.57,E-commerce,Small,UPI,Success,
T00009659,M00037,2025-02-18 07:13:39,7055.31,Education,Medium,UPI,Success,
T00009660,M00070,2025-01-22 15:08:02,1219.22,Food Delivery,Large,Debit Card,Failed,Technical Error
T00009661,M00090,2025-11-30 16:55:52,9420.04,Healthcare,Medium,Debit Card,Success,
T00009662,M00001,2025-07-10 11:48:47,482.43,Food Delivery,Small,UPI,Success,
T00009663,M00017,2025-03-08 23:09:39,10942.43,Professional Services,Small,Credit Card,Success,
T00009664,M00051,2025-11-03 15:28:13,1484.27,Retail,Medium,UPI,Success,
T00009665,M00050,2025-06-09 17:20:01,12174.95,SaaS,Small,Wallet,Success,
T00009666,M00079,2025-08-11 12:28:10,181.9,Food Delivery,Large,Credit Card,Success,
T00009667,M00046,2025-10-18 17:58:14,9396.88,Professional Services,Small,Net Banking,Success,
T00009668,M00051,2025-05-30 15:50:23,4621.1,Retail,Medium,UPI,Success,
T00009669,M00083,2025-07-18 21:34:26,1518.81,Retail,Small,Debit Card,Success,
T00009670,M00056,2025-01-09 10:35:27,5158.97,E-commerce,Large,Credit Card,Success,
T00009671,M00089,2025-11-27 04:00:30,7946.51,Education,Small,UPI,Success,
T00009672,M00002,2025-08-22 10:29:31,625.39,Retail,Small,UPI,Success,
T00009673,M00099,2025-11-10 05:14:29,3577.06,Retail,Small,Wallet,Success,
T00009674,M00007,2025-09-07 14:24:06,2569.4,Gaming,Small,Net Banking,Failed,Network Error
T00009675,M00017,2025-02-27 06:08:41,16502.13,Professional Services,Small,Credit Card,Success,
T00009676,M00035,2025-05-17 00:49:44,1224.01,Retail,Small,UPI,Success,
T00009677,M00003,2025-10-22 18:16:07,1556.47,Education,Small,Credit Card,Success,
T00009678,M00039,2025-06-11 03:39:02,2168.19,Gaming,Small,UPI,Success,
T00009679,M00020,2025-03-17 11:02:07,8455.54,Healthcare,Small,Net Banking,Success,
T00009680,M00043,2025-04-20 05:31:23,4178.5,Professional Services,Small,Wallet,Success,
T00009681,M00003,2025-08-20 03:02:44,4068.45,Education,Small,Credit Card,Success,
T00009682,M00017,2025-10-18 04:29:14,14539.89,Professional Services,Small,Credit Card,Success,
T00009683,M00006,2025-04-05 23:53:07,3463.92,Retail,Small,UPI,Success,
T00009684,M00039,2025-02-28 11:07:37,2701.95,Gaming,Small,UPI,Success,
T00009685,M00024,2025-05-24 23:57:19,580.02,Gaming,Small,Credit Card,Success,
T00009686,M00050,2025-11-24 01:59:11,13385.56,SaaS,Small,Wallet,Success,
T00009687,M00001,2025-01-19 13:41:17,304.96,Food Delivery,Small,UPI,Success,
T00009688,M00033,2025-06-23 09:41:14,4299.12,E-commerce,Small,UPI,Success,
T00009689,M00086,2025-12-03 11:18:42,894.09,Food Delivery,Large,UPI,Success,
T00009690,M00036,2025-09-20 05:20:21,1084.47,Food Delivery,Medium,UPI,Success,
T00009691,M00050,2025-02-22 18:43:30,5418.78,SaaS,Small,Wallet,Success,
T00009692,M00025,2025-05-02 14:52:43,1640.52,Food Delivery,Small,UPI,Success,
T00009693,M00008,2025-07-17 20:19:38,7006.22,Travel,Small,Credit Card,Success,
T00009694,M00051,2025-08-24 03:14:08,2164.57,Retail,Medium,UPI,Success,
T00009695,M00032,2025-07-12 14:06:13,2578.22,Retail,Medium,Credit Card,Success,
T00009696,M00011,2025-05-26 09:02:37,9975.67,Education,Small,UPI,Success,
T00009697,M00062,2025-09-23 16:37:53,4035.18,Retail,Medium,Credit Card,Success,
T00009698,M00045,2025-07-15 03:02:14,3124.09,Media,Small,Wallet,Success,
T00009699,M00066,2025-02-23 17:23:50,759.4,Education,Large,Net Banking,Success,
T00009700,M00026,2025-06-28 12:40:31,1219.69,Retail,Medium,Credit Card,Success,
T00009701,M00065,2025-12-08 01:12:30,1559.97,E-commerce,Large,Debit Card,Success,
T00009702,M00084,2025-04-04 05:12:20,391.81,Food Delivery,Small,Net Banking,Success,
T00009703,M00090,2025-06-30 20:55:37,6507.8,Healthcare,Medium,Debit Card,Success,
T00009704,M00011,2025-12-05 16:44:28,8606.81,Education,Small,UPI,Success,
T00009705,M00062,2025-12-03 13:04:38,2831.6,Retail,Medium,Credit Card,Success,
T00009706,M00042,2025-08-20 18:19:32,10301.83,Healthcare,Small,Debit Card,Success,
T00009707,M00096,2025-03-19 13:32:13,1644.59,Gaming,Small,UPI,Success,
T00009708,M00075,2025-10-25 16:35:03,654.86,E-commerce,Small,Wallet,Success,
T00009709,M00049,2025-10-29 17:45:08,1603.25,Retail,Medium,Wallet,Success,
T00009710,M00030,2025-01-13 13:13:39,3624.76,E-commerce,Small,UPI,Success,
T00009711,M00008,2025-01-19 01:31:00,10850.71,Travel,Small,Credit Card,Success,
T00009712,M00018,2025-06-08 20:32:24,7230.79,Professional Services,Small,Net Banking,Success,
T00009713,M00036,2025-05-19 16:07:05,838.05,Food Delivery,Medium,UPI,Success,
T00009714,M00078,2025-10-08 12:48:13,10873.21,SaaS,Medium,Net Banking,Success,
T00009715,M00079,2025-04-05 19:47:36,59.39,Food Delivery,Large,Credit Card,Success,
T00009716,M00030,2025-09-13 05:46:54,2272.01,E-commerce,Small,UPI,Success,
T00009717,M00052,2025-04-06 12:54:10,22134.01,Travel,Medium,Credit Card,Success,
T00009718,M00056,2025-09-20 20:33:00,5706.57,E-commerce,Large,Credit Card,Success,
T00009719,M00094,2025-06-09 20:33:22,10836.77,SaaS,Small,UPI,Success,
T00009720,M00074,2025-12-22 12:37:06,1094.09,Gaming,Medium,Credit Card,Success,
T00009721,M00073,2025-01-06 05:37:52,4177.39,SaaS,Small,Net Banking,Success,
T00009722,M00088,2025-11-29 05:31:55,638.96,Food Delivery,Small,UPI,Failed,Technical Error
T00009723,M00067,2025-01-31 13:21:48,746.08,Food Delivery,Medium,Credit Card,Success,
T00009724,M00001,2025-08-16 03:47:47,461.01,Food Delivery,Small,UPI,Failed,Technical Error
T00009725,M00042,2025-05-21 11:02:15,10423.42,Healthcare,Small,Debit Card,Success,
T00009726,M00030,2025-10-25 05:53:20,2303.61,E-commerce,Small,UPI,Success,
T00009727,M00030,2025-08-09 11:18:57,1925.95,E-commerce,Small,UPI,Success,
T00009728,M00023,2025-02-01 04:54:51,6021.13,Healthcare,Small,Net Banking,Success,
T00009729,M00079,2025-02-09 12:51:58,209.93,Food Delivery,Large,Credit Card,Success,
T00009730,M00049,2025-06-23 22:00:13,1099.06,Retail,Medium,Wallet,Success,
T00009731,M00020,2025-04-18 10:51:41,7656.71,Healthcare,Small,Net Banking,Success,
T00009732,M00098,2025-07-02 16:17:42,12684.86,SaaS,Medium,Credit Card,Success,
T00009733,M00087,2025-12-25 13:56:11,2556.57,Media,Small,Wallet,Success,
T00009734,M00095,2025-07-18 11:59:59,714.77,E-commerce,Small,Credit Card,Success,
T00009735,M00094,2025-01-01 00:33:30,10896.83,SaaS,Small,UPI,Success,
T00009736,M00041,2025-06-05 07:17:39,5916.92,E-commerce,Small,Wallet,Success,
T00009737,M00098,2025-11-30 09:47:39,12561.65,SaaS,Medium,Credit Card,Success,
T00009738,M00048,2025-10-03 00:37:15,539.38,Food Delivery,Medium,Credit Card,Success,
T00009739,M00022,2025-10-15 12:47:11,368.28,Food Delivery,Small,Wallet,Success,
T00009740,M00061,2025-08-22 04:07:23,8969.95,SaaS,Medium,UPI,Success,
T00009741,M00001,2025-01-07 12:21:44,224.72,Food Delivery,Small,UPI,Success,
T00009742,M00070,2025-03-05 17:15:18,1055.93,Food Delivery,Large,Debit Card,Success,
T00009743,M00058,2025-09-26 14:41:45,1482.01,Food Delivery,Small,UPI,Success,
T00009744,M00006,2025-03-14 05:02:50,4934.1,Retail,Small,UPI,Success,
T00009745,M00016,2025-12-19 17:40:21,1002.78,Retail,Medium,Debit Card,Success,
T00009746,M00081,2025-07-06 20:54:37,452.83,Media,Small,UPI,Success,
T00009747,M00078,2025-08-31 00:06:06,10711.7,SaaS,Medium,Net Banking,Success,
T00009748,M00087,2025-04-09 09:38:36,1804.79,Media,Small,Wallet,Success,
T00009749,M00074,2025-01-27 02:39:15,1088.29,Gaming,Medium,Credit Card,Success,
T00009750,M00080,2025-01-13 12:25:10,892.58,Media,Small,Credit Card,Success,
T00009751,M00030,2025-04-30 10:22:18,2030.15,E-commerce,Small,UPI,Success,
T00009752,M00007,2025-11-22 10:48:19,3157.78,Gaming,Small,Net Banking,Success,
T00009753,M00047,2025-06-26 05:33:49,1614.86,Healthcare,Medium,UPI,Success,
T00009754,M00061,2025-06-26 18:50:18,5217.91,SaaS,Medium,UPI,Success,
T00009755,M00074,2025-04-28 10:59:49,1070.44,Gaming,Medium,Credit Card,Success,
T00009756,M00057,2025-04-12 22:15:49,9667.33,Healthcare,Medium,Credit Card,Success,
T00009757,M00081,2025-01-07 11:32:03,622.38,Media,Small,UPI,Success,
T00009758,M00044,2025-12-22 20:45:28,11984.78,Professional Services,Small,Net Banking,Success,
T00009759,M00016,2025-11-01 02:56:15,577.13,Retail,Medium,Debit Card,Success,
T00009760,M00063,2025-02-01 21:06:13,4918.0,Healthcare,Small,Credit Card,Success,
T00009761,M00091,2025-10-18 09:14:40,13551.54,Professional Services,Small,Net Banking,Success,
T00009762,M00044,2025-05-01 10:17:01,8242.19,Professional Services,Small,Net Banking,Failed,Authentication Failure
T00009763,M00077,2025-07-06 01:13:07,7139.18,Professional Services,Medium,Credit Card,Failed,Network Error
T00009764,M00042,2025-01-30 15:40:44,11779.44,Healthcare,Small,Debit Card,Success,
T00009765,M00046,2025-03-14 23:20:27,17713.27,Professional Services,Small,Net Banking,Success,
T00009766,M00035,2025-04-14 21:36:49,1940.45,Retail,Small,UPI,Success,
T00009767,M00032,2025-06-12 11:50:46,2805.15,Retail,Medium,Credit Card,Success,
T00009768,M00092,2025-03-23 13:41:25,2790.71,Healthcare,Medium,Debit Card,Failed,Payment Timeout
T00009769,M00064,2025-10-29 07:10:06,4574.23,Professional Services,Large,Net Banking,Success,
T00009770,M00033,2025-07-09 21:25:53,3621.43,E-commerce,Small,UPI,Success,
T00009771,M00075,2025-05-08 07:57:16,451.13,E-commerce,Small,Wallet,Success,
T00009772,M00073,2025-11-11 02:59:25,5348.49,SaaS,Small,Net Banking,Success,
T00009773,M00018,2025-04-28 21:39:01,7076.48,Professional Services,Small,Net Banking,Failed,Bank Decline
T00009774,M00016,2025-08-04 03:39:34,574.71,Retail,Medium,Debit Card,Failed,Network Error
T00009775,M00025,2025-05-21 04:49:09,1347.98,Food Delivery,Small,UPI,Failed,Insufficient Funds
T00009776,M00044,2025-05-27 07:56:07,7043.19,Professional Services,Small,Net Banking,Success,
T00009777,M00075,2025-10-22 08:07:30,498.84,E-commerce,Small,Wallet,Success,
T00009778,M00012,2025-11-28 14:07:43,9174.18,SaaS,Medium,Net Banking,Success,
T00009779,M00024,2025-03-27 13:42:38,663.09,Gaming,Small,Credit Card,Success,
T00009780,M00070,2025-08-01 17:13:44,1670.26,Food Delivery,Large,Debit Card,Success,
T00009781,M00096,2025-10-25 06:19:07,1872.19,Gaming,Small,UPI,Success,
T00009782,M00070,2025-07-26 22:42:13,1164.41,Food Delivery,Large,Debit Card,Success,
T00009783,M00027,2025-04-11 06:36:25,1799.84,E-commerce,Large,Credit Card,Success,
T00009784,M00084,2025-08-24 14:51:23,357.6,Food Delivery,Small,Net Banking,Failed,Bank Decline
T00009785,M00088,2025-05-02 01:47:00,763.65,Food Delivery,Small,UPI,Success,
T00009786,M00087,2025-05-24 16:25:15,1746.96,Media,Small,Wallet,Success,
T00009787,M00021,2025-10-17 03:49:42,3894.8,E-commerce,Small,UPI,Success,
T00009788,M00093,2025-11-23 09:14:57,2147.77,SaaS,Small,Net Banking,Success,
T00009789,M00095,2025-12-25 17:53:22,627.92,E-commerce,Small,Credit Card,Success,
T00009790,M00019,2025-07-03 09:03:15,4951.68,E-commerce,Medium,Wallet,Success,
T00009791,M00032,2025-04-25 15:23:20,2953.73,Retail,Medium,Credit Card,Success,
T00009792,M00023,2025-02-04 05:20:52,7707.01,Healthcare,Small,Net Banking,Success,
T00009793,M00040,2025-02-02 13:30:53,9900.63,Professional Services,Small,Net Banking,Success,
T00009794,M00070,2025-11-26 17:01:10,1558.75,Food Delivery,Large,Debit Card,Success,
T00009795,M00018,2025-01-25 09:04:32,7779.88,Professional Services,Small,Net Banking,Success,
T00009796,M00045,2025-04-30 08:21:14,2765.35,Media,Small,Wallet,Success,
T00009797,M00098,2025-06-24 16:15:20,10440.03,SaaS,Medium,Credit Card,Success,
T00009798,M00064,2025-12-14 01:55:07,8189.55,Professional Services,Large,Net Banking,Success,
T00009799,M00024,2025-12-11 20:45:14,804.93,Gaming,Small,Credit Card,Success,
T00009800,M00066,2025-09-15 17:36:30,1082.24,Education,Large,Net Banking,Success,
T00009801,M00085,2025-05-05 04:26:29,217.0,Gaming,Medium,Wallet,Success,
T00009802,M00022,2025-04-03 04:33:00,469.75,Food Delivery,Small,Wallet,Success,
T00009803,M00049,2025-04-29 14:47:02,1032.1,Retail,Medium,Wallet,Success,
T00009804,M00089,2025-08-05 20:18:31,12024.68,Education,Small,UPI,Success,
T00009805,M00010,2025-03-13 08:47:11,1740.66,Retail,Medium,UPI,Success,
T00009806,M00039,2025-08-27 09:43:33,1817.03,Gaming,Small,UPI,Success,
T00009807,M00093,2025-08-21 05:18:30,6954.4,SaaS,Small,Net Banking,Success,
T00009808,M00071,2025-09-23 19:24:18,3088.72,Retail,Small,Debit Card,Success,
T00009809,M00037,2025-08-29 01:19:47,10631.0,Education,Medium,UPI,Success,
T00009810,M00010,2025-02-10 15:19:47,1432.96,Retail,Medium,UPI,Success,
T00009811,M00068,2025-10-18 13:51:03,1013.54,Retail,Medium,Debit Card,Success,
T00009812,M00013,2025-02-06 05:27:53,3129.63,E-commerce,Small,Debit Card,Success,
T00009813,M00024,2025-12-14 15:36:12,830.03,Gaming,Small,Credit Card,Success,
T00009814,M00067,2025-07-24 10:44:30,220.12,Food Delivery,Medium,Credit Card,Success,
T00009815,M00004,2025-03-04 03:39:20,1915.75,Education,Medium,UPI,Success,
T00009816,M00019,2025-06-07 02:11:35,4008.77,E-commerce,Medium,Wallet,Success,
T00009817,M00053,2025-06-12 02:28:48,5518.65,Education,Small,Net Banking,Success,
T00009818,M00042,2025-02-02 12:18:52,3855.33,Healthcare,Small,Debit Card,Success,
T00009819,M00075,2025-07-13 21:04:48,432.74,E-commerce,Small,Wallet,Success,
T00009820,M00052,2025-10-31 18:17:46,32991.96,Travel,Medium,Credit Card,Success,
T00009821,M00079,2025-08-29 02:49:01,172.36,Food Delivery,Large,Credit Card,Success,
T00009822,M00088,2025-07-25 11:21:56,598.12,Food Delivery,Small,UPI,Success,
T00009823,M00089,2025-04-16 05:48:37,3570.7,Education,Small,UPI,Success,
T00009824,M00074,2025-10-17 14:56:36,1071.84,Gaming,Medium,Credit Card,Success,
T00009825,M00015,2025-05-15 02:04:53,1886.55,E-commerce,Medium,UPI,Success,
T00009826,M00041,2025-09-03 23:16:20,4150.49,E-commerce,Small,Wallet,Success,
T00009827,M00093,2025-09-04 01:07:21,6416.55,SaaS,Small,Net Banking,Success,
T00009828,M00089,2025-09-01 14:50:03,8705.34,Education,Small,UPI,Success,
T00009829,M00038,2025-10-01 04:42:53,3377.87,Education,Small,Debit Card,Success,
T00009830,M00096,2025-09-08 15:27:22,1978.84,Gaming,Small,UPI,Success,
T00009831,M00033,2025-12-21 12:33:20,4899.65,E-commerce,Small,UPI,Success,
T00009832,M00063,2025-10-13 10:50:46,3400.69,Healthcare,Small,Credit Card,Success,
T00009833,M00014,2025-11-09 15:43:00,4371.0,E-commerce,Large,Credit Card,Success,
T00009834,M00047,2025-08-25 22:10:24,2200.7,Healthcare,Medium,UPI,Success,
T00009835,M00054,2025-04-25 15:51:03,659.33,Media,Small,Credit Card,Success,
T00009836,M00073,2025-05-09 14:50:46,6172.43,SaaS,Small,Net Banking,Success,
T00009837,M00098,2025-07-18 17:34:22,16663.05,SaaS,Medium,Credit Card,Success,
T00009838,M00075,2025-12-28 01:52:35,377.08,E-commerce,Small,Wallet,Success,
T00009839,M00090,2025-09-03 08:21:26,11936.66,Healthcare,Medium,Debit Card,Success,
T00009840,M00048,2025-01-18 01:20:37,684.57,Food Delivery,Medium,Credit Card,Success,
T00009841,M00033,2025-01-12 03:18:58,5335.86,E-commerce,Small,UPI,Success,
T00009842,M00029,2025-01-05 23:14:46,6656.53,Retail,Small,Debit Card,Success,
T00009843,M00023,2025-05-20 06:30:27,9795.49,Healthcare,Small,Net Banking,Success,
T00009844,M00013,2025-11-09 11:49:19,1183.35,E-commerce,Small,Debit Card,Success,
T00009845,M00047,2025-08-24 17:31:49,1820.64,Healthcare,Medium,UPI,Success,
T00009846,M00080,2025-04-10 21:03:02,777.96,Media,Small,Credit Card,Success,
T00009847,M00031,2025-09-04 10:34:05,883.4,Media,Small,Net Banking,Success,
T00009848,M00085,2025-06-19 04:34:01,410.12,Gaming,Medium,Wallet,Success,
T00009849,M00064,2025-09-25 02:51:37,7786.5,Professional Services,Large,Net Banking,Success,
T00009850,M00001,2025-05-08 20:38:08,412.01,Food Delivery,Small,UPI,Success,
T00009851,M00092,2025-05-18 15:25:32,3764.58,Healthcare,Medium,Debit Card,Success,
T00009852,M00021,2025-07-11 03:02:56,2867.97,E-commerce,Small,UPI,Success,
T00009853,M00036,2025-12-26 21:53:57,444.66,Food Delivery,Medium,UPI,Success,
T00009854,M00080,2025-06-15 06:34:51,767.47,Media,Small,Credit Card,Success,
T00009855,M00057,2025-12-20 22:08:32,13947.09,Healthcare,Medium,Credit Card,Success,
T00009856,M00020,2025-03-22 00:05:33,7964.82,Healthcare,Small,Net Banking,Success,
T00009857,M00057,2025-01-21 09:01:34,8517.63,Healthcare,Medium,Credit Card,Success,
T00009858,M00019,2025-11-24 12:33:12,5015.96,E-commerce,Medium,Wallet,Success,
T00009859,M00017,2025-12-10 14:11:46,11952.55,Professional Services,Small,Credit Card,Success,
T00009860,M00068,2025-03-17 03:49:38,1591.06,Retail,Medium,Debit Card,Success,
T00009861,M00079,2025-01-04 13:01:07,306.67,Food Delivery,Large,Credit Card,Success,
T00009862,M00077,2025-09-16 10:03:45,6404.03,Professional Services,Medium,Credit Card,Success,
T00009863,M00056,2025-12-17 12:22:59,6752.58,E-commerce,Large,Credit Card,Success,
T00009864,M00011,2025-03-25 05:35:54,4888.58,Education,Small,UPI,Success,
T00009865,M00001,2025-03-22 12:18:40,289.06,Food Delivery,Small,UPI,Success,
T00009866,M00053,2025-11-29 18:18:28,6101.85,Education,Small,Net Banking,Failed,Payment Timeout
T00009867,M00051,2025-11-06 18:32:00,4822.79,Retail,Medium,UPI,Success,
T00009868,M00029,2025-03-07 10:25:33,4036.69,Retail,Small,Debit Card,Failed,Payment Timeout
T00009869,M00046,2025-04-23 13:34:54,11857.21,Professional Services,Small,Net Banking,Success,
T00009870,M00020,2025-04-11 19:47:30,11656.81,Healthcare,Small,Net Banking,Success,
T00009871,M00092,2025-08-07 18:52:30,4017.1,Healthcare,Medium,Debit Card,Success,
T00009872,M00048,2025-06-21 01:45:19,191.68,Food Delivery,Medium,Credit Card,Success,
T00009873,M00077,2025-04-03 23:04:33,3610.11,Professional Services,Medium,Credit Card,Failed,Authentication Failure
T00009874,M00098,2025-07-04 04:09:49,7973.08,SaaS,Medium,Credit Card,Success,
T00009875,M00071,2025-01-22 20:42:41,2938.44,Retail,Small,Debit Card,Success,
T00009876,M00025,2025-09-13 08:25:06,847.42,Food Delivery,Small,UPI,Success,
T00009877,M00065,2025-07-11 15:02:55,2088.25,E-commerce,Large,Debit Card,Success,
T00009878,M00089,2025-10-22 19:41:24,7870.81,Education,Small,UPI,Success,
T00009879,M00083,2025-11-13 09:29:03,1025.37,Retail,Small,Debit Card,Success,
T00009880,M00071,2025-11-07 13:30:38,1696.93,Retail,Small,Debit Card,Success,
T00009881,M00080,2025-09-25 11:46:10,623.21,Media,Small,Credit Card,Success,
T00009882,M00012,2025-10-28 16:59:01,7063.3,SaaS,Medium,Net Banking,Success,
T00009883,M00078,2025-09-15 06:16:27,10630.55,SaaS,Medium,Net Banking,Success,
T00009884,M00092,2025-07-24 02:21:40,4227.0,Healthcare,Medium,Debit Card,Success,
T00009885,M00074,2025-10-06 10:01:51,1041.99,Gaming,Medium,Credit Card,Success,
T00009886,M00093,2025-07-24 15:27:30,7056.62,SaaS,Small,Net Banking,Success,
T00009887,M00058,2025-04-06 07:56:24,1317.14,Food Delivery,Small,UPI,Success,
T00009888,M00057,2025-07-19 17:03:25,10474.41,Healthcare,Medium,Credit Card,Success,
T00009889,M00016,2025-07-27 20:13:08,950.53,Retail,Medium,Debit Card,Success,
T00009890,M00087,2025-07-08 08:08:25,1035.98,Media,Small,Wallet,Success,
T00009891,M00068,2025-09-06 05:12:12,1398.81,Retail,Medium,Debit Card,Failed,Network Error
T00009892,M00069,2025-05-06 19:24:43,6621.45,Education,Small,Credit Card,Success,
T00009893,M00046,2025-03-26 23:27:54,10574.5,Professional Services,Small,Net Banking,Success,
T00009894,M00060,2025-05-07 09:26:56,608.31,Food Delivery,Medium,Debit Card,Success,
T00009895,M00002,2025-07-04 10:47:52,864.57,Retail,Small,UPI,Success,
T00009896,M00094,2025-03-19 22:20:37,12864.47,SaaS,Small,UPI,Success,
T00009897,M00049,2025-07-05 11:19:48,1270.26,Retail,Medium,Wallet,Success,
T00009898,M00028,2025-05-09 01:31:15,2932.17,E-commerce,Small,UPI,Success,
T00009899,M00049,2025-03-03 14:38:19,2042.48,Retail,Medium,Wallet,Success,
T00009900,M00053,2025-07-28 17:23:17,3316.22,Education,Small,Net Banking,Success,
T00009901,M00072,2025-04-18 08:33:09,1209.16,Media,Small,Credit Card,Success,
T00009902,M00021,2025-04-24 01:33:08,3324.5,E-commerce,Small,UPI,Failed,Authentication Failure
T00009903,M00007,2025-09-23 14:26:57,4505.36,Gaming,Small,Net Banking,Success,
T00009904,M00040,2025-05-06 12:43:37,6937.02,Professional Services,Small,Net Banking,Success,
T00009905,M00042,2025-11-22 20:19:50,9868.23,Healthcare,Small,Debit Card,Success,
T00009906,M00016,2025-07-11 11:16:38,862.95,Retail,Medium,Debit Card,Success,
T00009907,M00001,2025-05-10 23:07:08,407.03,Food Delivery,Small,UPI,Success,
T00009908,M00024,2025-05-04 14:42:39,1153.01,Gaming,Small,Credit Card,Success,
T00009909,M00010,2025-05-20 02:34:36,2071.87,Retail,Medium,UPI,Success,
T00009910,M00001,2025-08-26 10:26:59,260.95,Food Delivery,Small,UPI,Success,
T00009911,M00046,2025-07-25 14:15:27,11345.52,Professional Services,Small,Net Banking,Success,
T00009912,M00089,2025-12-21 18:34:35,6732.1,Education,Small,UPI,Success,
T00009913,M00035,2025-08-08 16:56:05,2423.55,Retail,Small,UPI,Success,
T00009914,M00053,2025-03-13 08:04:21,3896.49,Education,Small,Net Banking,Success,
T00009915,M00093,2025-02-12 19:40:20,5983.26,SaaS,Small,Net Banking,Success,
T00009916,M00056,2025-10-22 14:40:23,5512.04,E-commerce,Large,Credit Card,Success,
T00009917,M00037,2025-08-12 13:02:52,4170.57,Education,Medium,UPI,Success,
T00009918,M00061,2025-04-20 01:04:35,8576.01,SaaS,Medium,UPI,Success,
T00009919,M00044,2025-07-23 15:04:05,14105.6,Professional Services,Small,Net Banking,Success,
T00009920,M00001,2025-04-29 13:41:31,521.62,Food Delivery,Small,UPI,Success,
T00009921,M00001,2025-08-22 02:17:30,437.04,Food Delivery,Small,UPI,Success,
T00009922,M00100,2025-08-09 11:35:10,884.82,E-commerce,Small,UPI,Success,
T00009923,M00023,2025-10-25 14:21:40,7128.74,Healthcare,Small,Net Banking,Success,
T00009924,M00022,2025-02-02 03:52:11,596.08,Food Delivery,Small,Wallet,Success,
T00009925,M00022,2025-12-06 12:33:04,382.18,Food Delivery,Small,Wallet,Success,
T00009926,M00028,2025-03-21 05:14:35,2342.84,E-commerce,Small,UPI,Success,
T00009927,M00031,2025-04-27 12:18:55,1526.07,Media,Small,Net Banking,Success,
T00009928,M00017,2025-12-05 01:20:25,10303.13,Professional Services,Small,Credit Card,Success,
T00009929,M00002,2025-10-18 09:32:40,946.31,Retail,Small,UPI,Success,
T00009930,M00005,2025-06-05 10:33:17,38599.67,Travel,Small,Net Banking,Failed,Authentication Failure
T00009931,M00021,2025-02-10 12:23:48,3332.39,E-commerce,Small,UPI,Success,
T00009932,M00026,2025-12-09 01:11:45,1550.26,Retail,Medium,Credit Card,Success,
T00009933,M00036,2025-04-06 04:00:59,392.42,Food Delivery,Medium,UPI,Success,
T00009934,M00022,2025-12-12 20:20:59,279.84,Food Delivery,Small,Wallet,Success,
T00009935,M00069,2025-11-29 08:33:36,6252.4,Education,Small,Credit Card,Failed,Technical Error
T00009936,M00008,2025-09-30 01:16:27,20752.71,Travel,Small,Credit Card,Success,
T00009937,M00074,2025-02-22 19:55:10,1332.55,Gaming,Medium,Credit Card,Success,
T00009938,M00045,2025-12-26 07:17:29,2775.36,Media,Small,Wallet,Success,
T00009939,M00052,2025-11-05 02:10:10,21760.29,Travel,Medium,Credit Card,Success,
T00009940,M00100,2025-09-26 07:24:42,967.88,E-commerce,Small,UPI,Success,
T00009941,M00064,2025-07-26 02:37:40,8762.93,Professional Services,Large,Net Banking,Success,
T00009942,M00045,2025-09-01 07:45:05,1924.86,Media,Small,Wallet,Success,
T00009943,M00081,2025-03-01 15:19:08,469.44,Media,Small,UPI,Success,
T00009944,M00021,2025-02-03 04:50:12,1961.69,E-commerce,Small,UPI,Success,
T00009945,M00011,2025-05-19 19:21:57,10880.0,Education,Small,UPI,Success,
T00009946,M00006,2025-09-10 01:11:33,3027.7,Retail,Small,UPI,Success,
T00009947,M00032,2025-03-26 11:19:16,1178.56,Retail,Medium,Credit Card,Success,
T00009948,M00031,2025-06-26 07:28:54,1355.22,Media,Small,Net Banking,Success,
T00009949,M00036,2025-05-05 06:51:17,753.79,Food Delivery,Medium,UPI,Success,
T00009950,M00019,2025-03-12 20:01:33,4467.94,E-commerce,Medium,Wallet,Success,
T00009951,M00034,2025-03-26 11:39:29,1919.51,Gaming,Medium,Debit Card,Success,
T00009952,M00022,2025-07-18 20:10:18,372.27,Food Delivery,Small,Wallet,Success,
T00009953,M00082,2025-10-18 15:29:04,4799.18,Education,Large,Debit Card,Success,
T00009954,M00079,2025-11-20 04:37:28,282.06,Food Delivery,Large,Credit Card,Success,
T00009955,M00038,2025-07-06 14:33:45,3407.3,Education,Small,Debit Card,Success,
T00009956,M00079,2025-08-07 11:35:36,209.63,Food Delivery,Large,Credit Card,Success,
T00009957,M00067,2025-02-08 20:34:45,472.82,Food Delivery,Medium,Credit Card,Success,
T00009958,M00040,2025-05-24 19:40:54,11711.01,Professional Services,Small,Net Banking,Success,
T00009959,M00013,2025-08-11 08:53:38,2169.96,E-commerce,Small,Debit Card,Success,
T00009960,M00082,2025-04-30 03:45:35,5063.65,Education,Large,Debit Card,Success,
T00009961,M00006,2025-03-06 03:52:53,2537.19,Retail,Small,UPI,Success,
T00009962,M00076,2025-04-18 00:42:34,10588.05,Education,Small,Net Banking,Success,
T00009963,M00073,2025-03-11 01:37:01,2201.67,SaaS,Small,Net Banking,Success,
T00009964,M00057,2025-10-31 03:56:19,9303.56,Healthcare,Medium,Credit Card,Success,
T00009965,M00054,2025-09-15 11:16:06,768.28,Media,Small,Credit Card,Success,
T00009966,M00094,2025-05-17 02:56:34,10450.04,SaaS,Small,UPI,Success,
T00009967,M00072,2025-05-04 23:31:32,807.87,Media,Small,Credit Card,Success,
T00009968,M00073,2025-05-07 15:52:44,3805.96,SaaS,Small,Net Banking,Success,
T00009969,M00003,2025-08-26 23:18:35,3959.71,Education,Small,Credit Card,Success,
T00009970,M00059,2025-11-21 09:58:26,1247.77,Retail,Medium,UPI,Success,
T00009971,M00060,2025-10-25 10:06:00,408.61,Food Delivery,Medium,Debit Card,Success,
T00009972,M00098,2025-05-11 14:24:32,13529.0,SaaS,Medium,Credit Card,Success,
T00009973,M00016,2025-11-07 23:05:37,326.95,Retail,Medium,Debit Card,Success,
T00009974,M00070,2025-11-19 08:47:54,809.59,Food Delivery,Large,Debit Card,Success,
T00009975,M00011,2025-10-26 03:18:44,3791.84,Education,Small,UPI,Success,
T00009976,M00017,2025-09-27 11:55:47,6257.44,Professional Services,Small,Credit Card,Success,
T00009977,M00028,2025-12-02 23:35:10,2718.44,E-commerce,Small,UPI,Success,
T00009978,M00091,2025-07-01 05:13:29,19417.04,Professional Services,Small,Net Banking,Success,
T00009979,M00049,2025-01-20 18:55:05,1337.75,Retail,Medium,Wallet,Failed,Technical Error
T00009980,M00081,2025-04-08 23:14:39,376.07,Media,Small,UPI,Success,
T00009981,M00015,2025-11-30 12:40:23,2290.35,E-commerce,Medium,UPI,Failed,Bank Decline
T00009982,M00023,2025-09-15 13:35:12,8974.45,Healthcare,Small,Net Banking,Success,
T00009983,M00082,2025-12-14 08:42:05,4856.23,Education,Large,Debit Card,Success,
T00009984,M00029,2025-03-09 03:59:58,2507.6,Retail,Small,Debit Card,Success,
T00009985,M00006,2025-05-22 20:40:43,2175.49,Retail,Small,UPI,Success,
T00009986,M00099,2025-02-10 08:04:03,4543.86,Retail,Small,Wallet,Success,
T00009987,M00026,2025-04-15 23:58:13,1244.07,Retail,Medium,Credit Card,Success,
T00009988,M00090,2025-02-06 23:36:51,5657.76,Healthcare,Medium,Debit Card,Success,
T00009989,M00009,2025-05-08 16:37:43,976.83,Gaming,Small,Credit Card,Success,
T00009990,M00057,2025-09-16 08:01:57,7840.56,Healthcare,Medium,Credit Card,Success,
T00009991,M00098,2025-04-03 08:20:16,14691.2,SaaS,Medium,Credit Card,Failed,Network Error
T00009992,M00043,2025-08-03 15:25:21,3774.3,Professional Services,Small,Wallet,Success,
T00009993,M00035,2025-10-29 01:49:32,1563.78,Retail,Small,UPI,Failed,Network Error
T00009994,M00092,2025-07-08 17:42:10,2857.7,Healthcare,Medium,Debit Card,Success,
T00009995,M00021,2025-04-28 01:21:44,3067.2,E-commerce,Small,UPI,Success,
T00009996,M00084,2025-09-11 20:11:25,314.94,Food Delivery,Small,Net Banking,Success,
T00009997,M00076,2025-01-18 05:00:40,10428.73,Education,Small,Net Banking,Success,
T00009998,M00098,2025-12-20 01:16:14,18162.12,SaaS,Medium,Credit Card,Success,
T00009999,M00053,2025-09-06 15:47:45,4836.17,Education,Small,Net Banking,Success,
T00010000,M00003,2025-03-24 21:04:41,4693.33,Education,Small,Credit Card,Success,
